/home/zy/car_rl/code0919/.venv/lib/python3.13/site-packages/stable_baselines3/common/on_policy_algorithm.py:150: UserWarning: You are trying to run PPO on the GPU, but it is primarily intended to run on the CPU when not using a CNN policy (you are using ActorCriticPolicy which should be a MlpPolicy). See https://github.com/DLR-RM/stable-baselines3/issues/1245 for more info. You can pass `device='cpu'` or `export CUDA_VISIBLE_DEVICES=` to force using the CPU.Note: The model will train, but the GPU utilization will be poor and the training might take longer than on CPU.
  warnings.warn(
Using cuda device
Logging to ./tb_logs/PPO_1
/home/zy/car_rl/code0919/.venv/lib/python3.13/site-packages/stable_baselines3/common/callbacks.py:419: UserWarning: Training and eval env are not of the same type<stable_baselines3.common.vec_env.vec_monitor.VecMonitor object at 0x7ea3242fee40> != <stable_baselines3.common.vec_env.dummy_vec_env.DummyVecEnv object at 0x7ea3242fef90>
  warnings.warn("Training and eval env are not of the same type" f"{self.training_env} != {self.eval_env}")
---------------------------------
| rollout/           |          |
|    ep_len_mean     | 145      |
|    ep_rew_mean     | -729     |
| time/              |          |
|    fps             | 4783     |
|    iterations      | 1        |
|    time_elapsed    | 1        |
|    total_timesteps | 8192     |
---------------------------------
------------------------------------------
| rollout/                |              |
|    ep_len_mean          | 286          |
|    ep_rew_mean          | -2.08e+03    |
| time/                   |              |
|    fps                  | 3772         |
|    iterations           | 2            |
|    time_elapsed         | 4            |
|    total_timesteps      | 16384        |
| train/                  |              |
|    approx_kl            | 0.0008072534 |
|    clip_fraction        | 0.000232     |
|    clip_range           | 0.2          |
|    entropy_loss         | -1.42        |
|    explained_variance   | -0.000799    |
|    learning_rate        | 0.0003       |
|    loss                 | 2.43e+04     |
|    n_updates            | 10           |
|    policy_gradient_loss | -0.000252    |
|    std                  | 1            |
|    value_loss           | 5.41e+04     |
------------------------------------------
------------------------------------------
| rollout/                |              |
|    ep_len_mean          | 383          |
|    ep_rew_mean          | -3.2e+03     |
| time/                   |              |
|    fps                  | 3816         |
|    iterations           | 3            |
|    time_elapsed         | 6            |
|    total_timesteps      | 24576        |
| train/                  |              |
|    approx_kl            | 0.0017882574 |
|    clip_fraction        | 0.00204      |
|    clip_range           | 0.2          |
|    entropy_loss         | -1.42        |
|    explained_variance   | 0.0142       |
|    learning_rate        | 0.0003       |
|    loss                 | 3.47e+04     |
|    n_updates            | 20           |
|    policy_gradient_loss | -0.00109     |
|    std                  | 1.01         |
|    value_loss           | 7.71e+04     |
------------------------------------------
-------------------------------------------
| rollout/                |               |
|    ep_len_mean          | 530           |
|    ep_rew_mean          | -5e+03        |
| time/                   |               |
|    fps                  | 3853          |
|    iterations           | 4             |
|    time_elapsed         | 8             |
|    total_timesteps      | 32768         |
| train/                  |               |
|    approx_kl            | 0.00091503275 |
|    clip_fraction        | 0.000378      |
|    clip_range           | 0.2           |
|    entropy_loss         | -1.42         |
|    explained_variance   | 0.0111        |
|    learning_rate        | 0.0003        |
|    loss                 | 2.11e+04      |
|    n_updates            | 30            |
|    policy_gradient_loss | -0.000588     |
|    std                  | 1             |
|    value_loss           | 5.23e+04      |
-------------------------------------------
-------------------------------------------
| rollout/                |               |
|    ep_len_mean          | 498           |
|    ep_rew_mean          | -4.63e+03     |
| time/                   |               |
|    fps                  | 3857          |
|    iterations           | 5             |
|    time_elapsed         | 10            |
|    total_timesteps      | 40960         |
| train/                  |               |
|    approx_kl            | 0.00051993487 |
|    clip_fraction        | 0.000366      |
|    clip_range           | 0.2           |
|    entropy_loss         | -1.43         |
|    explained_variance   | 0.00615       |
|    learning_rate        | 0.0003        |
|    loss                 | 7.86e+03      |
|    n_updates            | 40            |
|    policy_gradient_loss | -0.000462     |
|    std                  | 1.02          |
|    value_loss           | 1.62e+04      |
-------------------------------------------
------------------------------------------
| rollout/                |              |
|    ep_len_mean          | 456          |
|    ep_rew_mean          | -3.86e+03    |
| time/                   |              |
|    fps                  | 3849         |
|    iterations           | 6            |
|    time_elapsed         | 12           |
|    total_timesteps      | 49152        |
| train/                  |              |
|    approx_kl            | 0.0005255336 |
|    clip_fraction        | 9.77e-05     |
|    clip_range           | 0.2          |
|    entropy_loss         | -1.44        |
|    explained_variance   | 0.00259      |
|    learning_rate        | 0.0003       |
|    loss                 | 4.63e+03     |
|    n_updates            | 50           |
|    policy_gradient_loss | -0.001       |
|    std                  | 1.03         |
|    value_loss           | 8.75e+03     |
------------------------------------------
------------------------------------------
| rollout/                |              |
|    ep_len_mean          | 463          |
|    ep_rew_mean          | -3.77e+03    |
| time/                   |              |
|    fps                  | 3870         |
|    iterations           | 7            |
|    time_elapsed         | 14           |
|    total_timesteps      | 57344        |
| train/                  |              |
|    approx_kl            | 0.0018820786 |
|    clip_fraction        | 0.00463      |
|    clip_range           | 0.2          |
|    entropy_loss         | -1.45        |
|    explained_variance   | 0.00173      |
|    learning_rate        | 0.0003       |
|    loss                 | 3.05e+03     |
|    n_updates            | 60           |
|    policy_gradient_loss | -0.00374     |
|    std                  | 1.03         |
|    value_loss           | 7.45e+03     |
------------------------------------------
-----------------------------------------
| rollout/                |             |
|    ep_len_mean          | 495         |
|    ep_rew_mean          | -3.69e+03   |
| time/                   |             |
|    fps                  | 3873        |
|    iterations           | 8           |
|    time_elapsed         | 16          |
|    total_timesteps      | 65536       |
| train/                  |             |
|    approx_kl            | 0.002803394 |
|    clip_fraction        | 0.00679     |
|    clip_range           | 0.2         |
|    entropy_loss         | -1.46       |
|    explained_variance   | 0.00359     |
|    learning_rate        | 0.0003      |
|    loss                 | 1.04e+03    |
|    n_updates            | 70          |
|    policy_gradient_loss | -0.000553   |
|    std                  | 1.04        |
|    value_loss           | 2.49e+03    |
-----------------------------------------
------------------------------------------
| rollout/                |              |
|    ep_len_mean          | 554          |
|    ep_rew_mean          | -3.58e+03    |
| time/                   |              |
|    fps                  | 3871         |
|    iterations           | 9            |
|    time_elapsed         | 19           |
|    total_timesteps      | 73728        |
| train/                  |              |
|    approx_kl            | 0.0016867423 |
|    clip_fraction        | 0.00317      |
|    clip_range           | 0.2          |
|    entropy_loss         | -1.46        |
|    explained_variance   | 0.000821     |
|    learning_rate        | 0.0003       |
|    loss                 | 929          |
|    n_updates            | 80           |
|    policy_gradient_loss | -0.00158     |
|    std                  | 1.05         |
|    value_loss           | 2.38e+03     |
------------------------------------------
------------------------------------------
| rollout/                |              |
|    ep_len_mean          | 566          |
|    ep_rew_mean          | -2.79e+03    |
| time/                   |              |
|    fps                  | 3882         |
|    iterations           | 10           |
|    time_elapsed         | 21           |
|    total_timesteps      | 81920        |
| train/                  |              |
|    approx_kl            | 0.0019324578 |
|    clip_fraction        | 0.0084       |
|    clip_range           | 0.2          |
|    entropy_loss         | -1.46        |
|    explained_variance   | 0.00105      |
|    learning_rate        | 0.0003       |
|    loss                 | 1.21e+03     |
|    n_updates            | 90           |
|    policy_gradient_loss | -0.000993    |
|    std                  | 1.04         |
|    value_loss           | 1.63e+03     |
------------------------------------------
-----------------------------------------
| rollout/                |             |
|    ep_len_mean          | 572         |
|    ep_rew_mean          | -2.57e+03   |
| time/                   |             |
|    fps                  | 3881        |
|    iterations           | 11          |
|    time_elapsed         | 23          |
|    total_timesteps      | 90112       |
| train/                  |             |
|    approx_kl            | 0.003889886 |
|    clip_fraction        | 0.00958     |
|    clip_range           | 0.2         |
|    entropy_loss         | -1.44       |
|    explained_variance   | 0.000405    |
|    learning_rate        | 0.0003      |
|    loss                 | 938         |
|    n_updates            | 100         |
|    policy_gradient_loss | -0.00167    |
|    std                  | 1.01        |
|    value_loss           | 1.72e+03    |
-----------------------------------------
------------------------------------------
| rollout/                |              |
|    ep_len_mean          | 581          |
|    ep_rew_mean          | -1.88e+03    |
| time/                   |              |
|    fps                  | 3883         |
|    iterations           | 12           |
|    time_elapsed         | 25           |
|    total_timesteps      | 98304        |
| train/                  |              |
|    approx_kl            | 0.0025111192 |
|    clip_fraction        | 0.0129       |
|    clip_range           | 0.2          |
|    entropy_loss         | -1.42        |
|    explained_variance   | 0.000886     |
|    learning_rate        | 0.0003       |
|    loss                 | 300          |
|    n_updates            | 110          |
|    policy_gradient_loss | -0.00116     |
|    std                  | 0.996        |
|    value_loss           | 603          |
------------------------------------------
------------------------------------------
| rollout/                |              |
|    ep_len_mean          | 602          |
|    ep_rew_mean          | -1.55e+03    |
| time/                   |              |
|    fps                  | 3881         |
|    iterations           | 13           |
|    time_elapsed         | 27           |
|    total_timesteps      | 106496       |
| train/                  |              |
|    approx_kl            | 0.0012889637 |
|    clip_fraction        | 0.017        |
|    clip_range           | 0.2          |
|    entropy_loss         | -1.41        |
|    explained_variance   | 0.00627      |
|    learning_rate        | 0.0003       |
|    loss                 | 472          |
|    n_updates            | 120          |
|    policy_gradient_loss | -0.000843    |
|    std                  | 0.996        |
|    value_loss           | 742          |
------------------------------------------
------------------------------------------
| rollout/                |              |
|    ep_len_mean          | 673          |
|    ep_rew_mean          | -1.31e+03    |
| time/                   |              |
|    fps                  | 3877         |
|    iterations           | 14           |
|    time_elapsed         | 29           |
|    total_timesteps      | 114688       |
| train/                  |              |
|    approx_kl            | 0.0015238203 |
|    clip_fraction        | 0.0156       |
|    clip_range           | 0.2          |
|    entropy_loss         | -1.42        |
|    explained_variance   | 0.0231       |
|    learning_rate        | 0.0003       |
|    loss                 | 397          |
|    n_updates            | 130          |
|    policy_gradient_loss | -0.00176     |
|    std                  | 1            |
|    value_loss           | 632          |
------------------------------------------
-----------------------------------------
| rollout/                |             |
|    ep_len_mean          | 700         |
|    ep_rew_mean          | -1.27e+03   |
| time/                   |             |
|    fps                  | 3874        |
|    iterations           | 15          |
|    time_elapsed         | 31          |
|    total_timesteps      | 122880      |
| train/                  |             |
|    approx_kl            | 0.004951662 |
|    clip_fraction        | 0.0365      |
|    clip_range           | 0.2         |
|    entropy_loss         | -1.42       |
|    explained_variance   | 0.244       |
|    learning_rate        | 0.0003      |
|    loss                 | 14.2        |
|    n_updates            | 140         |
|    policy_gradient_loss | -0.00276    |
|    std                  | 1           |
|    value_loss           | 46.1        |
-----------------------------------------
------------------------------------------
| rollout/                |              |
|    ep_len_mean          | 777          |
|    ep_rew_mean          | -1.14e+03    |
| time/                   |              |
|    fps                  | 3861         |
|    iterations           | 16           |
|    time_elapsed         | 33           |
|    total_timesteps      | 131072       |
| train/                  |              |
|    approx_kl            | 0.0046733045 |
|    clip_fraction        | 0.0322       |
|    clip_range           | 0.2          |
|    entropy_loss         | -1.42        |
|    explained_variance   | 0.0367       |
|    learning_rate        | 0.0003       |
|    loss                 | 373          |
|    n_updates            | 150          |
|    policy_gradient_loss | -0.00131     |
|    std                  | 0.998        |
|    value_loss           | 458          |
------------------------------------------
------------------------------------------
| rollout/                |              |
|    ep_len_mean          | 797          |
|    ep_rew_mean          | -994         |
| time/                   |              |
|    fps                  | 3842         |
|    iterations           | 17           |
|    time_elapsed         | 36           |
|    total_timesteps      | 139264       |
| train/                  |              |
|    approx_kl            | 0.0016107268 |
|    clip_fraction        | 0.0087       |
|    clip_range           | 0.2          |
|    entropy_loss         | -1.41        |
|    explained_variance   | 0.152        |
|    learning_rate        | 0.0003       |
|    loss                 | 346          |
|    n_updates            | 160          |
|    policy_gradient_loss | -0.00125     |
|    std                  | 0.992        |
|    value_loss           | 276          |
------------------------------------------
------------------------------------------
| rollout/                |              |
|    ep_len_mean          | 814          |
|    ep_rew_mean          | -820         |
| time/                   |              |
|    fps                  | 3828         |
|    iterations           | 18           |
|    time_elapsed         | 38           |
|    total_timesteps      | 147456       |
| train/                  |              |
|    approx_kl            | 0.0034355617 |
|    clip_fraction        | 0.0236       |
|    clip_range           | 0.2          |
|    entropy_loss         | -1.41        |
|    explained_variance   | -0.00611     |
|    learning_rate        | 0.0003       |
|    loss                 | 993          |
|    n_updates            | 170          |
|    policy_gradient_loss | -0.00224     |
|    std                  | 0.988        |
|    value_loss           | 1.33e+03     |
------------------------------------------
------------------------------------------
| rollout/                |              |
|    ep_len_mean          | 823          |
|    ep_rew_mean          | -754         |
| time/                   |              |
|    fps                  | 3832         |
|    iterations           | 19           |
|    time_elapsed         | 40           |
|    total_timesteps      | 155648       |
| train/                  |              |
|    approx_kl            | 0.0045561185 |
|    clip_fraction        | 0.0531       |
|    clip_range           | 0.2          |
|    entropy_loss         | -1.41        |
|    explained_variance   | 0.00921      |
|    learning_rate        | 0.0003       |
|    loss                 | 724          |
|    n_updates            | 180          |
|    policy_gradient_loss | -0.00433     |
|    std                  | 0.989        |
|    value_loss           | 936          |
------------------------------------------
/home/zy/car_rl/code0919/.venv/lib/python3.13/site-packages/stable_baselines3/common/evaluation.py:71: UserWarning: Evaluation environment is not wrapped with a ``Monitor`` wrapper. This may result in reporting modified episode lengths and rewards, if other wrappers happen to modify these. Consider wrapping environment first with ``Monitor`` wrapper.
  warnings.warn(
Eval num_timesteps=160000, episode_reward=-824.42 +/- 1007.70
Episode length: 1001.00 +/- 0.00
-----------------------------------------
| eval/                   |             |
|    mean_ep_length       | 1e+03       |
|    mean_reward          | -824        |
| time/                   |             |
|    total_timesteps      | 160000      |
| train/                  |             |
|    approx_kl            | 0.001722082 |
|    clip_fraction        | 0.0111      |
|    clip_range           | 0.2         |
|    entropy_loss         | -1.41       |
|    explained_variance   | 0.0516      |
|    learning_rate        | 0.0003      |
|    loss                 | 89.9        |
|    n_updates            | 190         |
|    policy_gradient_loss | -0.000927   |
|    std                  | 0.986       |
|    value_loss           | 233         |
-----------------------------------------
New best mean reward!
---------------------------------
| rollout/           |          |
|    ep_len_mean     | 834      |
|    ep_rew_mean     | -610     |
| time/              |          |
|    fps             | 3395     |
|    iterations      | 20       |
|    time_elapsed    | 48       |
|    total_timesteps | 163840   |
---------------------------------
-------------------------------------------
| rollout/                |               |
|    ep_len_mean          | 875           |
|    ep_rew_mean          | -538          |
| time/                   |               |
|    fps                  | 3412          |
|    iterations           | 21            |
|    time_elapsed         | 50            |
|    total_timesteps      | 172032        |
| train/                  |               |
|    approx_kl            | 0.00079962716 |
|    clip_fraction        | 0.00332       |
|    clip_range           | 0.2           |
|    entropy_loss         | -1.4          |
|    explained_variance   | 0.112         |
|    learning_rate        | 0.0003        |
|    loss                 | 46.8          |
|    n_updates            | 200           |
|    policy_gradient_loss | -0.00072      |
|    std                  | 0.975         |
|    value_loss           | 263           |
-------------------------------------------
-----------------------------------------
| rollout/                |             |
|    ep_len_mean          | 901         |
|    ep_rew_mean          | -447        |
| time/                   |             |
|    fps                  | 3433        |
|    iterations           | 22          |
|    time_elapsed         | 52          |
|    total_timesteps      | 180224      |
| train/                  |             |
|    approx_kl            | 0.009415155 |
|    clip_fraction        | 0.111       |
|    clip_range           | 0.2         |
|    entropy_loss         | -1.38       |
|    explained_variance   | 0.667       |
|    learning_rate        | 0.0003      |
|    loss                 | 3.58        |
|    n_updates            | 210         |
|    policy_gradient_loss | -0.00944    |
|    std                  | 0.95        |
|    value_loss           | 11.1        |
-----------------------------------------
-----------------------------------------
| rollout/                |             |
|    ep_len_mean          | 914         |
|    ep_rew_mean          | -406        |
| time/                   |             |
|    fps                  | 3451        |
|    iterations           | 23          |
|    time_elapsed         | 54          |
|    total_timesteps      | 188416      |
| train/                  |             |
|    approx_kl            | 0.010508673 |
|    clip_fraction        | 0.11        |
|    clip_range           | 0.2         |
|    entropy_loss         | -1.36       |
|    explained_variance   | 0.67        |
|    learning_rate        | 0.0003      |
|    loss                 | 18.8        |
|    n_updates            | 220         |
|    policy_gradient_loss | -0.00561    |
|    std                  | 0.933       |
|    value_loss           | 24.4        |
-----------------------------------------
----------------------------------------
| rollout/                |            |
|    ep_len_mean          | 904        |
|    ep_rew_mean          | -348       |
| time/                   |            |
|    fps                  | 3465       |
|    iterations           | 24         |
|    time_elapsed         | 56         |
|    total_timesteps      | 196608     |
| train/                  |            |
|    approx_kl            | 0.01441177 |
|    clip_fraction        | 0.139      |
|    clip_range           | 0.2        |
|    entropy_loss         | -1.33      |
|    explained_variance   | 0.679      |
|    learning_rate        | 0.0003     |
|    loss                 | 5.2        |
|    n_updates            | 230        |
|    policy_gradient_loss | -0.0121    |
|    std                  | 0.907      |
|    value_loss           | 12.3       |
----------------------------------------
------------------------------------------
| rollout/                |              |
|    ep_len_mean          | 904          |
|    ep_rew_mean          | -323         |
| time/                   |              |
|    fps                  | 3480         |
|    iterations           | 25           |
|    time_elapsed         | 58           |
|    total_timesteps      | 204800       |
| train/                  |              |
|    approx_kl            | 0.0065762275 |
|    clip_fraction        | 0.0702       |
|    clip_range           | 0.2          |
|    entropy_loss         | -1.32        |
|    explained_variance   | -0.00708     |
|    learning_rate        | 0.0003       |
|    loss                 | 329          |
|    n_updates            | 240          |
|    policy_gradient_loss | -0.00375     |
|    std                  | 0.904        |
|    value_loss           | 1.23e+03     |
------------------------------------------
-----------------------------------------
| rollout/                |             |
|    ep_len_mean          | 903         |
|    ep_rew_mean          | -296        |
| time/                   |             |
|    fps                  | 3500        |
|    iterations           | 26          |
|    time_elapsed         | 60          |
|    total_timesteps      | 212992      |
| train/                  |             |
|    approx_kl            | 0.002409058 |
|    clip_fraction        | 0.0372      |
|    clip_range           | 0.2         |
|    entropy_loss         | -1.32       |
|    explained_variance   | 0.616       |
|    learning_rate        | 0.0003      |
|    loss                 | 2.05        |
|    n_updates            | 250         |
|    policy_gradient_loss | -0.00195    |
|    std                  | 0.907       |
|    value_loss           | 7.25        |
-----------------------------------------
------------------------------------------
| rollout/                |              |
|    ep_len_mean          | 909          |
|    ep_rew_mean          | -277         |
| time/                   |              |
|    fps                  | 3512         |
|    iterations           | 27           |
|    time_elapsed         | 62           |
|    total_timesteps      | 221184       |
| train/                  |              |
|    approx_kl            | 0.0017299466 |
|    clip_fraction        | 0.0103       |
|    clip_range           | 0.2          |
|    entropy_loss         | -1.32        |
|    explained_variance   | 0.0993       |
|    learning_rate        | 0.0003       |
|    loss                 | 273          |
|    n_updates            | 260          |
|    policy_gradient_loss | -0.000594    |
|    std                  | 0.908        |
|    value_loss           | 506          |
------------------------------------------
-----------------------------------------
| rollout/                |             |
|    ep_len_mean          | 901         |
|    ep_rew_mean          | -260        |
| time/                   |             |
|    fps                  | 3524        |
|    iterations           | 28          |
|    time_elapsed         | 65          |
|    total_timesteps      | 229376      |
| train/                  |             |
|    approx_kl            | 0.008538416 |
|    clip_fraction        | 0.0819      |
|    clip_range           | 0.2         |
|    entropy_loss         | -1.32       |
|    explained_variance   | 0.789       |
|    learning_rate        | 0.0003      |
|    loss                 | 2.06        |
|    n_updates            | 270         |
|    policy_gradient_loss | -0.00662    |
|    std                  | 0.893       |
|    value_loss           | 7.18        |
-----------------------------------------
-----------------------------------------
| rollout/                |             |
|    ep_len_mean          | 903         |
|    ep_rew_mean          | -245        |
| time/                   |             |
|    fps                  | 3540        |
|    iterations           | 29          |
|    time_elapsed         | 67          |
|    total_timesteps      | 237568      |
| train/                  |             |
|    approx_kl            | 0.006190022 |
|    clip_fraction        | 0.0584      |
|    clip_range           | 0.2         |
|    entropy_loss         | -1.3        |
|    explained_variance   | 0.041       |
|    learning_rate        | 0.0003      |
|    loss                 | 643         |
|    n_updates            | 280         |
|    policy_gradient_loss | -0.00444    |
|    std                  | 0.891       |
|    value_loss           | 1.24e+03    |
-----------------------------------------
-----------------------------------------
| rollout/                |             |
|    ep_len_mean          | 915         |
|    ep_rew_mean          | -225        |
| time/                   |             |
|    fps                  | 3551        |
|    iterations           | 30          |
|    time_elapsed         | 69          |
|    total_timesteps      | 245760      |
| train/                  |             |
|    approx_kl            | 0.006211888 |
|    clip_fraction        | 0.0667      |
|    clip_range           | 0.2         |
|    entropy_loss         | -1.31       |
|    explained_variance   | 0.0855      |
|    learning_rate        | 0.0003      |
|    loss                 | 208         |
|    n_updates            | 290         |
|    policy_gradient_loss | -0.00449    |
|    std                  | 0.899       |
|    value_loss           | 248         |
-----------------------------------------
------------------------------------------
| rollout/                |              |
|    ep_len_mean          | 919          |
|    ep_rew_mean          | -218         |
| time/                   |              |
|    fps                  | 3560         |
|    iterations           | 31           |
|    time_elapsed         | 71           |
|    total_timesteps      | 253952       |
| train/                  |              |
|    approx_kl            | 0.0019672168 |
|    clip_fraction        | 0.0134       |
|    clip_range           | 0.2          |
|    entropy_loss         | -1.32        |
|    explained_variance   | 0.897        |
|    learning_rate        | 0.0003       |
|    loss                 | 0.918        |
|    n_updates            | 300          |
|    policy_gradient_loss | 0.000388     |
|    std                  | 0.911        |
|    value_loss           | 3.57         |
------------------------------------------
------------------------------------------
| rollout/                |              |
|    ep_len_mean          | 919          |
|    ep_rew_mean          | -207         |
| time/                   |              |
|    fps                  | 3572         |
|    iterations           | 32           |
|    time_elapsed         | 73           |
|    total_timesteps      | 262144       |
| train/                  |              |
|    approx_kl            | 0.0041447263 |
|    clip_fraction        | 0.0315       |
|    clip_range           | 0.2          |
|    entropy_loss         | -1.31        |
|    explained_variance   | 0.852        |
|    learning_rate        | 0.0003       |
|    loss                 | 0.374        |
|    n_updates            | 310          |
|    policy_gradient_loss | -0.0019      |
|    std                  | 0.892        |
|    value_loss           | 1.23         |
------------------------------------------
------------------------------------------
| rollout/                |              |
|    ep_len_mean          | 919          |
|    ep_rew_mean          | -202         |
| time/                   |              |
|    fps                  | 3582         |
|    iterations           | 33           |
|    time_elapsed         | 75           |
|    total_timesteps      | 270336       |
| train/                  |              |
|    approx_kl            | 0.0047262935 |
|    clip_fraction        | 0.0182       |
|    clip_range           | 0.2          |
|    entropy_loss         | -1.31        |
|    explained_variance   | 0.867        |
|    learning_rate        | 0.0003       |
|    loss                 | 0.687        |
|    n_updates            | 320          |
|    policy_gradient_loss | -0.000695    |
|    std                  | 0.898        |
|    value_loss           | 7.02         |
------------------------------------------
------------------------------------------
| rollout/                |              |
|    ep_len_mean          | 919          |
|    ep_rew_mean          | -194         |
| time/                   |              |
|    fps                  | 3593         |
|    iterations           | 34           |
|    time_elapsed         | 77           |
|    total_timesteps      | 278528       |
| train/                  |              |
|    approx_kl            | 0.0050060945 |
|    clip_fraction        | 0.0386       |
|    clip_range           | 0.2          |
|    entropy_loss         | -1.31        |
|    explained_variance   | 0.901        |
|    learning_rate        | 0.0003       |
|    loss                 | 5.65         |
|    n_updates            | 330          |
|    policy_gradient_loss | -0.000695    |
|    std                  | 0.891        |
|    value_loss           | 4.59         |
------------------------------------------
------------------------------------------
| rollout/                |              |
|    ep_len_mean          | 923          |
|    ep_rew_mean          | -188         |
| time/                   |              |
|    fps                  | 3603         |
|    iterations           | 35           |
|    time_elapsed         | 79           |
|    total_timesteps      | 286720       |
| train/                  |              |
|    approx_kl            | 0.0026022713 |
|    clip_fraction        | 0.00927      |
|    clip_range           | 0.2          |
|    entropy_loss         | -1.3         |
|    explained_variance   | 0.917        |
|    learning_rate        | 0.0003       |
|    loss                 | 0.658        |
|    n_updates            | 340          |
|    policy_gradient_loss | -0.000957    |
|    std                  | 0.889        |
|    value_loss           | 1.37         |
------------------------------------------
------------------------------------------
| rollout/                |              |
|    ep_len_mean          | 950          |
|    ep_rew_mean          | -165         |
| time/                   |              |
|    fps                  | 3612         |
|    iterations           | 36           |
|    time_elapsed         | 81           |
|    total_timesteps      | 294912       |
| train/                  |              |
|    approx_kl            | 0.0060307346 |
|    clip_fraction        | 0.017        |
|    clip_range           | 0.2          |
|    entropy_loss         | -1.29        |
|    explained_variance   | 0.949        |
|    learning_rate        | 0.0003       |
|    loss                 | 0.563        |
|    n_updates            | 350          |
|    policy_gradient_loss | -0.000253    |
|    std                  | 0.871        |
|    value_loss           | 1.25         |
------------------------------------------
------------------------------------------
| rollout/                |              |
|    ep_len_mean          | 951          |
|    ep_rew_mean          | -162         |
| time/                   |              |
|    fps                  | 3617         |
|    iterations           | 37           |
|    time_elapsed         | 83           |
|    total_timesteps      | 303104       |
| train/                  |              |
|    approx_kl            | 0.0013978161 |
|    clip_fraction        | 0.00408      |
|    clip_range           | 0.2          |
|    entropy_loss         | -1.28        |
|    explained_variance   | 0.924        |
|    learning_rate        | 0.0003       |
|    loss                 | 2.95         |
|    n_updates            | 360          |
|    policy_gradient_loss | -0.000331    |
|    std                  | 0.874        |
|    value_loss           | 6.98         |
------------------------------------------
-----------------------------------------
| rollout/                |             |
|    ep_len_mean          | 960         |
|    ep_rew_mean          | -154        |
| time/                   |             |
|    fps                  | 3626        |
|    iterations           | 38          |
|    time_elapsed         | 85          |
|    total_timesteps      | 311296      |
| train/                  |             |
|    approx_kl            | 0.003188972 |
|    clip_fraction        | 0.00459     |
|    clip_range           | 0.2         |
|    entropy_loss         | -1.28       |
|    explained_variance   | 0.173       |
|    learning_rate        | 0.0003      |
|    loss                 | 17.7        |
|    n_updates            | 370         |
|    policy_gradient_loss | -0.000214   |
|    std                  | 0.872       |
|    value_loss           | 258         |
-----------------------------------------
------------------------------------------
| rollout/                |              |
|    ep_len_mean          | 960          |
|    ep_rew_mean          | -155         |
| time/                   |              |
|    fps                  | 3633         |
|    iterations           | 39           |
|    time_elapsed         | 87           |
|    total_timesteps      | 319488       |
| train/                  |              |
|    approx_kl            | 0.0012396744 |
|    clip_fraction        | 0.012        |
|    clip_range           | 0.2          |
|    entropy_loss         | -1.28        |
|    explained_variance   | 0.947        |
|    learning_rate        | 0.0003       |
|    loss                 | 1.39         |
|    n_updates            | 380          |
|    policy_gradient_loss | -0.00094     |
|    std                  | 0.872        |
|    value_loss           | 2.52         |
------------------------------------------
/home/zy/car_rl/code0919/.venv/lib/python3.13/site-packages/stable_baselines3/common/evaluation.py:71: UserWarning: Evaluation environment is not wrapped with a ``Monitor`` wrapper. This may result in reporting modified episode lengths and rewards, if other wrappers happen to modify these. Consider wrapping environment first with ``Monitor`` wrapper.
  warnings.warn(
Eval num_timesteps=320000, episode_reward=-623.35 +/- 1069.42
Episode length: 1001.00 +/- 0.00
-----------------------------------------
| eval/                   |             |
|    mean_ep_length       | 1e+03       |
|    mean_reward          | -623        |
| time/                   |             |
|    total_timesteps      | 320000      |
| train/                  |             |
|    approx_kl            | 0.003802854 |
|    clip_fraction        | 0.043       |
|    clip_range           | 0.2         |
|    entropy_loss         | -1.28       |
|    explained_variance   | 0.965       |
|    learning_rate        | 0.0003      |
|    loss                 | 0.38        |
|    n_updates            | 390         |
|    policy_gradient_loss | -0.00348    |
|    std                  | 0.862       |
|    value_loss           | 0.961       |
-----------------------------------------
New best mean reward!
---------------------------------
| rollout/           |          |
|    ep_len_mean     | 987      |
|    ep_rew_mean     | -130     |
| time/              |          |
|    fps             | 3431     |
|    iterations      | 40       |
|    time_elapsed    | 95       |
|    total_timesteps | 327680   |
---------------------------------
-----------------------------------------
| rollout/                |             |
|    ep_len_mean          | 994         |
|    ep_rew_mean          | -120        |
| time/                   |             |
|    fps                  | 3442        |
|    iterations           | 41          |
|    time_elapsed         | 97          |
|    total_timesteps      | 335872      |
| train/                  |             |
|    approx_kl            | 0.002580862 |
|    clip_fraction        | 0.0125      |
|    clip_range           | 0.2         |
|    entropy_loss         | -1.27       |
|    explained_variance   | 0.964       |
|    learning_rate        | 0.0003      |
|    loss                 | 2.29        |
|    n_updates            | 400         |
|    policy_gradient_loss | -0.00125    |
|    std                  | 0.861       |
|    value_loss           | 4.04        |
-----------------------------------------
-----------------------------------------
| rollout/                |             |
|    ep_len_mean          | 994         |
|    ep_rew_mean          | -119        |
| time/                   |             |
|    fps                  | 3453        |
|    iterations           | 42          |
|    time_elapsed         | 99          |
|    total_timesteps      | 344064      |
| train/                  |             |
|    approx_kl            | 0.002550443 |
|    clip_fraction        | 0.0144      |
|    clip_range           | 0.2         |
|    entropy_loss         | -1.27       |
|    explained_variance   | 0.976       |
|    learning_rate        | 0.0003      |
|    loss                 | 0.683       |
|    n_updates            | 410         |
|    policy_gradient_loss | -0.00167    |
|    std                  | 0.857       |
|    value_loss           | 1.47        |
-----------------------------------------
------------------------------------------
| rollout/                |              |
|    ep_len_mean          | 994          |
|    ep_rew_mean          | -118         |
| time/                   |              |
|    fps                  | 3460         |
|    iterations           | 43           |
|    time_elapsed         | 101          |
|    total_timesteps      | 352256       |
| train/                  |              |
|    approx_kl            | 0.0029043956 |
|    clip_fraction        | 0.0227       |
|    clip_range           | 0.2          |
|    entropy_loss         | -1.25        |
|    explained_variance   | 0.966        |
|    learning_rate        | 0.0003       |
|    loss                 | 0.368        |
|    n_updates            | 420          |
|    policy_gradient_loss | 0.000191     |
|    std                  | 0.836        |
|    value_loss           | 2.32         |
------------------------------------------
------------------------------------------
| rollout/                |              |
|    ep_len_mean          | 994          |
|    ep_rew_mean          | -119         |
| time/                   |              |
|    fps                  | 3471         |
|    iterations           | 44           |
|    time_elapsed         | 103          |
|    total_timesteps      | 360448       |
| train/                  |              |
|    approx_kl            | 0.0015172767 |
|    clip_fraction        | 0.0063       |
|    clip_range           | 0.2          |
|    entropy_loss         | -1.24        |
|    explained_variance   | 0.961        |
|    learning_rate        | 0.0003       |
|    loss                 | 1.43         |
|    n_updates            | 430          |
|    policy_gradient_loss | 2.9e-05      |
|    std                  | 0.832        |
|    value_loss           | 2.94         |
------------------------------------------
-----------------------------------------
| rollout/                |             |
|    ep_len_mean          | 994         |
|    ep_rew_mean          | -118        |
| time/                   |             |
|    fps                  | 3478        |
|    iterations           | 45          |
|    time_elapsed         | 105         |
|    total_timesteps      | 368640      |
| train/                  |             |
|    approx_kl            | 0.005903172 |
|    clip_fraction        | 0.0221      |
|    clip_range           | 0.2         |
|    entropy_loss         | -1.23       |
|    explained_variance   | 0.967       |
|    learning_rate        | 0.0003      |
|    loss                 | 1.03        |
|    n_updates            | 440         |
|    policy_gradient_loss | -0.000948   |
|    std                  | 0.827       |
|    value_loss           | 2.6         |
-----------------------------------------
------------------------------------------
| rollout/                |              |
|    ep_len_mean          | 994          |
|    ep_rew_mean          | -119         |
| time/                   |              |
|    fps                  | 3486         |
|    iterations           | 46           |
|    time_elapsed         | 108          |
|    total_timesteps      | 376832       |
| train/                  |              |
|    approx_kl            | 0.0030585565 |
|    clip_fraction        | 0.0108       |
|    clip_range           | 0.2          |
|    entropy_loss         | -1.23        |
|    explained_variance   | 0.967        |
|    learning_rate        | 0.0003       |
|    loss                 | 2.09         |
|    n_updates            | 450          |
|    policy_gradient_loss | -0.00102     |
|    std                  | 0.821        |
|    value_loss           | 2.11         |
------------------------------------------
------------------------------------------
| rollout/                |              |
|    ep_len_mean          | 994          |
|    ep_rew_mean          | -125         |
| time/                   |              |
|    fps                  | 3494         |
|    iterations           | 47           |
|    time_elapsed         | 110          |
|    total_timesteps      | 385024       |
| train/                  |              |
|    approx_kl            | 0.0015984504 |
|    clip_fraction        | 0.0206       |
|    clip_range           | 0.2          |
|    entropy_loss         | -1.21        |
|    explained_variance   | 0.944        |
|    learning_rate        | 0.0003       |
|    loss                 | 0.274        |
|    n_updates            | 460          |
|    policy_gradient_loss | -0.00123     |
|    std                  | 0.812        |
|    value_loss           | 0.646        |
------------------------------------------
-----------------------------------------
| rollout/                |             |
|    ep_len_mean          | 994         |
|    ep_rew_mean          | -122        |
| time/                   |             |
|    fps                  | 3503        |
|    iterations           | 48          |
|    time_elapsed         | 112         |
|    total_timesteps      | 393216      |
| train/                  |             |
|    approx_kl            | 0.002436534 |
|    clip_fraction        | 0.00962     |
|    clip_range           | 0.2         |
|    entropy_loss         | -1.2        |
|    explained_variance   | 0.984       |
|    learning_rate        | 0.0003      |
|    loss                 | 0.439       |
|    n_updates            | 470         |
|    policy_gradient_loss | -0.0016     |
|    std                  | 0.802       |
|    value_loss           | 1.2         |
-----------------------------------------
-----------------------------------------
| rollout/                |             |
|    ep_len_mean          | 1e+03       |
|    ep_rew_mean          | -118        |
| time/                   |             |
|    fps                  | 3512        |
|    iterations           | 49          |
|    time_elapsed         | 114         |
|    total_timesteps      | 401408      |
| train/                  |             |
|    approx_kl            | 0.004184979 |
|    clip_fraction        | 0.0364      |
|    clip_range           | 0.2         |
|    entropy_loss         | -1.19       |
|    explained_variance   | 0.981       |
|    learning_rate        | 0.0003      |
|    loss                 | 0.426       |
|    n_updates            | 480         |
|    policy_gradient_loss | -0.00171    |
|    std                  | 0.796       |
|    value_loss           | 0.948       |
-----------------------------------------
-----------------------------------------
| rollout/                |             |
|    ep_len_mean          | 1e+03       |
|    ep_rew_mean          | -118        |
| time/                   |             |
|    fps                  | 3519        |
|    iterations           | 50          |
|    time_elapsed         | 116         |
|    total_timesteps      | 409600      |
| train/                  |             |
|    approx_kl            | 0.002414993 |
|    clip_fraction        | 0.00786     |
|    clip_range           | 0.2         |
|    entropy_loss         | -1.19       |
|    explained_variance   | 0.953       |
|    learning_rate        | 0.0003      |
|    loss                 | 0.332       |
|    n_updates            | 490         |
|    policy_gradient_loss | -4.51e-05   |
|    std                  | 0.79        |
|    value_loss           | 2.32        |
-----------------------------------------
------------------------------------------
| rollout/                |              |
|    ep_len_mean          | 1e+03        |
|    ep_rew_mean          | -117         |
| time/                   |              |
|    fps                  | 3526         |
|    iterations           | 51           |
|    time_elapsed         | 118          |
|    total_timesteps      | 417792       |
| train/                  |              |
|    approx_kl            | 0.0027030306 |
|    clip_fraction        | 0.0167       |
|    clip_range           | 0.2          |
|    entropy_loss         | -1.18        |
|    explained_variance   | 0.956        |
|    learning_rate        | 0.0003       |
|    loss                 | 0.276        |
|    n_updates            | 500          |
|    policy_gradient_loss | -0.000752    |
|    std                  | 0.778        |
|    value_loss           | 0.794        |
------------------------------------------
-----------------------------------------
| rollout/                |             |
|    ep_len_mean          | 1e+03       |
|    ep_rew_mean          | -113        |
| time/                   |             |
|    fps                  | 3532        |
|    iterations           | 52          |
|    time_elapsed         | 120         |
|    total_timesteps      | 425984      |
| train/                  |             |
|    approx_kl            | 0.005668794 |
|    clip_fraction        | 0.0292      |
|    clip_range           | 0.2         |
|    entropy_loss         | -1.17       |
|    explained_variance   | 0.978       |
|    learning_rate        | 0.0003      |
|    loss                 | 0.403       |
|    n_updates            | 510         |
|    policy_gradient_loss | -0.000289   |
|    std                  | 0.776       |
|    value_loss           | 1.1         |
-----------------------------------------
------------------------------------------
| rollout/                |              |
|    ep_len_mean          | 1e+03        |
|    ep_rew_mean          | -112         |
| time/                   |              |
|    fps                  | 3537         |
|    iterations           | 53           |
|    time_elapsed         | 122          |
|    total_timesteps      | 434176       |
| train/                  |              |
|    approx_kl            | 0.0021012519 |
|    clip_fraction        | 0.0172       |
|    clip_range           | 0.2          |
|    entropy_loss         | -1.16        |
|    explained_variance   | 0.985        |
|    learning_rate        | 0.0003       |
|    loss                 | 0.368        |
|    n_updates            | 520          |
|    policy_gradient_loss | -0.000312    |
|    std                  | 0.769        |
|    value_loss           | 1.09         |
------------------------------------------
------------------------------------------
| rollout/                |              |
|    ep_len_mean          | 1e+03        |
|    ep_rew_mean          | -112         |
| time/                   |              |
|    fps                  | 3544         |
|    iterations           | 54           |
|    time_elapsed         | 124          |
|    total_timesteps      | 442368       |
| train/                  |              |
|    approx_kl            | 0.0028761257 |
|    clip_fraction        | 0.0143       |
|    clip_range           | 0.2          |
|    entropy_loss         | -1.15        |
|    explained_variance   | 0.974        |
|    learning_rate        | 0.0003       |
|    loss                 | 0.375        |
|    n_updates            | 530          |
|    policy_gradient_loss | -0.000952    |
|    std                  | 0.764        |
|    value_loss           | 0.624        |
------------------------------------------
------------------------------------------
| rollout/                |              |
|    ep_len_mean          | 1e+03        |
|    ep_rew_mean          | -109         |
| time/                   |              |
|    fps                  | 3551         |
|    iterations           | 55           |
|    time_elapsed         | 126          |
|    total_timesteps      | 450560       |
| train/                  |              |
|    approx_kl            | 0.0036046521 |
|    clip_fraction        | 0.0268       |
|    clip_range           | 0.2          |
|    entropy_loss         | -1.15        |
|    explained_variance   | 0.981        |
|    learning_rate        | 0.0003       |
|    loss                 | 0.182        |
|    n_updates            | 540          |
|    policy_gradient_loss | -0.0019      |
|    std                  | 0.763        |
|    value_loss           | 0.46         |
------------------------------------------
------------------------------------------
| rollout/                |              |
|    ep_len_mean          | 1e+03        |
|    ep_rew_mean          | -107         |
| time/                   |              |
|    fps                  | 3558         |
|    iterations           | 56           |
|    time_elapsed         | 128          |
|    total_timesteps      | 458752       |
| train/                  |              |
|    approx_kl            | 0.0018849721 |
|    clip_fraction        | 0.0147       |
|    clip_range           | 0.2          |
|    entropy_loss         | -1.15        |
|    explained_variance   | 0.983        |
|    learning_rate        | 0.0003       |
|    loss                 | 0.965        |
|    n_updates            | 550          |
|    policy_gradient_loss | -0.00104     |
|    std                  | 0.769        |
|    value_loss           | 1.39         |
------------------------------------------
------------------------------------------
| rollout/                |              |
|    ep_len_mean          | 1e+03        |
|    ep_rew_mean          | -105         |
| time/                   |              |
|    fps                  | 3563         |
|    iterations           | 57           |
|    time_elapsed         | 131          |
|    total_timesteps      | 466944       |
| train/                  |              |
|    approx_kl            | 0.0015430587 |
|    clip_fraction        | 0.0156       |
|    clip_range           | 0.2          |
|    entropy_loss         | -1.15        |
|    explained_variance   | 0.968        |
|    learning_rate        | 0.0003       |
|    loss                 | 1.09         |
|    n_updates            | 560          |
|    policy_gradient_loss | 3.63e-05     |
|    std                  | 0.765        |
|    value_loss           | 0.956        |
------------------------------------------
-----------------------------------------
| rollout/                |             |
|    ep_len_mean          | 1e+03       |
|    ep_rew_mean          | -104        |
| time/                   |             |
|    fps                  | 3568        |
|    iterations           | 58          |
|    time_elapsed         | 133         |
|    total_timesteps      | 475136      |
| train/                  |             |
|    approx_kl            | 0.002061527 |
|    clip_fraction        | 0.0117      |
|    clip_range           | 0.2         |
|    entropy_loss         | -1.15       |
|    explained_variance   | 0.969       |
|    learning_rate        | 0.0003      |
|    loss                 | 1.39        |
|    n_updates            | 570         |
|    policy_gradient_loss | -0.000584   |
|    std                  | 0.763       |
|    value_loss           | 2.93        |
-----------------------------------------
Eval num_timesteps=480000, episode_reward=-289.63 +/- 305.25
Episode length: 1001.00 +/- 0.00
------------------------------------------
| eval/                   |              |
|    mean_ep_length       | 1e+03        |
|    mean_reward          | -290         |
| time/                   |              |
|    total_timesteps      | 480000       |
| train/                  |              |
|    approx_kl            | 0.0020469874 |
|    clip_fraction        | 0.00438      |
|    clip_range           | 0.2          |
|    entropy_loss         | -1.15        |
|    explained_variance   | 0.972        |
|    learning_rate        | 0.0003       |
|    loss                 | 0.341        |
|    n_updates            | 580          |
|    policy_gradient_loss | -0.000603    |
|    std                  | 0.761        |
|    value_loss           | 0.952        |
------------------------------------------
New best mean reward!
---------------------------------
| rollout/           |          |
|    ep_len_mean     | 1e+03    |
|    ep_rew_mean     | -96.6    |
| time/              |          |
|    fps             | 3435     |
|    iterations      | 59       |
|    time_elapsed    | 140      |
|    total_timesteps | 483328   |
---------------------------------
------------------------------------------
| rollout/                |              |
|    ep_len_mean          | 1e+03        |
|    ep_rew_mean          | -95.8        |
| time/                   |              |
|    fps                  | 3442         |
|    iterations           | 60           |
|    time_elapsed         | 142          |
|    total_timesteps      | 491520       |
| train/                  |              |
|    approx_kl            | 0.0035555125 |
|    clip_fraction        | 0.0139       |
|    clip_range           | 0.2          |
|    entropy_loss         | -1.14        |
|    explained_variance   | 0.983        |
|    learning_rate        | 0.0003       |
|    loss                 | 0.749        |
|    n_updates            | 590          |
|    policy_gradient_loss | -0.00137     |
|    std                  | 0.756        |
|    value_loss           | 1.71         |
------------------------------------------
------------------------------------------
| rollout/                |              |
|    ep_len_mean          | 1e+03        |
|    ep_rew_mean          | -100         |
| time/                   |              |
|    fps                  | 3449         |
|    iterations           | 61           |
|    time_elapsed         | 144          |
|    total_timesteps      | 499712       |
| train/                  |              |
|    approx_kl            | 0.0040691495 |
|    clip_fraction        | 0.0276       |
|    clip_range           | 0.2          |
|    entropy_loss         | -1.14        |
|    explained_variance   | 0.974        |
|    learning_rate        | 0.0003       |
|    loss                 | 0.413        |
|    n_updates            | 600          |
|    policy_gradient_loss | -0.00136     |
|    std                  | 0.756        |
|    value_loss           | 0.714        |
------------------------------------------
-----------------------------------------
| rollout/                |             |
|    ep_len_mean          | 1e+03       |
|    ep_rew_mean          | -100        |
| time/                   |             |
|    fps                  | 3456        |
|    iterations           | 62          |
|    time_elapsed         | 146         |
|    total_timesteps      | 507904      |
| train/                  |             |
|    approx_kl            | 0.004737108 |
|    clip_fraction        | 0.0467      |
|    clip_range           | 0.2         |
|    entropy_loss         | -1.14       |
|    explained_variance   | 0.987       |
|    learning_rate        | 0.0003      |
|    loss                 | 0.269       |
|    n_updates            | 610         |
|    policy_gradient_loss | -0.00334    |
|    std                  | 0.755       |
|    value_loss           | 1.23        |
-----------------------------------------
-----------------------------------------
| rollout/                |             |
|    ep_len_mean          | 1e+03       |
|    ep_rew_mean          | -102        |
| time/                   |             |
|    fps                  | 3463        |
|    iterations           | 63          |
|    time_elapsed         | 149         |
|    total_timesteps      | 516096      |
| train/                  |             |
|    approx_kl            | 0.003463591 |
|    clip_fraction        | 0.0417      |
|    clip_range           | 0.2         |
|    entropy_loss         | -1.14       |
|    explained_variance   | 0.962       |
|    learning_rate        | 0.0003      |
|    loss                 | 0.193       |
|    n_updates            | 620         |
|    policy_gradient_loss | -0.00384    |
|    std                  | 0.761       |
|    value_loss           | 0.444       |
-----------------------------------------
------------------------------------------
| rollout/                |              |
|    ep_len_mean          | 1e+03        |
|    ep_rew_mean          | -103         |
| time/                   |              |
|    fps                  | 3469         |
|    iterations           | 64           |
|    time_elapsed         | 151          |
|    total_timesteps      | 524288       |
| train/                  |              |
|    approx_kl            | 0.0042577046 |
|    clip_fraction        | 0.0243       |
|    clip_range           | 0.2          |
|    entropy_loss         | -1.15        |
|    explained_variance   | 0.966        |
|    learning_rate        | 0.0003       |
|    loss                 | 0.21         |
|    n_updates            | 630          |
|    policy_gradient_loss | -0.0011      |
|    std                  | 0.763        |
|    value_loss           | 0.498        |
------------------------------------------
------------------------------------------
| rollout/                |              |
|    ep_len_mean          | 1e+03        |
|    ep_rew_mean          | -106         |
| time/                   |              |
|    fps                  | 3473         |
|    iterations           | 65           |
|    time_elapsed         | 153          |
|    total_timesteps      | 532480       |
| train/                  |              |
|    approx_kl            | 0.0017614453 |
|    clip_fraction        | 0.0179       |
|    clip_range           | 0.2          |
|    entropy_loss         | -1.14        |
|    explained_variance   | 0.981        |
|    learning_rate        | 0.0003       |
|    loss                 | 0.194        |
|    n_updates            | 640          |
|    policy_gradient_loss | -0.00183     |
|    std                  | 0.755        |
|    value_loss           | 0.52         |
------------------------------------------
------------------------------------------
| rollout/                |              |
|    ep_len_mean          | 1e+03        |
|    ep_rew_mean          | -105         |
| time/                   |              |
|    fps                  | 3479         |
|    iterations           | 66           |
|    time_elapsed         | 155          |
|    total_timesteps      | 540672       |
| train/                  |              |
|    approx_kl            | 0.0019070553 |
|    clip_fraction        | 0.00975      |
|    clip_range           | 0.2          |
|    entropy_loss         | -1.14        |
|    explained_variance   | 0.988        |
|    learning_rate        | 0.0003       |
|    loss                 | 0.399        |
|    n_updates            | 650          |
|    policy_gradient_loss | -0.000461    |
|    std                  | 0.757        |
|    value_loss           | 0.829        |
------------------------------------------
------------------------------------------
| rollout/                |              |
|    ep_len_mean          | 1e+03        |
|    ep_rew_mean          | -102         |
| time/                   |              |
|    fps                  | 3486         |
|    iterations           | 67           |
|    time_elapsed         | 157          |
|    total_timesteps      | 548864       |
| train/                  |              |
|    approx_kl            | 0.0038546675 |
|    clip_fraction        | 0.0285       |
|    clip_range           | 0.2          |
|    entropy_loss         | -1.14        |
|    explained_variance   | 0.978        |
|    learning_rate        | 0.0003       |
|    loss                 | 0.168        |
|    n_updates            | 660          |
|    policy_gradient_loss | -0.00175     |
|    std                  | 0.755        |
|    value_loss           | 0.383        |
------------------------------------------
------------------------------------------
| rollout/                |              |
|    ep_len_mean          | 1e+03        |
|    ep_rew_mean          | -99.4        |
| time/                   |              |
|    fps                  | 3490         |
|    iterations           | 68           |
|    time_elapsed         | 159          |
|    total_timesteps      | 557056       |
| train/                  |              |
|    approx_kl            | 0.0023236217 |
|    clip_fraction        | 0.00885      |
|    clip_range           | 0.2          |
|    entropy_loss         | -1.14        |
|    explained_variance   | 0.985        |
|    learning_rate        | 0.0003       |
|    loss                 | 0.477        |
|    n_updates            | 670          |
|    policy_gradient_loss | -0.000814    |
|    std                  | 0.758        |
|    value_loss           | 1.4          |
------------------------------------------
------------------------------------------
| rollout/                |              |
|    ep_len_mean          | 1e+03        |
|    ep_rew_mean          | -102         |
| time/                   |              |
|    fps                  | 3494         |
|    iterations           | 69           |
|    time_elapsed         | 161          |
|    total_timesteps      | 565248       |
| train/                  |              |
|    approx_kl            | 0.0022582845 |
|    clip_fraction        | 0.00835      |
|    clip_range           | 0.2          |
|    entropy_loss         | -1.14        |
|    explained_variance   | 0.98         |
|    learning_rate        | 0.0003       |
|    loss                 | 0.15         |
|    n_updates            | 680          |
|    policy_gradient_loss | -0.000439    |
|    std                  | 0.753        |
|    value_loss           | 0.45         |
------------------------------------------
------------------------------------------
| rollout/                |              |
|    ep_len_mean          | 1e+03        |
|    ep_rew_mean          | -102         |
| time/                   |              |
|    fps                  | 3500         |
|    iterations           | 70           |
|    time_elapsed         | 163          |
|    total_timesteps      | 573440       |
| train/                  |              |
|    approx_kl            | 0.0018510404 |
|    clip_fraction        | 0.0137       |
|    clip_range           | 0.2          |
|    entropy_loss         | -1.14        |
|    explained_variance   | 0.985        |
|    learning_rate        | 0.0003       |
|    loss                 | 0.444        |
|    n_updates            | 690          |
|    policy_gradient_loss | -0.00159     |
|    std                  | 0.756        |
|    value_loss           | 0.928        |
------------------------------------------
------------------------------------------
| rollout/                |              |
|    ep_len_mean          | 1e+03        |
|    ep_rew_mean          | -102         |
| time/                   |              |
|    fps                  | 3504         |
|    iterations           | 71           |
|    time_elapsed         | 165          |
|    total_timesteps      | 581632       |
| train/                  |              |
|    approx_kl            | 0.0036588318 |
|    clip_fraction        | 0.0336       |
|    clip_range           | 0.2          |
|    entropy_loss         | -1.14        |
|    explained_variance   | 0.977        |
|    learning_rate        | 0.0003       |
|    loss                 | 0.178        |
|    n_updates            | 700          |
|    policy_gradient_loss | -0.00122     |
|    std                  | 0.751        |
|    value_loss           | 0.555        |
------------------------------------------
---------------------------------------
| rollout/                |           |
|    ep_len_mean          | 1e+03     |
|    ep_rew_mean          | -101      |
| time/                   |           |
|    fps                  | 3510      |
|    iterations           | 72        |
|    time_elapsed         | 168       |
|    total_timesteps      | 589824    |
| train/                  |           |
|    approx_kl            | 0.0030294 |
|    clip_fraction        | 0.0129    |
|    clip_range           | 0.2       |
|    entropy_loss         | -1.12     |
|    explained_variance   | 0.972     |
|    learning_rate        | 0.0003    |
|    loss                 | 0.144     |
|    n_updates            | 710       |
|    policy_gradient_loss | -0.0019   |
|    std                  | 0.739     |
|    value_loss           | 0.507     |
---------------------------------------
-----------------------------------------
| rollout/                |             |
|    ep_len_mean          | 1e+03       |
|    ep_rew_mean          | -98         |
| time/                   |             |
|    fps                  | 3513        |
|    iterations           | 73          |
|    time_elapsed         | 170         |
|    total_timesteps      | 598016      |
| train/                  |             |
|    approx_kl            | 0.002188649 |
|    clip_fraction        | 0.00753     |
|    clip_range           | 0.2         |
|    entropy_loss         | -1.11       |
|    explained_variance   | 0.989       |
|    learning_rate        | 0.0003      |
|    loss                 | 0.424       |
|    n_updates            | 720         |
|    policy_gradient_loss | 0.000106    |
|    std                  | 0.733       |
|    value_loss           | 0.635       |
-----------------------------------------
------------------------------------------
| rollout/                |              |
|    ep_len_mean          | 1e+03        |
|    ep_rew_mean          | -96.2        |
| time/                   |              |
|    fps                  | 3517         |
|    iterations           | 74           |
|    time_elapsed         | 172          |
|    total_timesteps      | 606208       |
| train/                  |              |
|    approx_kl            | 0.0017273002 |
|    clip_fraction        | 0.0149       |
|    clip_range           | 0.2          |
|    entropy_loss         | -1.11        |
|    explained_variance   | 0.98         |
|    learning_rate        | 0.0003       |
|    loss                 | 0.813        |
|    n_updates            | 730          |
|    policy_gradient_loss | -0.000179    |
|    std                  | 0.733        |
|    value_loss           | 1.37         |
------------------------------------------
------------------------------------------
| rollout/                |              |
|    ep_len_mean          | 1e+03        |
|    ep_rew_mean          | -88.1        |
| time/                   |              |
|    fps                  | 3519         |
|    iterations           | 75           |
|    time_elapsed         | 174          |
|    total_timesteps      | 614400       |
| train/                  |              |
|    approx_kl            | 0.0022112257 |
|    clip_fraction        | 0.00944      |
|    clip_range           | 0.2          |
|    entropy_loss         | -1.1         |
|    explained_variance   | 0.976        |
|    learning_rate        | 0.0003       |
|    loss                 | 0.208        |
|    n_updates            | 740          |
|    policy_gradient_loss | -0.000468    |
|    std                  | 0.727        |
|    value_loss           | 0.424        |
------------------------------------------
------------------------------------------
| rollout/                |              |
|    ep_len_mean          | 1e+03        |
|    ep_rew_mean          | -90.9        |
| time/                   |              |
|    fps                  | 3521         |
|    iterations           | 76           |
|    time_elapsed         | 176          |
|    total_timesteps      | 622592       |
| train/                  |              |
|    approx_kl            | 0.0011000602 |
|    clip_fraction        | 0.0148       |
|    clip_range           | 0.2          |
|    entropy_loss         | -1.1         |
|    explained_variance   | 0.974        |
|    learning_rate        | 0.0003       |
|    loss                 | 0.713        |
|    n_updates            | 750          |
|    policy_gradient_loss | -0.000265    |
|    std                  | 0.726        |
|    value_loss           | 1.71         |
------------------------------------------
------------------------------------------
| rollout/                |              |
|    ep_len_mean          | 1e+03        |
|    ep_rew_mean          | -89.8        |
| time/                   |              |
|    fps                  | 3526         |
|    iterations           | 77           |
|    time_elapsed         | 178          |
|    total_timesteps      | 630784       |
| train/                  |              |
|    approx_kl            | 0.0040167784 |
|    clip_fraction        | 0.0263       |
|    clip_range           | 0.2          |
|    entropy_loss         | -1.09        |
|    explained_variance   | 0.99         |
|    learning_rate        | 0.0003       |
|    loss                 | 0.279        |
|    n_updates            | 760          |
|    policy_gradient_loss | -0.00088     |
|    std                  | 0.718        |
|    value_loss           | 0.646        |
------------------------------------------
------------------------------------------
| rollout/                |              |
|    ep_len_mean          | 1e+03        |
|    ep_rew_mean          | -89.3        |
| time/                   |              |
|    fps                  | 3529         |
|    iterations           | 78           |
|    time_elapsed         | 181          |
|    total_timesteps      | 638976       |
| train/                  |              |
|    approx_kl            | 0.0034643405 |
|    clip_fraction        | 0.012        |
|    clip_range           | 0.2          |
|    entropy_loss         | -1.09        |
|    explained_variance   | 0.977        |
|    learning_rate        | 0.0003       |
|    loss                 | 0.272        |
|    n_updates            | 770          |
|    policy_gradient_loss | -0.00125     |
|    std                  | 0.717        |
|    value_loss           | 0.988        |
------------------------------------------
Eval num_timesteps=640000, episode_reward=-747.55 +/- 589.38
Episode length: 1001.00 +/- 0.00
-----------------------------------------
| eval/                   |             |
|    mean_ep_length       | 1e+03       |
|    mean_reward          | -748        |
| time/                   |             |
|    total_timesteps      | 640000      |
| train/                  |             |
|    approx_kl            | 0.003567296 |
|    clip_fraction        | 0.0133      |
|    clip_range           | 0.2         |
|    entropy_loss         | -1.08       |
|    explained_variance   | 0.976       |
|    learning_rate        | 0.0003      |
|    loss                 | 0.177       |
|    n_updates            | 780         |
|    policy_gradient_loss | -0.000441   |
|    std                  | 0.712       |
|    value_loss           | 0.492       |
-----------------------------------------
---------------------------------
| rollout/           |          |
|    ep_len_mean     | 1e+03    |
|    ep_rew_mean     | -95.8    |
| time/              |          |
|    fps             | 3432     |
|    iterations      | 79       |
|    time_elapsed    | 188      |
|    total_timesteps | 647168   |
---------------------------------
------------------------------------------
| rollout/                |              |
|    ep_len_mean          | 1e+03        |
|    ep_rew_mean          | -97.6        |
| time/                   |              |
|    fps                  | 3436         |
|    iterations           | 80           |
|    time_elapsed         | 190          |
|    total_timesteps      | 655360       |
| train/                  |              |
|    approx_kl            | 0.0038678772 |
|    clip_fraction        | 0.0329       |
|    clip_range           | 0.2          |
|    entropy_loss         | -1.08        |
|    explained_variance   | 0.982        |
|    learning_rate        | 0.0003       |
|    loss                 | 0.166        |
|    n_updates            | 790          |
|    policy_gradient_loss | -0.00178     |
|    std                  | 0.708        |
|    value_loss           | 0.362        |
------------------------------------------
------------------------------------------
| rollout/                |              |
|    ep_len_mean          | 1e+03        |
|    ep_rew_mean          | -94          |
| time/                   |              |
|    fps                  | 3440         |
|    iterations           | 81           |
|    time_elapsed         | 192          |
|    total_timesteps      | 663552       |
| train/                  |              |
|    approx_kl            | 0.0021177295 |
|    clip_fraction        | 0.00476      |
|    clip_range           | 0.2          |
|    entropy_loss         | -1.07        |
|    explained_variance   | 0.978        |
|    learning_rate        | 0.0003       |
|    loss                 | 0.396        |
|    n_updates            | 800          |
|    policy_gradient_loss | -0.000112    |
|    std                  | 0.708        |
|    value_loss           | 0.913        |
------------------------------------------
------------------------------------------
| rollout/                |              |
|    ep_len_mean          | 1e+03        |
|    ep_rew_mean          | -95.2        |
| time/                   |              |
|    fps                  | 3443         |
|    iterations           | 82           |
|    time_elapsed         | 195          |
|    total_timesteps      | 671744       |
| train/                  |              |
|    approx_kl            | 0.0033472162 |
|    clip_fraction        | 0.0268       |
|    clip_range           | 0.2          |
|    entropy_loss         | -1.07        |
|    explained_variance   | 0.975        |
|    learning_rate        | 0.0003       |
|    loss                 | 0.226        |
|    n_updates            | 810          |
|    policy_gradient_loss | -0.00163     |
|    std                  | 0.706        |
|    value_loss           | 0.662        |
------------------------------------------
------------------------------------------
| rollout/                |              |
|    ep_len_mean          | 1e+03        |
|    ep_rew_mean          | -89.9        |
| time/                   |              |
|    fps                  | 3447         |
|    iterations           | 83           |
|    time_elapsed         | 197          |
|    total_timesteps      | 679936       |
| train/                  |              |
|    approx_kl            | 0.0033104117 |
|    clip_fraction        | 0.0151       |
|    clip_range           | 0.2          |
|    entropy_loss         | -1.07        |
|    explained_variance   | 0.98         |
|    learning_rate        | 0.0003       |
|    loss                 | 0.183        |
|    n_updates            | 820          |
|    policy_gradient_loss | -0.000591    |
|    std                  | 0.701        |
|    value_loss           | 0.378        |
------------------------------------------
------------------------------------------
| rollout/                |              |
|    ep_len_mean          | 1e+03        |
|    ep_rew_mean          | -92.7        |
| time/                   |              |
|    fps                  | 3451         |
|    iterations           | 84           |
|    time_elapsed         | 199          |
|    total_timesteps      | 688128       |
| train/                  |              |
|    approx_kl            | 0.0034803469 |
|    clip_fraction        | 0.0204       |
|    clip_range           | 0.2          |
|    entropy_loss         | -1.06        |
|    explained_variance   | 0.984        |
|    learning_rate        | 0.0003       |
|    loss                 | 0.503        |
|    n_updates            | 830          |
|    policy_gradient_loss | -0.000643    |
|    std                  | 0.698        |
|    value_loss           | 1.1          |
------------------------------------------
------------------------------------------
| rollout/                |              |
|    ep_len_mean          | 1e+03        |
|    ep_rew_mean          | -88.8        |
| time/                   |              |
|    fps                  | 3456         |
|    iterations           | 85           |
|    time_elapsed         | 201          |
|    total_timesteps      | 696320       |
| train/                  |              |
|    approx_kl            | 0.0053322604 |
|    clip_fraction        | 0.0253       |
|    clip_range           | 0.2          |
|    entropy_loss         | -1.06        |
|    explained_variance   | 0.984        |
|    learning_rate        | 0.0003       |
|    loss                 | 0.34         |
|    n_updates            | 840          |
|    policy_gradient_loss | -0.000853    |
|    std                  | 0.701        |
|    value_loss           | 0.606        |
------------------------------------------
-----------------------------------------
| rollout/                |             |
|    ep_len_mean          | 1e+03       |
|    ep_rew_mean          | -88         |
| time/                   |             |
|    fps                  | 3461        |
|    iterations           | 86          |
|    time_elapsed         | 203         |
|    total_timesteps      | 704512      |
| train/                  |             |
|    approx_kl            | 0.004148072 |
|    clip_fraction        | 0.0366      |
|    clip_range           | 0.2         |
|    entropy_loss         | -1.06       |
|    explained_variance   | 0.982       |
|    learning_rate        | 0.0003      |
|    loss                 | 0.225       |
|    n_updates            | 850         |
|    policy_gradient_loss | -0.00115    |
|    std                  | 0.703       |
|    value_loss           | 0.474       |
-----------------------------------------
------------------------------------------
| rollout/                |              |
|    ep_len_mean          | 1e+03        |
|    ep_rew_mean          | -92.6        |
| time/                   |              |
|    fps                  | 3466         |
|    iterations           | 87           |
|    time_elapsed         | 205          |
|    total_timesteps      | 712704       |
| train/                  |              |
|    approx_kl            | 0.0024843025 |
|    clip_fraction        | 0.0154       |
|    clip_range           | 0.2          |
|    entropy_loss         | -1.07        |
|    explained_variance   | 0.965        |
|    learning_rate        | 0.0003       |
|    loss                 | 0.372        |
|    n_updates            | 860          |
|    policy_gradient_loss | -0.00358     |
|    std                  | 0.706        |
|    value_loss           | 1.53         |
------------------------------------------
-----------------------------------------
| rollout/                |             |
|    ep_len_mean          | 1e+03       |
|    ep_rew_mean          | -87.6       |
| time/                   |             |
|    fps                  | 3470        |
|    iterations           | 88          |
|    time_elapsed         | 207         |
|    total_timesteps      | 720896      |
| train/                  |             |
|    approx_kl            | 0.002249149 |
|    clip_fraction        | 0.0201      |
|    clip_range           | 0.2         |
|    entropy_loss         | -1.07       |
|    explained_variance   | 0.981       |
|    learning_rate        | 0.0003      |
|    loss                 | 1.54        |
|    n_updates            | 870         |
|    policy_gradient_loss | -0.00151    |
|    std                  | 0.707       |
|    value_loss           | 1.46        |
-----------------------------------------
------------------------------------------
| rollout/                |              |
|    ep_len_mean          | 1e+03        |
|    ep_rew_mean          | -87.8        |
| time/                   |              |
|    fps                  | 3474         |
|    iterations           | 89           |
|    time_elapsed         | 209          |
|    total_timesteps      | 729088       |
| train/                  |              |
|    approx_kl            | 0.0024819844 |
|    clip_fraction        | 0.0209       |
|    clip_range           | 0.2          |
|    entropy_loss         | -1.07        |
|    explained_variance   | 0.984        |
|    learning_rate        | 0.0003       |
|    loss                 | 0.237        |
|    n_updates            | 880          |
|    policy_gradient_loss | -0.00129     |
|    std                  | 0.704        |
|    value_loss           | 0.573        |
------------------------------------------
------------------------------------------
| rollout/                |              |
|    ep_len_mean          | 1e+03        |
|    ep_rew_mean          | -89.6        |
| time/                   |              |
|    fps                  | 3477         |
|    iterations           | 90           |
|    time_elapsed         | 211          |
|    total_timesteps      | 737280       |
| train/                  |              |
|    approx_kl            | 0.0026429226 |
|    clip_fraction        | 0.0186       |
|    clip_range           | 0.2          |
|    entropy_loss         | -1.07        |
|    explained_variance   | 0.991        |
|    learning_rate        | 0.0003       |
|    loss                 | 0.194        |
|    n_updates            | 890          |
|    policy_gradient_loss | -0.000504    |
|    std                  | 0.711        |
|    value_loss           | 0.401        |
------------------------------------------
------------------------------------------
| rollout/                |              |
|    ep_len_mean          | 1e+03        |
|    ep_rew_mean          | -83.6        |
| time/                   |              |
|    fps                  | 3482         |
|    iterations           | 91           |
|    time_elapsed         | 214          |
|    total_timesteps      | 745472       |
| train/                  |              |
|    approx_kl            | 0.0027533025 |
|    clip_fraction        | 0.0152       |
|    clip_range           | 0.2          |
|    entropy_loss         | -1.08        |
|    explained_variance   | 0.975        |
|    learning_rate        | 0.0003       |
|    loss                 | 0.444        |
|    n_updates            | 900          |
|    policy_gradient_loss | 0.000166     |
|    std                  | 0.708        |
|    value_loss           | 1.12         |
------------------------------------------
-------------------------------------------
| rollout/                |               |
|    ep_len_mean          | 1e+03         |
|    ep_rew_mean          | -82.5         |
| time/                   |               |
|    fps                  | 3485          |
|    iterations           | 92            |
|    time_elapsed         | 216           |
|    total_timesteps      | 753664        |
| train/                  |               |
|    approx_kl            | 0.00060634397 |
|    clip_fraction        | 0.00896       |
|    clip_range           | 0.2           |
|    entropy_loss         | -1.07         |
|    explained_variance   | 0.957         |
|    learning_rate        | 0.0003        |
|    loss                 | 0.193         |
|    n_updates            | 910           |
|    policy_gradient_loss | 0.000284      |
|    std                  | 0.706         |
|    value_loss           | 0.635         |
-------------------------------------------
-----------------------------------------
| rollout/                |             |
|    ep_len_mean          | 1e+03       |
|    ep_rew_mean          | -82.5       |
| time/                   |             |
|    fps                  | 3489        |
|    iterations           | 93          |
|    time_elapsed         | 218         |
|    total_timesteps      | 761856      |
| train/                  |             |
|    approx_kl            | 0.001935804 |
|    clip_fraction        | 0.00763     |
|    clip_range           | 0.2         |
|    entropy_loss         | -1.07       |
|    explained_variance   | 0.966       |
|    learning_rate        | 0.0003      |
|    loss                 | 1.5         |
|    n_updates            | 920         |
|    policy_gradient_loss | -0.000149   |
|    std                  | 0.707       |
|    value_loss           | 1.91        |
-----------------------------------------
------------------------------------------
| rollout/                |              |
|    ep_len_mean          | 1e+03        |
|    ep_rew_mean          | -81.3        |
| time/                   |              |
|    fps                  | 3493         |
|    iterations           | 94           |
|    time_elapsed         | 220          |
|    total_timesteps      | 770048       |
| train/                  |              |
|    approx_kl            | 0.0015298604 |
|    clip_fraction        | 0.0123       |
|    clip_range           | 0.2          |
|    entropy_loss         | -1.07        |
|    explained_variance   | 0.981        |
|    learning_rate        | 0.0003       |
|    loss                 | 0.153        |
|    n_updates            | 930          |
|    policy_gradient_loss | 0.000253     |
|    std                  | 0.707        |
|    value_loss           | 0.675        |
------------------------------------------
------------------------------------------
| rollout/                |              |
|    ep_len_mean          | 1e+03        |
|    ep_rew_mean          | -83.6        |
| time/                   |              |
|    fps                  | 3496         |
|    iterations           | 95           |
|    time_elapsed         | 222          |
|    total_timesteps      | 778240       |
| train/                  |              |
|    approx_kl            | 0.0038518114 |
|    clip_fraction        | 0.0148       |
|    clip_range           | 0.2          |
|    entropy_loss         | -1.07        |
|    explained_variance   | 0.981        |
|    learning_rate        | 0.0003       |
|    loss                 | 0.254        |
|    n_updates            | 940          |
|    policy_gradient_loss | -0.000201    |
|    std                  | 0.7          |
|    value_loss           | 0.541        |
------------------------------------------
------------------------------------------
| rollout/                |              |
|    ep_len_mean          | 1e+03        |
|    ep_rew_mean          | -85.2        |
| time/                   |              |
|    fps                  | 3499         |
|    iterations           | 96           |
|    time_elapsed         | 224          |
|    total_timesteps      | 786432       |
| train/                  |              |
|    approx_kl            | 0.0009097831 |
|    clip_fraction        | 0.0168       |
|    clip_range           | 0.2          |
|    entropy_loss         | -1.06        |
|    explained_variance   | 0.987        |
|    learning_rate        | 0.0003       |
|    loss                 | 0.495        |
|    n_updates            | 950          |
|    policy_gradient_loss | -0.000555    |
|    std                  | 0.698        |
|    value_loss           | 1.25         |
------------------------------------------
-------------------------------------------
| rollout/                |               |
|    ep_len_mean          | 992           |
|    ep_rew_mean          | -92.5         |
| time/                   |               |
|    fps                  | 3501          |
|    iterations           | 97            |
|    time_elapsed         | 226           |
|    total_timesteps      | 794624        |
| train/                  |               |
|    approx_kl            | 0.00081466744 |
|    clip_fraction        | 0.0049        |
|    clip_range           | 0.2           |
|    entropy_loss         | -1.06         |
|    explained_variance   | 0.974         |
|    learning_rate        | 0.0003        |
|    loss                 | 0.371         |
|    n_updates            | 960           |
|    policy_gradient_loss | -0.000138     |
|    std                  | 0.696         |
|    value_loss           | 1.92          |
-------------------------------------------
Eval num_timesteps=800000, episode_reward=-822.73 +/- 755.20
Episode length: 813.60 +/- 374.80
-----------------------------------------
| eval/                   |             |
|    mean_ep_length       | 814         |
|    mean_reward          | -823        |
| time/                   |             |
|    total_timesteps      | 800000      |
| train/                  |             |
|    approx_kl            | 0.000557965 |
|    clip_fraction        | 0.000549    |
|    clip_range           | 0.2         |
|    entropy_loss         | -1.06       |
|    explained_variance   | 0.109       |
|    learning_rate        | 0.0003      |
|    loss                 | 10.9        |
|    n_updates            | 970         |
|    policy_gradient_loss | -0.000644   |
|    std                  | 0.697       |
|    value_loss           | 254         |
-----------------------------------------
---------------------------------
| rollout/           |          |
|    ep_len_mean     | 992      |
|    ep_rew_mean     | -92.9    |
| time/              |          |
|    fps             | 3437     |
|    iterations      | 98       |
|    time_elapsed    | 233      |
|    total_timesteps | 802816   |
---------------------------------
------------------------------------------
| rollout/                |              |
|    ep_len_mean          | 992          |
|    ep_rew_mean          | -92.7        |
| time/                   |              |
|    fps                  | 3441         |
|    iterations           | 99           |
|    time_elapsed         | 235          |
|    total_timesteps      | 811008       |
| train/                  |              |
|    approx_kl            | 0.0024488526 |
|    clip_fraction        | 0.0125       |
|    clip_range           | 0.2          |
|    entropy_loss         | -1.05        |
|    explained_variance   | 0.948        |
|    learning_rate        | 0.0003       |
|    loss                 | 0.451        |
|    n_updates            | 980          |
|    policy_gradient_loss | -0.000454    |
|    std                  | 0.691        |
|    value_loss           | 1.25         |
------------------------------------------
-----------------------------------------
| rollout/                |             |
|    ep_len_mean          | 992         |
|    ep_rew_mean          | -94.5       |
| time/                   |             |
|    fps                  | 3445        |
|    iterations           | 100         |
|    time_elapsed         | 237         |
|    total_timesteps      | 819200      |
| train/                  |             |
|    approx_kl            | 0.002681824 |
|    clip_fraction        | 0.012       |
|    clip_range           | 0.2         |
|    entropy_loss         | -1.05       |
|    explained_variance   | 0.933       |
|    learning_rate        | 0.0003      |
|    loss                 | 0.24        |
|    n_updates            | 990         |
|    policy_gradient_loss | -0.000302   |
|    std                  | 0.686       |
|    value_loss           | 1           |
-----------------------------------------
-------------------------------------------
| rollout/                |               |
|    ep_len_mean          | 992           |
|    ep_rew_mean          | -95.1         |
| time/                   |               |
|    fps                  | 3448          |
|    iterations           | 101           |
|    time_elapsed         | 239           |
|    total_timesteps      | 827392        |
| train/                  |               |
|    approx_kl            | 0.00056323817 |
|    clip_fraction        | 0.0141        |
|    clip_range           | 0.2           |
|    entropy_loss         | -1.05         |
|    explained_variance   | 0.967         |
|    learning_rate        | 0.0003        |
|    loss                 | 0.904         |
|    n_updates            | 1000          |
|    policy_gradient_loss | -0.00087      |
|    std                  | 0.692         |
|    value_loss           | 3.34          |
-------------------------------------------
------------------------------------------
| rollout/                |              |
|    ep_len_mean          | 992          |
|    ep_rew_mean          | -89.3        |
| time/                   |              |
|    fps                  | 3450         |
|    iterations           | 102          |
|    time_elapsed         | 242          |
|    total_timesteps      | 835584       |
| train/                  |              |
|    approx_kl            | 0.0034572773 |
|    clip_fraction        | 0.019        |
|    clip_range           | 0.2          |
|    entropy_loss         | -1.05        |
|    explained_variance   | 0.94         |
|    learning_rate        | 0.0003       |
|    loss                 | 0.375        |
|    n_updates            | 1010         |
|    policy_gradient_loss | -0.000352    |
|    std                  | 0.696        |
|    value_loss           | 0.99         |
------------------------------------------
------------------------------------------
| rollout/                |              |
|    ep_len_mean          | 992          |
|    ep_rew_mean          | -90.1        |
| time/                   |              |
|    fps                  | 3453         |
|    iterations           | 103          |
|    time_elapsed         | 244          |
|    total_timesteps      | 843776       |
| train/                  |              |
|    approx_kl            | 0.0020412903 |
|    clip_fraction        | 0.0157       |
|    clip_range           | 0.2          |
|    entropy_loss         | -1.06        |
|    explained_variance   | 0.981        |
|    learning_rate        | 0.0003       |
|    loss                 | 0.557        |
|    n_updates            | 1020         |
|    policy_gradient_loss | -0.000154    |
|    std                  | 0.703        |
|    value_loss           | 0.991        |
------------------------------------------
------------------------------------------
| rollout/                |              |
|    ep_len_mean          | 992          |
|    ep_rew_mean          | -96.3        |
| time/                   |              |
|    fps                  | 3456         |
|    iterations           | 104          |
|    time_elapsed         | 246          |
|    total_timesteps      | 851968       |
| train/                  |              |
|    approx_kl            | 0.0016765955 |
|    clip_fraction        | 0.0126       |
|    clip_range           | 0.2          |
|    entropy_loss         | -1.08        |
|    explained_variance   | 0.96         |
|    learning_rate        | 0.0003       |
|    loss                 | 0.166        |
|    n_updates            | 1030         |
|    policy_gradient_loss | -0.000812    |
|    std                  | 0.723        |
|    value_loss           | 0.426        |
------------------------------------------
------------------------------------------
| rollout/                |              |
|    ep_len_mean          | 992          |
|    ep_rew_mean          | -93.4        |
| time/                   |              |
|    fps                  | 3460         |
|    iterations           | 105          |
|    time_elapsed         | 248          |
|    total_timesteps      | 860160       |
| train/                  |              |
|    approx_kl            | 0.0017090046 |
|    clip_fraction        | 0.0125       |
|    clip_range           | 0.2          |
|    entropy_loss         | -1.1         |
|    explained_variance   | 0.967        |
|    learning_rate        | 0.0003       |
|    loss                 | 0.681        |
|    n_updates            | 1040         |
|    policy_gradient_loss | -0.000145    |
|    std                  | 0.722        |
|    value_loss           | 0.962        |
------------------------------------------
------------------------------------------
| rollout/                |              |
|    ep_len_mean          | 992          |
|    ep_rew_mean          | -96          |
| time/                   |              |
|    fps                  | 3464         |
|    iterations           | 106          |
|    time_elapsed         | 250          |
|    total_timesteps      | 868352       |
| train/                  |              |
|    approx_kl            | 0.0020999108 |
|    clip_fraction        | 0.0165       |
|    clip_range           | 0.2          |
|    entropy_loss         | -1.08        |
|    explained_variance   | 0.945        |
|    learning_rate        | 0.0003       |
|    loss                 | 0.183        |
|    n_updates            | 1050         |
|    policy_gradient_loss | -6.56e-05    |
|    std                  | 0.713        |
|    value_loss           | 0.407        |
------------------------------------------
------------------------------------------
| rollout/                |              |
|    ep_len_mean          | 992          |
|    ep_rew_mean          | -95.5        |
| time/                   |              |
|    fps                  | 3467         |
|    iterations           | 107          |
|    time_elapsed         | 252          |
|    total_timesteps      | 876544       |
| train/                  |              |
|    approx_kl            | 0.0041772076 |
|    clip_fraction        | 0.0255       |
|    clip_range           | 0.2          |
|    entropy_loss         | -1.07        |
|    explained_variance   | 0.969        |
|    learning_rate        | 0.0003       |
|    loss                 | 0.328        |
|    n_updates            | 1060         |
|    policy_gradient_loss | -0.000619    |
|    std                  | 0.706        |
|    value_loss           | 0.628        |
------------------------------------------
------------------------------------------
| rollout/                |              |
|    ep_len_mean          | 992          |
|    ep_rew_mean          | -90.5        |
| time/                   |              |
|    fps                  | 3471         |
|    iterations           | 108          |
|    time_elapsed         | 254          |
|    total_timesteps      | 884736       |
| train/                  |              |
|    approx_kl            | 0.0015198991 |
|    clip_fraction        | 0.0182       |
|    clip_range           | 0.2          |
|    entropy_loss         | -1.07        |
|    explained_variance   | 0.979        |
|    learning_rate        | 0.0003       |
|    loss                 | 0.347        |
|    n_updates            | 1070         |
|    policy_gradient_loss | -0.000794    |
|    std                  | 0.704        |
|    value_loss           | 1.1          |
------------------------------------------
------------------------------------------
| rollout/                |              |
|    ep_len_mean          | 1e+03        |
|    ep_rew_mean          | -81.4        |
| time/                   |              |
|    fps                  | 3474         |
|    iterations           | 109          |
|    time_elapsed         | 257          |
|    total_timesteps      | 892928       |
| train/                  |              |
|    approx_kl            | 0.0016737338 |
|    clip_fraction        | 0.0118       |
|    clip_range           | 0.2          |
|    entropy_loss         | -1.07        |
|    explained_variance   | 0.975        |
|    learning_rate        | 0.0003       |
|    loss                 | 0.215        |
|    n_updates            | 1080         |
|    policy_gradient_loss | 2.98e-05     |
|    std                  | 0.709        |
|    value_loss           | 0.576        |
------------------------------------------
------------------------------------------
| rollout/                |              |
|    ep_len_mean          | 1e+03        |
|    ep_rew_mean          | -83.1        |
| time/                   |              |
|    fps                  | 3477         |
|    iterations           | 110          |
|    time_elapsed         | 259          |
|    total_timesteps      | 901120       |
| train/                  |              |
|    approx_kl            | 0.0029735593 |
|    clip_fraction        | 0.0205       |
|    clip_range           | 0.2          |
|    entropy_loss         | -1.07        |
|    explained_variance   | 0.972        |
|    learning_rate        | 0.0003       |
|    loss                 | 0.24         |
|    n_updates            | 1090         |
|    policy_gradient_loss | -0.000682    |
|    std                  | 0.709        |
|    value_loss           | 0.546        |
------------------------------------------
------------------------------------------
| rollout/                |              |
|    ep_len_mean          | 1e+03        |
|    ep_rew_mean          | -84.1        |
| time/                   |              |
|    fps                  | 3481         |
|    iterations           | 111          |
|    time_elapsed         | 261          |
|    total_timesteps      | 909312       |
| train/                  |              |
|    approx_kl            | 0.0011676666 |
|    clip_fraction        | 0.0083       |
|    clip_range           | 0.2          |
|    entropy_loss         | -1.08        |
|    explained_variance   | 0.984        |
|    learning_rate        | 0.0003       |
|    loss                 | 0.469        |
|    n_updates            | 1100         |
|    policy_gradient_loss | -0.000378    |
|    std                  | 0.717        |
|    value_loss           | 1.42         |
------------------------------------------
-------------------------------------------
| rollout/                |               |
|    ep_len_mean          | 1e+03         |
|    ep_rew_mean          | -79.9         |
| time/                   |               |
|    fps                  | 3484          |
|    iterations           | 112           |
|    time_elapsed         | 263           |
|    total_timesteps      | 917504        |
| train/                  |               |
|    approx_kl            | 0.00096409617 |
|    clip_fraction        | 0.0177        |
|    clip_range           | 0.2           |
|    entropy_loss         | -1.08         |
|    explained_variance   | 0.955         |
|    learning_rate        | 0.0003        |
|    loss                 | 0.202         |
|    n_updates            | 1110          |
|    policy_gradient_loss | -0.00022      |
|    std                  | 0.708         |
|    value_loss           | 0.47          |
-------------------------------------------
------------------------------------------
| rollout/                |              |
|    ep_len_mean          | 1e+03        |
|    ep_rew_mean          | -80.2        |
| time/                   |              |
|    fps                  | 3487         |
|    iterations           | 113          |
|    time_elapsed         | 265          |
|    total_timesteps      | 925696       |
| train/                  |              |
|    approx_kl            | 0.0007402756 |
|    clip_fraction        | 0.0176       |
|    clip_range           | 0.2          |
|    entropy_loss         | -1.07        |
|    explained_variance   | 0.974        |
|    learning_rate        | 0.0003       |
|    loss                 | 0.468        |
|    n_updates            | 1120         |
|    policy_gradient_loss | -0.000299    |
|    std                  | 0.71         |
|    value_loss           | 1.56         |
------------------------------------------
------------------------------------------
| rollout/                |              |
|    ep_len_mean          | 1e+03        |
|    ep_rew_mean          | -87.6        |
| time/                   |              |
|    fps                  | 3491         |
|    iterations           | 114          |
|    time_elapsed         | 267          |
|    total_timesteps      | 933888       |
| train/                  |              |
|    approx_kl            | 0.0036581238 |
|    clip_fraction        | 0.0241       |
|    clip_range           | 0.2          |
|    entropy_loss         | -1.07        |
|    explained_variance   | 0.886        |
|    learning_rate        | 0.0003       |
|    loss                 | 0.17         |
|    n_updates            | 1130         |
|    policy_gradient_loss | -0.000508    |
|    std                  | 0.708        |
|    value_loss           | 0.454        |
------------------------------------------
------------------------------------------
| rollout/                |              |
|    ep_len_mean          | 1e+03        |
|    ep_rew_mean          | -86.8        |
| time/                   |              |
|    fps                  | 3494         |
|    iterations           | 115          |
|    time_elapsed         | 269          |
|    total_timesteps      | 942080       |
| train/                  |              |
|    approx_kl            | 0.0012588564 |
|    clip_fraction        | 0.00995      |
|    clip_range           | 0.2          |
|    entropy_loss         | -1.08        |
|    explained_variance   | 0.966        |
|    learning_rate        | 0.0003       |
|    loss                 | 0.315        |
|    n_updates            | 1140         |
|    policy_gradient_loss | -0.00025     |
|    std                  | 0.712        |
|    value_loss           | 0.592        |
------------------------------------------
------------------------------------------
| rollout/                |              |
|    ep_len_mean          | 1e+03        |
|    ep_rew_mean          | -84.6        |
| time/                   |              |
|    fps                  | 3498         |
|    iterations           | 116          |
|    time_elapsed         | 271          |
|    total_timesteps      | 950272       |
| train/                  |              |
|    approx_kl            | 0.0015951253 |
|    clip_fraction        | 0.0126       |
|    clip_range           | 0.2          |
|    entropy_loss         | -1.08        |
|    explained_variance   | 0.968        |
|    learning_rate        | 0.0003       |
|    loss                 | 0.316        |
|    n_updates            | 1150         |
|    policy_gradient_loss | -0.000132    |
|    std                  | 0.714        |
|    value_loss           | 0.837        |
------------------------------------------
------------------------------------------
| rollout/                |              |
|    ep_len_mean          | 1e+03        |
|    ep_rew_mean          | -83          |
| time/                   |              |
|    fps                  | 3501         |
|    iterations           | 117          |
|    time_elapsed         | 273          |
|    total_timesteps      | 958464       |
| train/                  |              |
|    approx_kl            | 0.0016234835 |
|    clip_fraction        | 0.00822      |
|    clip_range           | 0.2          |
|    entropy_loss         | -1.08        |
|    explained_variance   | 0.985        |
|    learning_rate        | 0.0003       |
|    loss                 | 0.382        |
|    n_updates            | 1160         |
|    policy_gradient_loss | 2.32e-05     |
|    std                  | 0.717        |
|    value_loss           | 0.968        |
------------------------------------------
Eval num_timesteps=960000, episode_reward=-809.99 +/- 767.30
Episode length: 1001.00 +/- 0.00
------------------------------------------
| eval/                   |              |
|    mean_ep_length       | 1e+03        |
|    mean_reward          | -810         |
| time/                   |              |
|    total_timesteps      | 960000       |
| train/                  |              |
|    approx_kl            | 0.0029618312 |
|    clip_fraction        | 0.0203       |
|    clip_range           | 0.2          |
|    entropy_loss         | -1.1         |
|    explained_variance   | 0.829        |
|    learning_rate        | 0.0003       |
|    loss                 | 0.137        |
|    n_updates            | 1170         |
|    policy_gradient_loss | -0.000407    |
|    std                  | 0.729        |
|    value_loss           | 0.341        |
------------------------------------------
---------------------------------
| rollout/           |          |
|    ep_len_mean     | 1e+03    |
|    ep_rew_mean     | -80.2    |
| time/              |          |
|    fps             | 3436     |
|    iterations      | 118      |
|    time_elapsed    | 281      |
|    total_timesteps | 966656   |
---------------------------------
-----------------------------------------
| rollout/                |             |
|    ep_len_mean          | 1e+03       |
|    ep_rew_mean          | -82.5       |
| time/                   |             |
|    fps                  | 3440        |
|    iterations           | 119         |
|    time_elapsed         | 283         |
|    total_timesteps      | 974848      |
| train/                  |             |
|    approx_kl            | 0.001998559 |
|    clip_fraction        | 0.0127      |
|    clip_range           | 0.2         |
|    entropy_loss         | -1.1        |
|    explained_variance   | 0.973       |
|    learning_rate        | 0.0003      |
|    loss                 | 0.275       |
|    n_updates            | 1180        |
|    policy_gradient_loss | -0.000313   |
|    std                  | 0.725       |
|    value_loss           | 0.897       |
-----------------------------------------
------------------------------------------
| rollout/                |              |
|    ep_len_mean          | 1e+03        |
|    ep_rew_mean          | -84.5        |
| time/                   |              |
|    fps                  | 3443         |
|    iterations           | 120          |
|    time_elapsed         | 285          |
|    total_timesteps      | 983040       |
| train/                  |              |
|    approx_kl            | 0.0027821716 |
|    clip_fraction        | 0.0068       |
|    clip_range           | 0.2          |
|    entropy_loss         | -1.09        |
|    explained_variance   | 0.984        |
|    learning_rate        | 0.0003       |
|    loss                 | 0.171        |
|    n_updates            | 1190         |
|    policy_gradient_loss | -0.000163    |
|    std                  | 0.718        |
|    value_loss           | 0.475        |
------------------------------------------
------------------------------------------
| rollout/                |              |
|    ep_len_mean          | 992          |
|    ep_rew_mean          | -90.1        |
| time/                   |              |
|    fps                  | 3447         |
|    iterations           | 121          |
|    time_elapsed         | 287          |
|    total_timesteps      | 991232       |
| train/                  |              |
|    approx_kl            | 0.0017686381 |
|    clip_fraction        | 0.0072       |
|    clip_range           | 0.2          |
|    entropy_loss         | -1.08        |
|    explained_variance   | 0.979        |
|    learning_rate        | 0.0003       |
|    loss                 | 0.333        |
|    n_updates            | 1200         |
|    policy_gradient_loss | -0.000364    |
|    std                  | 0.713        |
|    value_loss           | 0.921        |
------------------------------------------
-----------------------------------------
| rollout/                |             |
|    ep_len_mean          | 992         |
|    ep_rew_mean          | -89.3       |
| time/                   |             |
|    fps                  | 3450        |
|    iterations           | 122         |
|    time_elapsed         | 289         |
|    total_timesteps      | 999424      |
| train/                  |             |
|    approx_kl            | 0.003231577 |
|    clip_fraction        | 0.0218      |
|    clip_range           | 0.2         |
|    entropy_loss         | -1.08       |
|    explained_variance   | 0.233       |
|    learning_rate        | 0.0003      |
|    loss                 | 292         |
|    n_updates            | 1210        |
|    policy_gradient_loss | -0.00116    |
|    std                  | 0.714       |
|    value_loss           | 253         |
-----------------------------------------
------------------------------------------
| rollout/                |              |
|    ep_len_mean          | 992          |
|    ep_rew_mean          | -89          |
| time/                   |              |
|    fps                  | 3454         |
|    iterations           | 123          |
|    time_elapsed         | 291          |
|    total_timesteps      | 1007616      |
| train/                  |              |
|    approx_kl            | 0.0028775705 |
|    clip_fraction        | 0.01         |
|    clip_range           | 0.2          |
|    entropy_loss         | -1.08        |
|    explained_variance   | 0.957        |
|    learning_rate        | 0.0003       |
|    loss                 | 0.477        |
|    n_updates            | 1220         |
|    policy_gradient_loss | -0.000626    |
|    std                  | 0.712        |
|    value_loss           | 1.45         |
------------------------------------------
------------------------------------------
| rollout/                |              |
|    ep_len_mean          | 992          |
|    ep_rew_mean          | -89.8        |
| time/                   |              |
|    fps                  | 3458         |
|    iterations           | 124          |
|    time_elapsed         | 293          |
|    total_timesteps      | 1015808      |
| train/                  |              |
|    approx_kl            | 0.0023684693 |
|    clip_fraction        | 0.00734      |
|    clip_range           | 0.2          |
|    entropy_loss         | -1.08        |
|    explained_variance   | 0.961        |
|    learning_rate        | 0.0003       |
|    loss                 | 0.494        |
|    n_updates            | 1230         |
|    policy_gradient_loss | 0.000238     |
|    std                  | 0.711        |
|    value_loss           | 1.91         |
------------------------------------------
------------------------------------------
| rollout/                |              |
|    ep_len_mean          | 992          |
|    ep_rew_mean          | -89.8        |
| time/                   |              |
|    fps                  | 3461         |
|    iterations           | 125          |
|    time_elapsed         | 295          |
|    total_timesteps      | 1024000      |
| train/                  |              |
|    approx_kl            | 0.0024090672 |
|    clip_fraction        | 0.0154       |
|    clip_range           | 0.2          |
|    entropy_loss         | -1.08        |
|    explained_variance   | 0.968        |
|    learning_rate        | 0.0003       |
|    loss                 | 0.285        |
|    n_updates            | 1240         |
|    policy_gradient_loss | -0.000289    |
|    std                  | 0.707        |
|    value_loss           | 2.08         |
------------------------------------------
------------------------------------------
| rollout/                |              |
|    ep_len_mean          | 992          |
|    ep_rew_mean          | -86.2        |
| time/                   |              |
|    fps                  | 3465         |
|    iterations           | 126          |
|    time_elapsed         | 297          |
|    total_timesteps      | 1032192      |
| train/                  |              |
|    approx_kl            | 0.0022560486 |
|    clip_fraction        | 0.035        |
|    clip_range           | 0.2          |
|    entropy_loss         | -1.07        |
|    explained_variance   | 0.937        |
|    learning_rate        | 0.0003       |
|    loss                 | 0.234        |
|    n_updates            | 1250         |
|    policy_gradient_loss | -0.00117     |
|    std                  | 0.698        |
|    value_loss           | 0.579        |
------------------------------------------
------------------------------------------
| rollout/                |              |
|    ep_len_mean          | 992          |
|    ep_rew_mean          | -85.4        |
| time/                   |              |
|    fps                  | 3468         |
|    iterations           | 127          |
|    time_elapsed         | 299          |
|    total_timesteps      | 1040384      |
| train/                  |              |
|    approx_kl            | 0.0025417572 |
|    clip_fraction        | 0.0199       |
|    clip_range           | 0.2          |
|    entropy_loss         | -1.06        |
|    explained_variance   | 0.956        |
|    learning_rate        | 0.0003       |
|    loss                 | 0.665        |
|    n_updates            | 1260         |
|    policy_gradient_loss | -0.000114    |
|    std                  | 0.698        |
|    value_loss           | 1.04         |
------------------------------------------
------------------------------------------
| rollout/                |              |
|    ep_len_mean          | 992          |
|    ep_rew_mean          | -88.3        |
| time/                   |              |
|    fps                  | 3471         |
|    iterations           | 128          |
|    time_elapsed         | 302          |
|    total_timesteps      | 1048576      |
| train/                  |              |
|    approx_kl            | 0.0024693229 |
|    clip_fraction        | 0.0111       |
|    clip_range           | 0.2          |
|    entropy_loss         | -1.06        |
|    explained_variance   | 0.973        |
|    learning_rate        | 0.0003       |
|    loss                 | 0.216        |
|    n_updates            | 1270         |
|    policy_gradient_loss | -0.00166     |
|    std                  | 0.693        |
|    value_loss           | 0.795        |
------------------------------------------
------------------------------------------
| rollout/                |              |
|    ep_len_mean          | 992          |
|    ep_rew_mean          | -86.9        |
| time/                   |              |
|    fps                  | 3475         |
|    iterations           | 129          |
|    time_elapsed         | 304          |
|    total_timesteps      | 1056768      |
| train/                  |              |
|    approx_kl            | 0.0033479105 |
|    clip_fraction        | 0.0248       |
|    clip_range           | 0.2          |
|    entropy_loss         | -1.06        |
|    explained_variance   | 0.97         |
|    learning_rate        | 0.0003       |
|    loss                 | 0.186        |
|    n_updates            | 1280         |
|    policy_gradient_loss | -0.000923    |
|    std                  | 0.703        |
|    value_loss           | 0.472        |
------------------------------------------
------------------------------------------
| rollout/                |              |
|    ep_len_mean          | 992          |
|    ep_rew_mean          | -85.6        |
| time/                   |              |
|    fps                  | 3477         |
|    iterations           | 130          |
|    time_elapsed         | 306          |
|    total_timesteps      | 1064960      |
| train/                  |              |
|    approx_kl            | 0.0036793537 |
|    clip_fraction        | 0.025        |
|    clip_range           | 0.2          |
|    entropy_loss         | -1.06        |
|    explained_variance   | 0.985        |
|    learning_rate        | 0.0003       |
|    loss                 | 0.292        |
|    n_updates            | 1290         |
|    policy_gradient_loss | -0.00177     |
|    std                  | 0.699        |
|    value_loss           | 0.601        |
------------------------------------------
------------------------------------------
| rollout/                |              |
|    ep_len_mean          | 992          |
|    ep_rew_mean          | -83.9        |
| time/                   |              |
|    fps                  | 3479         |
|    iterations           | 131          |
|    time_elapsed         | 308          |
|    total_timesteps      | 1073152      |
| train/                  |              |
|    approx_kl            | 0.0021400892 |
|    clip_fraction        | 0.00969      |
|    clip_range           | 0.2          |
|    entropy_loss         | -1.06        |
|    explained_variance   | 0.981        |
|    learning_rate        | 0.0003       |
|    loss                 | 0.443        |
|    n_updates            | 1300         |
|    policy_gradient_loss | -0.000348    |
|    std                  | 0.694        |
|    value_loss           | 0.77         |
------------------------------------------
------------------------------------------
| rollout/                |              |
|    ep_len_mean          | 992          |
|    ep_rew_mean          | -83.9        |
| time/                   |              |
|    fps                  | 3482         |
|    iterations           | 132          |
|    time_elapsed         | 310          |
|    total_timesteps      | 1081344      |
| train/                  |              |
|    approx_kl            | 0.0041523916 |
|    clip_fraction        | 0.00901      |
|    clip_range           | 0.2          |
|    entropy_loss         | -1.06        |
|    explained_variance   | 0.972        |
|    learning_rate        | 0.0003       |
|    loss                 | 0.581        |
|    n_updates            | 1310         |
|    policy_gradient_loss | 5.51e-05     |
|    std                  | 0.703        |
|    value_loss           | 1.25         |
------------------------------------------
------------------------------------------
| rollout/                |              |
|    ep_len_mean          | 1e+03        |
|    ep_rew_mean          | -78.4        |
| time/                   |              |
|    fps                  | 3484         |
|    iterations           | 133          |
|    time_elapsed         | 312          |
|    total_timesteps      | 1089536      |
| train/                  |              |
|    approx_kl            | 0.0017243272 |
|    clip_fraction        | 0.00909      |
|    clip_range           | 0.2          |
|    entropy_loss         | -1.07        |
|    explained_variance   | 0.984        |
|    learning_rate        | 0.0003       |
|    loss                 | 0.592        |
|    n_updates            | 1320         |
|    policy_gradient_loss | -0.000375    |
|    std                  | 0.703        |
|    value_loss           | 1.07         |
------------------------------------------
------------------------------------------
| rollout/                |              |
|    ep_len_mean          | 1e+03        |
|    ep_rew_mean          | -80.5        |
| time/                   |              |
|    fps                  | 3488         |
|    iterations           | 134          |
|    time_elapsed         | 314          |
|    total_timesteps      | 1097728      |
| train/                  |              |
|    approx_kl            | 0.0022381954 |
|    clip_fraction        | 0.0287       |
|    clip_range           | 0.2          |
|    entropy_loss         | -1.06        |
|    explained_variance   | 0.975        |
|    learning_rate        | 0.0003       |
|    loss                 | 0.203        |
|    n_updates            | 1330         |
|    policy_gradient_loss | -0.000916    |
|    std                  | 0.7          |
|    value_loss           | 0.562        |
------------------------------------------
------------------------------------------
| rollout/                |              |
|    ep_len_mean          | 1e+03        |
|    ep_rew_mean          | -83.2        |
| time/                   |              |
|    fps                  | 3491         |
|    iterations           | 135          |
|    time_elapsed         | 316          |
|    total_timesteps      | 1105920      |
| train/                  |              |
|    approx_kl            | 0.0020171753 |
|    clip_fraction        | 0.0239       |
|    clip_range           | 0.2          |
|    entropy_loss         | -1.06        |
|    explained_variance   | 0.958        |
|    learning_rate        | 0.0003       |
|    loss                 | 0.209        |
|    n_updates            | 1340         |
|    policy_gradient_loss | -0.000355    |
|    std                  | 0.692        |
|    value_loss           | 0.669        |
------------------------------------------
------------------------------------------
| rollout/                |              |
|    ep_len_mean          | 1e+03        |
|    ep_rew_mean          | -84.5        |
| time/                   |              |
|    fps                  | 3493         |
|    iterations           | 136          |
|    time_elapsed         | 318          |
|    total_timesteps      | 1114112      |
| train/                  |              |
|    approx_kl            | 0.0012306743 |
|    clip_fraction        | 0.0125       |
|    clip_range           | 0.2          |
|    entropy_loss         | -1.06        |
|    explained_variance   | 0.975        |
|    learning_rate        | 0.0003       |
|    loss                 | 0.965        |
|    n_updates            | 1350         |
|    policy_gradient_loss | -0.00134     |
|    std                  | 0.702        |
|    value_loss           | 1.23         |
------------------------------------------
Eval num_timesteps=1120000, episode_reward=-864.29 +/- 956.16
Episode length: 1001.00 +/- 0.00
------------------------------------------
| eval/                   |              |
|    mean_ep_length       | 1e+03        |
|    mean_reward          | -864         |
| time/                   |              |
|    total_timesteps      | 1120000      |
| train/                  |              |
|    approx_kl            | 0.0028625478 |
|    clip_fraction        | 0.012        |
|    clip_range           | 0.2          |
|    entropy_loss         | -1.06        |
|    explained_variance   | 0.979        |
|    learning_rate        | 0.0003       |
|    loss                 | 0.157        |
|    n_updates            | 1360         |
|    policy_gradient_loss | -0.00107     |
|    std                  | 0.701        |
|    value_loss           | 0.426        |
------------------------------------------
---------------------------------
| rollout/           |          |
|    ep_len_mean     | 1e+03    |
|    ep_rew_mean     | -84      |
| time/              |          |
|    fps             | 3438     |
|    iterations      | 137      |
|    time_elapsed    | 326      |
|    total_timesteps | 1122304  |
---------------------------------
-------------------------------------------
| rollout/                |               |
|    ep_len_mean          | 1e+03         |
|    ep_rew_mean          | -83.4         |
| time/                   |               |
|    fps                  | 3441          |
|    iterations           | 138           |
|    time_elapsed         | 328           |
|    total_timesteps      | 1130496       |
| train/                  |               |
|    approx_kl            | 0.00066756987 |
|    clip_fraction        | 0.00707       |
|    clip_range           | 0.2           |
|    entropy_loss         | -1.06         |
|    explained_variance   | 0.988         |
|    learning_rate        | 0.0003        |
|    loss                 | 0.237         |
|    n_updates            | 1370          |
|    policy_gradient_loss | -0.00031      |
|    std                  | 0.698         |
|    value_loss           | 0.706         |
-------------------------------------------
------------------------------------------
| rollout/                |              |
|    ep_len_mean          | 1e+03        |
|    ep_rew_mean          | -83.1        |
| time/                   |              |
|    fps                  | 3444         |
|    iterations           | 139          |
|    time_elapsed         | 330          |
|    total_timesteps      | 1138688      |
| train/                  |              |
|    approx_kl            | 0.0016634385 |
|    clip_fraction        | 0.0145       |
|    clip_range           | 0.2          |
|    entropy_loss         | -1.06        |
|    explained_variance   | 0.985        |
|    learning_rate        | 0.0003       |
|    loss                 | 0.558        |
|    n_updates            | 1380         |
|    policy_gradient_loss | -0.000139    |
|    std                  | 0.692        |
|    value_loss           | 0.809        |
------------------------------------------
------------------------------------------
| rollout/                |              |
|    ep_len_mean          | 1e+03        |
|    ep_rew_mean          | -83.2        |
| time/                   |              |
|    fps                  | 3447         |
|    iterations           | 140          |
|    time_elapsed         | 332          |
|    total_timesteps      | 1146880      |
| train/                  |              |
|    approx_kl            | 0.0011580193 |
|    clip_fraction        | 0.013        |
|    clip_range           | 0.2          |
|    entropy_loss         | -1.05        |
|    explained_variance   | 0.98         |
|    learning_rate        | 0.0003       |
|    loss                 | 0.176        |
|    n_updates            | 1390         |
|    policy_gradient_loss | -0.000244    |
|    std                  | 0.694        |
|    value_loss           | 0.506        |
------------------------------------------
------------------------------------------
| rollout/                |              |
|    ep_len_mean          | 1e+03        |
|    ep_rew_mean          | -85.7        |
| time/                   |              |
|    fps                  | 3449         |
|    iterations           | 141          |
|    time_elapsed         | 334          |
|    total_timesteps      | 1155072      |
| train/                  |              |
|    approx_kl            | 0.0007776468 |
|    clip_fraction        | 0.00829      |
|    clip_range           | 0.2          |
|    entropy_loss         | -1.06        |
|    explained_variance   | 0.991        |
|    learning_rate        | 0.0003       |
|    loss                 | 0.354        |
|    n_updates            | 1400         |
|    policy_gradient_loss | -0.000489    |
|    std                  | 0.696        |
|    value_loss           | 0.797        |
------------------------------------------
------------------------------------------
| rollout/                |              |
|    ep_len_mean          | 1e+03        |
|    ep_rew_mean          | -90.7        |
| time/                   |              |
|    fps                  | 3452         |
|    iterations           | 142          |
|    time_elapsed         | 336          |
|    total_timesteps      | 1163264      |
| train/                  |              |
|    approx_kl            | 0.0035311917 |
|    clip_fraction        | 0.02         |
|    clip_range           | 0.2          |
|    entropy_loss         | -1.06        |
|    explained_variance   | 0.983        |
|    learning_rate        | 0.0003       |
|    loss                 | 0.333        |
|    n_updates            | 1410         |
|    policy_gradient_loss | -0.00101     |
|    std                  | 0.696        |
|    value_loss           | 0.853        |
------------------------------------------
------------------------------------------
| rollout/                |              |
|    ep_len_mean          | 1e+03        |
|    ep_rew_mean          | -91          |
| time/                   |              |
|    fps                  | 3455         |
|    iterations           | 143          |
|    time_elapsed         | 339          |
|    total_timesteps      | 1171456      |
| train/                  |              |
|    approx_kl            | 0.0018908146 |
|    clip_fraction        | 0.0115       |
|    clip_range           | 0.2          |
|    entropy_loss         | -1.06        |
|    explained_variance   | 0.961        |
|    learning_rate        | 0.0003       |
|    loss                 | 0.212        |
|    n_updates            | 1420         |
|    policy_gradient_loss | 0.000233     |
|    std                  | 0.705        |
|    value_loss           | 0.822        |
------------------------------------------
------------------------------------------
| rollout/                |              |
|    ep_len_mean          | 1e+03        |
|    ep_rew_mean          | -95.2        |
| time/                   |              |
|    fps                  | 3457         |
|    iterations           | 144          |
|    time_elapsed         | 341          |
|    total_timesteps      | 1179648      |
| train/                  |              |
|    approx_kl            | 0.0024116947 |
|    clip_fraction        | 0.017        |
|    clip_range           | 0.2          |
|    entropy_loss         | -1.07        |
|    explained_variance   | 0.985        |
|    learning_rate        | 0.0003       |
|    loss                 | 0.249        |
|    n_updates            | 1430         |
|    policy_gradient_loss | -0.00175     |
|    std                  | 0.705        |
|    value_loss           | 0.683        |
------------------------------------------
-----------------------------------------
| rollout/                |             |
|    ep_len_mean          | 1e+03       |
|    ep_rew_mean          | -94.8       |
| time/                   |             |
|    fps                  | 3459        |
|    iterations           | 145         |
|    time_elapsed         | 343         |
|    total_timesteps      | 1187840     |
| train/                  |             |
|    approx_kl            | 0.002873457 |
|    clip_fraction        | 0.01        |
|    clip_range           | 0.2         |
|    entropy_loss         | -1.06       |
|    explained_variance   | 0.98        |
|    learning_rate        | 0.0003      |
|    loss                 | 0.392       |
|    n_updates            | 1440        |
|    policy_gradient_loss | -0.000125   |
|    std                  | 0.696       |
|    value_loss           | 0.755       |
-----------------------------------------
------------------------------------------
| rollout/                |              |
|    ep_len_mean          | 992          |
|    ep_rew_mean          | -103         |
| time/                   |              |
|    fps                  | 3462         |
|    iterations           | 146          |
|    time_elapsed         | 345          |
|    total_timesteps      | 1196032      |
| train/                  |              |
|    approx_kl            | 0.0010388449 |
|    clip_fraction        | 0.0112       |
|    clip_range           | 0.2          |
|    entropy_loss         | -1.06        |
|    explained_variance   | 0.965        |
|    learning_rate        | 0.0003       |
|    loss                 | 0.508        |
|    n_updates            | 1450         |
|    policy_gradient_loss | -0.000345    |
|    std                  | 0.702        |
|    value_loss           | 1.34         |
------------------------------------------
------------------------------------------
| rollout/                |              |
|    ep_len_mean          | 973          |
|    ep_rew_mean          | -112         |
| time/                   |              |
|    fps                  | 3464         |
|    iterations           | 147          |
|    time_elapsed         | 347          |
|    total_timesteps      | 1204224      |
| train/                  |              |
|    approx_kl            | 0.0010715781 |
|    clip_fraction        | 0.005        |
|    clip_range           | 0.2          |
|    entropy_loss         | -1.07        |
|    explained_variance   | 0.288        |
|    learning_rate        | 0.0003       |
|    loss                 | 200          |
|    n_updates            | 1460         |
|    policy_gradient_loss | -0.00202     |
|    std                  | 0.705        |
|    value_loss           | 236          |
------------------------------------------
------------------------------------------
| rollout/                |              |
|    ep_len_mean          | 973          |
|    ep_rew_mean          | -112         |
| time/                   |              |
|    fps                  | 3467         |
|    iterations           | 148          |
|    time_elapsed         | 349          |
|    total_timesteps      | 1212416      |
| train/                  |              |
|    approx_kl            | 0.0008986818 |
|    clip_fraction        | 0.00127      |
|    clip_range           | 0.2          |
|    entropy_loss         | -1.07        |
|    explained_variance   | 0.139        |
|    learning_rate        | 0.0003       |
|    loss                 | 98.8         |
|    n_updates            | 1470         |
|    policy_gradient_loss | -0.00028     |
|    std                  | 0.705        |
|    value_loss           | 499          |
------------------------------------------
-----------------------------------------
| rollout/                |             |
|    ep_len_mean          | 964         |
|    ep_rew_mean          | -119        |
| time/                   |             |
|    fps                  | 3470        |
|    iterations           | 149         |
|    time_elapsed         | 351         |
|    total_timesteps      | 1220608     |
| train/                  |             |
|    approx_kl            | 0.003623131 |
|    clip_fraction        | 0.03        |
|    clip_range           | 0.2         |
|    entropy_loss         | -1.07       |
|    explained_variance   | 0.69        |
|    learning_rate        | 0.0003      |
|    loss                 | 0.529       |
|    n_updates            | 1480        |
|    policy_gradient_loss | -0.0019     |
|    std                  | 0.703       |
|    value_loss           | 1.91        |
-----------------------------------------
-----------------------------------------
| rollout/                |             |
|    ep_len_mean          | 964         |
|    ep_rew_mean          | -119        |
| time/                   |             |
|    fps                  | 3473        |
|    iterations           | 150         |
|    time_elapsed         | 353         |
|    total_timesteps      | 1228800     |
| train/                  |             |
|    approx_kl            | 0.004414186 |
|    clip_fraction        | 0.0281      |
|    clip_range           | 0.2         |
|    entropy_loss         | -1.07       |
|    explained_variance   | 0.356       |
|    learning_rate        | 0.0003      |
|    loss                 | 217         |
|    n_updates            | 1490        |
|    policy_gradient_loss | -0.000327   |
|    std                  | 0.703       |
|    value_loss           | 256         |
-----------------------------------------
-----------------------------------------
| rollout/                |             |
|    ep_len_mean          | 964         |
|    ep_rew_mean          | -115        |
| time/                   |             |
|    fps                  | 3475        |
|    iterations           | 151         |
|    time_elapsed         | 355         |
|    total_timesteps      | 1236992     |
| train/                  |             |
|    approx_kl            | 0.002101585 |
|    clip_fraction        | 0.0171      |
|    clip_range           | 0.2         |
|    entropy_loss         | -1.07       |
|    explained_variance   | 0.965       |
|    learning_rate        | 0.0003      |
|    loss                 | 0.625       |
|    n_updates            | 1500        |
|    policy_gradient_loss | -0.000488   |
|    std                  | 0.702       |
|    value_loss           | 1.74        |
-----------------------------------------
------------------------------------------
| rollout/                |              |
|    ep_len_mean          | 964          |
|    ep_rew_mean          | -113         |
| time/                   |              |
|    fps                  | 3477         |
|    iterations           | 152          |
|    time_elapsed         | 358          |
|    total_timesteps      | 1245184      |
| train/                  |              |
|    approx_kl            | 0.0020836457 |
|    clip_fraction        | 0.0082       |
|    clip_range           | 0.2          |
|    entropy_loss         | -1.06        |
|    explained_variance   | 0.932        |
|    learning_rate        | 0.0003       |
|    loss                 | 0.663        |
|    n_updates            | 1510         |
|    policy_gradient_loss | -0.000254    |
|    std                  | 0.697        |
|    value_loss           | 1.3          |
------------------------------------------
------------------------------------------
| rollout/                |              |
|    ep_len_mean          | 954          |
|    ep_rew_mean          | -115         |
| time/                   |              |
|    fps                  | 3481         |
|    iterations           | 153          |
|    time_elapsed         | 360          |
|    total_timesteps      | 1253376      |
| train/                  |              |
|    approx_kl            | 0.0017040399 |
|    clip_fraction        | 0.0191       |
|    clip_range           | 0.2          |
|    entropy_loss         | -1.06        |
|    explained_variance   | 0.947        |
|    learning_rate        | 0.0003       |
|    loss                 | 0.255        |
|    n_updates            | 1520         |
|    policy_gradient_loss | 0.000463     |
|    std                  | 0.704        |
|    value_loss           | 0.576        |
------------------------------------------
------------------------------------------
| rollout/                |              |
|    ep_len_mean          | 945          |
|    ep_rew_mean          | -122         |
| time/                   |              |
|    fps                  | 3483         |
|    iterations           | 154          |
|    time_elapsed         | 362          |
|    total_timesteps      | 1261568      |
| train/                  |              |
|    approx_kl            | 0.0007288543 |
|    clip_fraction        | 0.000574     |
|    clip_range           | 0.2          |
|    entropy_loss         | -1.07        |
|    explained_variance   | 0.291        |
|    learning_rate        | 0.0003       |
|    loss                 | 298          |
|    n_updates            | 1530         |
|    policy_gradient_loss | -0.00041     |
|    std                  | 0.706        |
|    value_loss           | 254          |
------------------------------------------
------------------------------------------
| rollout/                |              |
|    ep_len_mean          | 945          |
|    ep_rew_mean          | -117         |
| time/                   |              |
|    fps                  | 3486         |
|    iterations           | 155          |
|    time_elapsed         | 364          |
|    total_timesteps      | 1269760      |
| train/                  |              |
|    approx_kl            | 0.0016992058 |
|    clip_fraction        | 0.00713      |
|    clip_range           | 0.2          |
|    entropy_loss         | -1.07        |
|    explained_variance   | 0.278        |
|    learning_rate        | 0.0003       |
|    loss                 | 91.2         |
|    n_updates            | 1540         |
|    policy_gradient_loss | -0.00124     |
|    std                  | 0.706        |
|    value_loss           | 249          |
------------------------------------------
------------------------------------------
| rollout/                |              |
|    ep_len_mean          | 945          |
|    ep_rew_mean          | -115         |
| time/                   |              |
|    fps                  | 3488         |
|    iterations           | 156          |
|    time_elapsed         | 366          |
|    total_timesteps      | 1277952      |
| train/                  |              |
|    approx_kl            | 0.0033454257 |
|    clip_fraction        | 0.0291       |
|    clip_range           | 0.2          |
|    entropy_loss         | -1.07        |
|    explained_variance   | 0.935        |
|    learning_rate        | 0.0003       |
|    loss                 | 0.588        |
|    n_updates            | 1550         |
|    policy_gradient_loss | -0.00115     |
|    std                  | 0.703        |
|    value_loss           | 2.07         |
------------------------------------------
Eval num_timesteps=1280000, episode_reward=-705.80 +/- 389.70
Episode length: 1001.00 +/- 0.00
------------------------------------------
| eval/                   |              |
|    mean_ep_length       | 1e+03        |
|    mean_reward          | -706         |
| time/                   |              |
|    total_timesteps      | 1280000      |
| train/                  |              |
|    approx_kl            | 0.0024287645 |
|    clip_fraction        | 0.0174       |
|    clip_range           | 0.2          |
|    entropy_loss         | -1.06        |
|    explained_variance   | 0.977        |
|    learning_rate        | 0.0003       |
|    loss                 | 0.441        |
|    n_updates            | 1560         |
|    policy_gradient_loss | -0.000201    |
|    std                  | 0.697        |
|    value_loss           | 1.12         |
------------------------------------------
---------------------------------
| rollout/           |          |
|    ep_len_mean     | 954      |
|    ep_rew_mean     | -110     |
| time/              |          |
|    fps             | 3439     |
|    iterations      | 157      |
|    time_elapsed    | 373      |
|    total_timesteps | 1286144  |
---------------------------------
------------------------------------------
| rollout/                |              |
|    ep_len_mean          | 964          |
|    ep_rew_mean          | -102         |
| time/                   |              |
|    fps                  | 3441         |
|    iterations           | 158          |
|    time_elapsed         | 376          |
|    total_timesteps      | 1294336      |
| train/                  |              |
|    approx_kl            | 0.0029839987 |
|    clip_fraction        | 0.0154       |
|    clip_range           | 0.2          |
|    entropy_loss         | -1.06        |
|    explained_variance   | 0.979        |
|    learning_rate        | 0.0003       |
|    loss                 | 1.72         |
|    n_updates            | 1570         |
|    policy_gradient_loss | -0.00091     |
|    std                  | 0.693        |
|    value_loss           | 2.4          |
------------------------------------------
------------------------------------------
| rollout/                |              |
|    ep_len_mean          | 973          |
|    ep_rew_mean          | -93          |
| time/                   |              |
|    fps                  | 3444         |
|    iterations           | 159          |
|    time_elapsed         | 378          |
|    total_timesteps      | 1302528      |
| train/                  |              |
|    approx_kl            | 0.0022937069 |
|    clip_fraction        | 0.0279       |
|    clip_range           | 0.2          |
|    entropy_loss         | -1.05        |
|    explained_variance   | 0.967        |
|    learning_rate        | 0.0003       |
|    loss                 | 0.691        |
|    n_updates            | 1580         |
|    policy_gradient_loss | -0.000696    |
|    std                  | 0.688        |
|    value_loss           | 1.32         |
------------------------------------------
-----------------------------------------
| rollout/                |             |
|    ep_len_mean          | 973         |
|    ep_rew_mean          | -95.6       |
| time/                   |             |
|    fps                  | 3446        |
|    iterations           | 160         |
|    time_elapsed         | 380         |
|    total_timesteps      | 1310720     |
| train/                  |             |
|    approx_kl            | 0.002160416 |
|    clip_fraction        | 0.0123      |
|    clip_range           | 0.2         |
|    entropy_loss         | -1.05       |
|    explained_variance   | 0.981       |
|    learning_rate        | 0.0003      |
|    loss                 | 0.446       |
|    n_updates            | 1590        |
|    policy_gradient_loss | -0.00188    |
|    std                  | 0.693       |
|    value_loss           | 1           |
-----------------------------------------
------------------------------------------
| rollout/                |              |
|    ep_len_mean          | 982          |
|    ep_rew_mean          | -92          |
| time/                   |              |
|    fps                  | 3449         |
|    iterations           | 161          |
|    time_elapsed         | 382          |
|    total_timesteps      | 1318912      |
| train/                  |              |
|    approx_kl            | 0.0049516866 |
|    clip_fraction        | 0.0308       |
|    clip_range           | 0.2          |
|    entropy_loss         | -1.04        |
|    explained_variance   | 0.89         |
|    learning_rate        | 0.0003       |
|    loss                 | 0.202        |
|    n_updates            | 1600         |
|    policy_gradient_loss | -0.00106     |
|    std                  | 0.686        |
|    value_loss           | 0.453        |
------------------------------------------
------------------------------------------
| rollout/                |              |
|    ep_len_mean          | 982          |
|    ep_rew_mean          | -93.3        |
| time/                   |              |
|    fps                  | 3451         |
|    iterations           | 162          |
|    time_elapsed         | 384          |
|    total_timesteps      | 1327104      |
| train/                  |              |
|    approx_kl            | 0.0025319234 |
|    clip_fraction        | 0.011        |
|    clip_range           | 0.2          |
|    entropy_loss         | -1.04        |
|    explained_variance   | 0.986        |
|    learning_rate        | 0.0003       |
|    loss                 | 0.234        |
|    n_updates            | 1610         |
|    policy_gradient_loss | 4.3e-05      |
|    std                  | 0.688        |
|    value_loss           | 0.616        |
------------------------------------------
------------------------------------------
| rollout/                |              |
|    ep_len_mean          | 982          |
|    ep_rew_mean          | -97.3        |
| time/                   |              |
|    fps                  | 3454         |
|    iterations           | 163          |
|    time_elapsed         | 386          |
|    total_timesteps      | 1335296      |
| train/                  |              |
|    approx_kl            | 0.0021777605 |
|    clip_fraction        | 0.0104       |
|    clip_range           | 0.2          |
|    entropy_loss         | -1.04        |
|    explained_variance   | 0.977        |
|    learning_rate        | 0.0003       |
|    loss                 | 0.208        |
|    n_updates            | 1620         |
|    policy_gradient_loss | -0.000352    |
|    std                  | 0.688        |
|    value_loss           | 0.693        |
------------------------------------------
------------------------------------------
| rollout/                |              |
|    ep_len_mean          | 982          |
|    ep_rew_mean          | -97.6        |
| time/                   |              |
|    fps                  | 3456         |
|    iterations           | 164          |
|    time_elapsed         | 388          |
|    total_timesteps      | 1343488      |
| train/                  |              |
|    approx_kl            | 0.0022471328 |
|    clip_fraction        | 0.00864      |
|    clip_range           | 0.2          |
|    entropy_loss         | -1.05        |
|    explained_variance   | 0.97         |
|    learning_rate        | 0.0003       |
|    loss                 | 0.362        |
|    n_updates            | 1630         |
|    policy_gradient_loss | 0.000157     |
|    std                  | 0.691        |
|    value_loss           | 0.612        |
------------------------------------------
------------------------------------------
| rollout/                |              |
|    ep_len_mean          | 992          |
|    ep_rew_mean          | -91.8        |
| time/                   |              |
|    fps                  | 3458         |
|    iterations           | 165          |
|    time_elapsed         | 390          |
|    total_timesteps      | 1351680      |
| train/                  |              |
|    approx_kl            | 0.0033836004 |
|    clip_fraction        | 0.0107       |
|    clip_range           | 0.2          |
|    entropy_loss         | -1.05        |
|    explained_variance   | 0.981        |
|    learning_rate        | 0.0003       |
|    loss                 | 0.177        |
|    n_updates            | 1640         |
|    policy_gradient_loss | 7.7e-05      |
|    std                  | 0.69         |
|    value_loss           | 0.487        |
------------------------------------------
-----------------------------------------
| rollout/                |             |
|    ep_len_mean          | 1e+03       |
|    ep_rew_mean          | -86.3       |
| time/                   |             |
|    fps                  | 3461        |
|    iterations           | 166         |
|    time_elapsed         | 392         |
|    total_timesteps      | 1359872     |
| train/                  |             |
|    approx_kl            | 0.004037729 |
|    clip_fraction        | 0.0175      |
|    clip_range           | 0.2         |
|    entropy_loss         | -1.05       |
|    explained_variance   | 0.965       |
|    learning_rate        | 0.0003      |
|    loss                 | 0.204       |
|    n_updates            | 1650        |
|    policy_gradient_loss | -0.000322   |
|    std                  | 0.692       |
|    value_loss           | 0.617       |
-----------------------------------------
------------------------------------------
| rollout/                |              |
|    ep_len_mean          | 1e+03        |
|    ep_rew_mean          | -85.2        |
| time/                   |              |
|    fps                  | 3463         |
|    iterations           | 167          |
|    time_elapsed         | 394          |
|    total_timesteps      | 1368064      |
| train/                  |              |
|    approx_kl            | 0.0008028152 |
|    clip_fraction        | 0.0167       |
|    clip_range           | 0.2          |
|    entropy_loss         | -1.04        |
|    explained_variance   | 0.921        |
|    learning_rate        | 0.0003       |
|    loss                 | 0.167        |
|    n_updates            | 1660         |
|    policy_gradient_loss | 3.92e-05     |
|    std                  | 0.681        |
|    value_loss           | 0.396        |
------------------------------------------
------------------------------------------
| rollout/                |              |
|    ep_len_mean          | 1e+03        |
|    ep_rew_mean          | -85.8        |
| time/                   |              |
|    fps                  | 3466         |
|    iterations           | 168          |
|    time_elapsed         | 397          |
|    total_timesteps      | 1376256      |
| train/                  |              |
|    approx_kl            | 0.0038823576 |
|    clip_fraction        | 0.0211       |
|    clip_range           | 0.2          |
|    entropy_loss         | -1.03        |
|    explained_variance   | 0.981        |
|    learning_rate        | 0.0003       |
|    loss                 | 0.181        |
|    n_updates            | 1670         |
|    policy_gradient_loss | -0.000615    |
|    std                  | 0.673        |
|    value_loss           | 0.456        |
------------------------------------------
------------------------------------------
| rollout/                |              |
|    ep_len_mean          | 1e+03        |
|    ep_rew_mean          | -83.6        |
| time/                   |              |
|    fps                  | 3468         |
|    iterations           | 169          |
|    time_elapsed         | 399          |
|    total_timesteps      | 1384448      |
| train/                  |              |
|    approx_kl            | 0.0026777661 |
|    clip_fraction        | 0.0284       |
|    clip_range           | 0.2          |
|    entropy_loss         | -1.02        |
|    explained_variance   | 0.981        |
|    learning_rate        | 0.0003       |
|    loss                 | 0.207        |
|    n_updates            | 1680         |
|    policy_gradient_loss | -0.00135     |
|    std                  | 0.666        |
|    value_loss           | 0.393        |
------------------------------------------
-----------------------------------------
| rollout/                |             |
|    ep_len_mean          | 1e+03       |
|    ep_rew_mean          | -80.7       |
| time/                   |             |
|    fps                  | 3471        |
|    iterations           | 170         |
|    time_elapsed         | 401         |
|    total_timesteps      | 1392640     |
| train/                  |             |
|    approx_kl            | 0.002796398 |
|    clip_fraction        | 0.0107      |
|    clip_range           | 0.2         |
|    entropy_loss         | -1.01       |
|    explained_variance   | 0.967       |
|    learning_rate        | 0.0003      |
|    loss                 | 0.604       |
|    n_updates            | 1690        |
|    policy_gradient_loss | -0.00078    |
|    std                  | 0.665       |
|    value_loss           | 1.43        |
-----------------------------------------
------------------------------------------
| rollout/                |              |
|    ep_len_mean          | 1e+03        |
|    ep_rew_mean          | -82.1        |
| time/                   |              |
|    fps                  | 3473         |
|    iterations           | 171          |
|    time_elapsed         | 403          |
|    total_timesteps      | 1400832      |
| train/                  |              |
|    approx_kl            | 0.0023881013 |
|    clip_fraction        | 0.0152       |
|    clip_range           | 0.2          |
|    entropy_loss         | -1.01        |
|    explained_variance   | 0.971        |
|    learning_rate        | 0.0003       |
|    loss                 | 0.389        |
|    n_updates            | 1700         |
|    policy_gradient_loss | -0.000425    |
|    std                  | 0.67         |
|    value_loss           | 0.902        |
------------------------------------------
------------------------------------------
| rollout/                |              |
|    ep_len_mean          | 1e+03        |
|    ep_rew_mean          | -80.6        |
| time/                   |              |
|    fps                  | 3475         |
|    iterations           | 172          |
|    time_elapsed         | 405          |
|    total_timesteps      | 1409024      |
| train/                  |              |
|    approx_kl            | 0.0033961027 |
|    clip_fraction        | 0.0168       |
|    clip_range           | 0.2          |
|    entropy_loss         | -1.01        |
|    explained_variance   | 0.977        |
|    learning_rate        | 0.0003       |
|    loss                 | 0.237        |
|    n_updates            | 1710         |
|    policy_gradient_loss | -0.000505    |
|    std                  | 0.664        |
|    value_loss           | 0.501        |
------------------------------------------
-----------------------------------------
| rollout/                |             |
|    ep_len_mean          | 1e+03       |
|    ep_rew_mean          | -78.1       |
| time/                   |             |
|    fps                  | 3478        |
|    iterations           | 173         |
|    time_elapsed         | 407         |
|    total_timesteps      | 1417216     |
| train/                  |             |
|    approx_kl            | 0.005477635 |
|    clip_fraction        | 0.0246      |
|    clip_range           | 0.2         |
|    entropy_loss         | -1          |
|    explained_variance   | 0.955       |
|    learning_rate        | 0.0003      |
|    loss                 | 0.243       |
|    n_updates            | 1720        |
|    policy_gradient_loss | 0.000122    |
|    std                  | 0.658       |
|    value_loss           | 0.466       |
-----------------------------------------
-------------------------------------------
| rollout/                |               |
|    ep_len_mean          | 1e+03         |
|    ep_rew_mean          | -75           |
| time/                   |               |
|    fps                  | 3480          |
|    iterations           | 174           |
|    time_elapsed         | 409           |
|    total_timesteps      | 1425408       |
| train/                  |               |
|    approx_kl            | 0.00044522647 |
|    clip_fraction        | 0.0208        |
|    clip_range           | 0.2           |
|    entropy_loss         | -1            |
|    explained_variance   | 0.981         |
|    learning_rate        | 0.0003        |
|    loss                 | 0.518         |
|    n_updates            | 1730          |
|    policy_gradient_loss | -0.00111      |
|    std                  | 0.663         |
|    value_loss           | 1.17          |
-------------------------------------------
------------------------------------------
| rollout/                |              |
|    ep_len_mean          | 992          |
|    ep_rew_mean          | -79.5        |
| time/                   |              |
|    fps                  | 3483         |
|    iterations           | 175          |
|    time_elapsed         | 411          |
|    total_timesteps      | 1433600      |
| train/                  |              |
|    approx_kl            | 0.0032702638 |
|    clip_fraction        | 0.0122       |
|    clip_range           | 0.2          |
|    entropy_loss         | -1.01        |
|    explained_variance   | 0.979        |
|    learning_rate        | 0.0003       |
|    loss                 | 0.465        |
|    n_updates            | 1740         |
|    policy_gradient_loss | -0.000486    |
|    std                  | 0.666        |
|    value_loss           | 1.14         |
------------------------------------------
Eval num_timesteps=1440000, episode_reward=-473.57 +/- 651.43
Episode length: 1001.00 +/- 0.00
------------------------------------------
| eval/                   |              |
|    mean_ep_length       | 1e+03        |
|    mean_reward          | -474         |
| time/                   |              |
|    total_timesteps      | 1440000      |
| train/                  |              |
|    approx_kl            | 0.0017853403 |
|    clip_fraction        | 0.00236      |
|    clip_range           | 0.2          |
|    entropy_loss         | -1.01        |
|    explained_variance   | 0.342        |
|    learning_rate        | 0.0003       |
|    loss                 | 12.9         |
|    n_updates            | 1750         |
|    policy_gradient_loss | -0.000185    |
|    std                  | 0.665        |
|    value_loss           | 251          |
------------------------------------------
---------------------------------
| rollout/           |          |
|    ep_len_mean     | 992      |
|    ep_rew_mean     | -82.6    |
| time/              |          |
|    fps             | 3439     |
|    iterations      | 176      |
|    time_elapsed    | 419      |
|    total_timesteps | 1441792  |
---------------------------------
------------------------------------------
| rollout/                |              |
|    ep_len_mean          | 992          |
|    ep_rew_mean          | -83.4        |
| time/                   |              |
|    fps                  | 3442         |
|    iterations           | 177          |
|    time_elapsed         | 421          |
|    total_timesteps      | 1449984      |
| train/                  |              |
|    approx_kl            | 0.0049394863 |
|    clip_fraction        | 0.027        |
|    clip_range           | 0.2          |
|    entropy_loss         | -1.01        |
|    explained_variance   | 0.971        |
|    learning_rate        | 0.0003       |
|    loss                 | 0.957        |
|    n_updates            | 1760         |
|    policy_gradient_loss | -0.00208     |
|    std                  | 0.657        |
|    value_loss           | 1.33         |
------------------------------------------
------------------------------------------
| rollout/                |              |
|    ep_len_mean          | 992          |
|    ep_rew_mean          | -80.9        |
| time/                   |              |
|    fps                  | 3444         |
|    iterations           | 178          |
|    time_elapsed         | 423          |
|    total_timesteps      | 1458176      |
| train/                  |              |
|    approx_kl            | 0.0025172047 |
|    clip_fraction        | 0.0241       |
|    clip_range           | 0.2          |
|    entropy_loss         | -0.996       |
|    explained_variance   | 0.974        |
|    learning_rate        | 0.0003       |
|    loss                 | 2.05         |
|    n_updates            | 1770         |
|    policy_gradient_loss | -0.00117     |
|    std                  | 0.653        |
|    value_loss           | 2.22         |
------------------------------------------
------------------------------------------
| rollout/                |              |
|    ep_len_mean          | 992          |
|    ep_rew_mean          | -84.1        |
| time/                   |              |
|    fps                  | 3446         |
|    iterations           | 179          |
|    time_elapsed         | 425          |
|    total_timesteps      | 1466368      |
| train/                  |              |
|    approx_kl            | 0.0042650783 |
|    clip_fraction        | 0.0221       |
|    clip_range           | 0.2          |
|    entropy_loss         | -0.991       |
|    explained_variance   | 0.96         |
|    learning_rate        | 0.0003       |
|    loss                 | 0.418        |
|    n_updates            | 1780         |
|    policy_gradient_loss | -0.000517    |
|    std                  | 0.65         |
|    value_loss           | 0.86         |
------------------------------------------
------------------------------------------
| rollout/                |              |
|    ep_len_mean          | 992          |
|    ep_rew_mean          | -88.3        |
| time/                   |              |
|    fps                  | 3449         |
|    iterations           | 180          |
|    time_elapsed         | 427          |
|    total_timesteps      | 1474560      |
| train/                  |              |
|    approx_kl            | 0.0011999956 |
|    clip_fraction        | 0.0171       |
|    clip_range           | 0.2          |
|    entropy_loss         | -0.988       |
|    explained_variance   | 0.97         |
|    learning_rate        | 0.0003       |
|    loss                 | 0.265        |
|    n_updates            | 1790         |
|    policy_gradient_loss | 0.000149     |
|    std                  | 0.651        |
|    value_loss           | 0.543        |
------------------------------------------
------------------------------------------
| rollout/                |              |
|    ep_len_mean          | 992          |
|    ep_rew_mean          | -91.6        |
| time/                   |              |
|    fps                  | 3451         |
|    iterations           | 181          |
|    time_elapsed         | 429          |
|    total_timesteps      | 1482752      |
| train/                  |              |
|    approx_kl            | 0.0022707982 |
|    clip_fraction        | 0.00808      |
|    clip_range           | 0.2          |
|    entropy_loss         | -0.987       |
|    explained_variance   | 0.958        |
|    learning_rate        | 0.0003       |
|    loss                 | 0.51         |
|    n_updates            | 1800         |
|    policy_gradient_loss | -0.000834    |
|    std                  | 0.645        |
|    value_loss           | 1.3          |
------------------------------------------
-----------------------------------------
| rollout/                |             |
|    ep_len_mean          | 992         |
|    ep_rew_mean          | -93.5       |
| time/                   |             |
|    fps                  | 3454        |
|    iterations           | 182         |
|    time_elapsed         | 431         |
|    total_timesteps      | 1490944     |
| train/                  |             |
|    approx_kl            | 0.004350902 |
|    clip_fraction        | 0.0305      |
|    clip_range           | 0.2         |
|    entropy_loss         | -0.982      |
|    explained_variance   | 0.979       |
|    learning_rate        | 0.0003      |
|    loss                 | 0.549       |
|    n_updates            | 1810        |
|    policy_gradient_loss | -0.000498   |
|    std                  | 0.648       |
|    value_loss           | 1.38        |
-----------------------------------------
------------------------------------------
| rollout/                |              |
|    ep_len_mean          | 992          |
|    ep_rew_mean          | -92.9        |
| time/                   |              |
|    fps                  | 3456         |
|    iterations           | 183          |
|    time_elapsed         | 433          |
|    total_timesteps      | 1499136      |
| train/                  |              |
|    approx_kl            | 0.0008291957 |
|    clip_fraction        | 0.00889      |
|    clip_range           | 0.2          |
|    entropy_loss         | -0.984       |
|    explained_variance   | 0.983        |
|    learning_rate        | 0.0003       |
|    loss                 | 0.391        |
|    n_updates            | 1820         |
|    policy_gradient_loss | -0.000309    |
|    std                  | 0.647        |
|    value_loss           | 0.738        |
------------------------------------------
------------------------------------------
| rollout/                |              |
|    ep_len_mean          | 992          |
|    ep_rew_mean          | -95.2        |
| time/                   |              |
|    fps                  | 3459         |
|    iterations           | 184          |
|    time_elapsed         | 435          |
|    total_timesteps      | 1507328      |
| train/                  |              |
|    approx_kl            | 0.0027771404 |
|    clip_fraction        | 0.00852      |
|    clip_range           | 0.2          |
|    entropy_loss         | -0.981       |
|    explained_variance   | 0.987        |
|    learning_rate        | 0.0003       |
|    loss                 | 0.41         |
|    n_updates            | 1830         |
|    policy_gradient_loss | 8.87e-05     |
|    std                  | 0.643        |
|    value_loss           | 0.82         |
------------------------------------------
------------------------------------------
| rollout/                |              |
|    ep_len_mean          | 992          |
|    ep_rew_mean          | -96.4        |
| time/                   |              |
|    fps                  | 3461         |
|    iterations           | 185          |
|    time_elapsed         | 437          |
|    total_timesteps      | 1515520      |
| train/                  |              |
|    approx_kl            | 0.0012162258 |
|    clip_fraction        | 0.0196       |
|    clip_range           | 0.2          |
|    entropy_loss         | -0.982       |
|    explained_variance   | 0.989        |
|    learning_rate        | 0.0003       |
|    loss                 | 0.231        |
|    n_updates            | 1840         |
|    policy_gradient_loss | 0.000457     |
|    std                  | 0.65         |
|    value_loss           | 0.445        |
------------------------------------------
-----------------------------------------
| rollout/                |             |
|    ep_len_mean          | 992         |
|    ep_rew_mean          | -97.1       |
| time/                   |             |
|    fps                  | 3463        |
|    iterations           | 186         |
|    time_elapsed         | 439         |
|    total_timesteps      | 1523712     |
| train/                  |             |
|    approx_kl            | 0.002596111 |
|    clip_fraction        | 0.011       |
|    clip_range           | 0.2         |
|    entropy_loss         | -0.992      |
|    explained_variance   | 0.975       |
|    learning_rate        | 0.0003      |
|    loss                 | 0.877       |
|    n_updates            | 1850        |
|    policy_gradient_loss | -0.0011     |
|    std                  | 0.657       |
|    value_loss           | 0.811       |
-----------------------------------------
------------------------------------------
| rollout/                |              |
|    ep_len_mean          | 992          |
|    ep_rew_mean          | -101         |
| time/                   |              |
|    fps                  | 3466         |
|    iterations           | 187          |
|    time_elapsed         | 441          |
|    total_timesteps      | 1531904      |
| train/                  |              |
|    approx_kl            | 0.0013068677 |
|    clip_fraction        | 0.00861      |
|    clip_range           | 0.2          |
|    entropy_loss         | -1           |
|    explained_variance   | 0.972        |
|    learning_rate        | 0.0003       |
|    loss                 | 0.324        |
|    n_updates            | 1860         |
|    policy_gradient_loss | 0.000193     |
|    std                  | 0.657        |
|    value_loss           | 0.87         |
------------------------------------------
------------------------------------------
| rollout/                |              |
|    ep_len_mean          | 1e+03        |
|    ep_rew_mean          | -93.9        |
| time/                   |              |
|    fps                  | 3468         |
|    iterations           | 188          |
|    time_elapsed         | 444          |
|    total_timesteps      | 1540096      |
| train/                  |              |
|    approx_kl            | 0.0026567308 |
|    clip_fraction        | 0.0255       |
|    clip_range           | 0.2          |
|    entropy_loss         | -0.998       |
|    explained_variance   | 0.984        |
|    learning_rate        | 0.0003       |
|    loss                 | 0.163        |
|    n_updates            | 1870         |
|    policy_gradient_loss | -0.000846    |
|    std                  | 0.656        |
|    value_loss           | 0.368        |
------------------------------------------
-----------------------------------------
| rollout/                |             |
|    ep_len_mean          | 1e+03       |
|    ep_rew_mean          | -93.1       |
| time/                   |             |
|    fps                  | 3470        |
|    iterations           | 189         |
|    time_elapsed         | 446         |
|    total_timesteps      | 1548288     |
| train/                  |             |
|    approx_kl            | 0.002642579 |
|    clip_fraction        | 0.0115      |
|    clip_range           | 0.2         |
|    entropy_loss         | -0.995      |
|    explained_variance   | 0.965       |
|    learning_rate        | 0.0003      |
|    loss                 | 0.526       |
|    n_updates            | 1880        |
|    policy_gradient_loss | 0.000126    |
|    std                  | 0.654       |
|    value_loss           | 0.822       |
-----------------------------------------
-----------------------------------------
| rollout/                |             |
|    ep_len_mean          | 1e+03       |
|    ep_rew_mean          | -91         |
| time/                   |             |
|    fps                  | 3472        |
|    iterations           | 190         |
|    time_elapsed         | 448         |
|    total_timesteps      | 1556480     |
| train/                  |             |
|    approx_kl            | 0.001464247 |
|    clip_fraction        | 0.00789     |
|    clip_range           | 0.2         |
|    entropy_loss         | -0.996      |
|    explained_variance   | 0.982       |
|    learning_rate        | 0.0003      |
|    loss                 | 0.349       |
|    n_updates            | 1890        |
|    policy_gradient_loss | -6.59e-05   |
|    std                  | 0.656       |
|    value_loss           | 1.02        |
-----------------------------------------
------------------------------------------
| rollout/                |              |
|    ep_len_mean          | 1e+03        |
|    ep_rew_mean          | -90.9        |
| time/                   |              |
|    fps                  | 3473         |
|    iterations           | 191          |
|    time_elapsed         | 450          |
|    total_timesteps      | 1564672      |
| train/                  |              |
|    approx_kl            | 0.0018557974 |
|    clip_fraction        | 0.00789      |
|    clip_range           | 0.2          |
|    entropy_loss         | -0.993       |
|    explained_variance   | 0.958        |
|    learning_rate        | 0.0003       |
|    loss                 | 0.263        |
|    n_updates            | 1900         |
|    policy_gradient_loss | 8.71e-05     |
|    std                  | 0.651        |
|    value_loss           | 0.533        |
------------------------------------------
------------------------------------------
| rollout/                |              |
|    ep_len_mean          | 1e+03        |
|    ep_rew_mean          | -88          |
| time/                   |              |
|    fps                  | 3475         |
|    iterations           | 192          |
|    time_elapsed         | 452          |
|    total_timesteps      | 1572864      |
| train/                  |              |
|    approx_kl            | 0.0027818626 |
|    clip_fraction        | 0.018        |
|    clip_range           | 0.2          |
|    entropy_loss         | -0.993       |
|    explained_variance   | 0.933        |
|    learning_rate        | 0.0003       |
|    loss                 | 0.214        |
|    n_updates            | 1910         |
|    policy_gradient_loss | -0.00109     |
|    std                  | 0.656        |
|    value_loss           | 0.495        |
------------------------------------------
------------------------------------------
| rollout/                |              |
|    ep_len_mean          | 1e+03        |
|    ep_rew_mean          | -85.2        |
| time/                   |              |
|    fps                  | 3478         |
|    iterations           | 193          |
|    time_elapsed         | 454          |
|    total_timesteps      | 1581056      |
| train/                  |              |
|    approx_kl            | 0.0015855043 |
|    clip_fraction        | 0.00947      |
|    clip_range           | 0.2          |
|    entropy_loss         | -0.995       |
|    explained_variance   | 0.941        |
|    learning_rate        | 0.0003       |
|    loss                 | 0.418        |
|    n_updates            | 1920         |
|    policy_gradient_loss | -0.00037     |
|    std                  | 0.653        |
|    value_loss           | 1.36         |
------------------------------------------
-----------------------------------------
| rollout/                |             |
|    ep_len_mean          | 1e+03       |
|    ep_rew_mean          | -85.7       |
| time/                   |             |
|    fps                  | 3480        |
|    iterations           | 194         |
|    time_elapsed         | 456         |
|    total_timesteps      | 1589248     |
| train/                  |             |
|    approx_kl            | 0.002504503 |
|    clip_fraction        | 0.0176      |
|    clip_range           | 0.2         |
|    entropy_loss         | -0.994      |
|    explained_variance   | 0.978       |
|    learning_rate        | 0.0003      |
|    loss                 | 0.153       |
|    n_updates            | 1930        |
|    policy_gradient_loss | -0.000377   |
|    std                  | 0.654       |
|    value_loss           | 0.426       |
-----------------------------------------
------------------------------------------
| rollout/                |              |
|    ep_len_mean          | 1e+03        |
|    ep_rew_mean          | -84.4        |
| time/                   |              |
|    fps                  | 3482         |
|    iterations           | 195          |
|    time_elapsed         | 458          |
|    total_timesteps      | 1597440      |
| train/                  |              |
|    approx_kl            | 0.0018147354 |
|    clip_fraction        | 0.0154       |
|    clip_range           | 0.2          |
|    entropy_loss         | -0.995       |
|    explained_variance   | 0.975        |
|    learning_rate        | 0.0003       |
|    loss                 | 0.345        |
|    n_updates            | 1940         |
|    policy_gradient_loss | -0.000456    |
|    std                  | 0.655        |
|    value_loss           | 0.486        |
------------------------------------------
Eval num_timesteps=1600000, episode_reward=-966.31 +/- 954.99
Episode length: 621.40 +/- 464.91
------------------------------------------
| eval/                   |              |
|    mean_ep_length       | 621          |
|    mean_reward          | -966         |
| time/                   |              |
|    total_timesteps      | 1600000      |
| train/                  |              |
|    approx_kl            | 0.0022989428 |
|    clip_fraction        | 0.013        |
|    clip_range           | 0.2          |
|    entropy_loss         | -1           |
|    explained_variance   | 0.944        |
|    learning_rate        | 0.0003       |
|    loss                 | 0.159        |
|    n_updates            | 1950         |
|    policy_gradient_loss | -0.000873    |
|    std                  | 0.66         |
|    value_loss           | 0.383        |
------------------------------------------
---------------------------------
| rollout/           |          |
|    ep_len_mean     | 1e+03    |
|    ep_rew_mean     | -81.3    |
| time/              |          |
|    fps             | 3458     |
|    iterations      | 196      |
|    time_elapsed    | 464      |
|    total_timesteps | 1605632  |
---------------------------------
------------------------------------------
| rollout/                |              |
|    ep_len_mean          | 1e+03        |
|    ep_rew_mean          | -77.3        |
| time/                   |              |
|    fps                  | 3460         |
|    iterations           | 197          |
|    time_elapsed         | 466          |
|    total_timesteps      | 1613824      |
| train/                  |              |
|    approx_kl            | 0.0040327986 |
|    clip_fraction        | 0.0115       |
|    clip_range           | 0.2          |
|    entropy_loss         | -1           |
|    explained_variance   | 0.988        |
|    learning_rate        | 0.0003       |
|    loss                 | 0.408        |
|    n_updates            | 1960         |
|    policy_gradient_loss | -0.000303    |
|    std                  | 0.657        |
|    value_loss           | 0.885        |
------------------------------------------
-----------------------------------------
| rollout/                |             |
|    ep_len_mean          | 1e+03       |
|    ep_rew_mean          | -75.3       |
| time/                   |             |
|    fps                  | 3462        |
|    iterations           | 198         |
|    time_elapsed         | 468         |
|    total_timesteps      | 1622016     |
| train/                  |             |
|    approx_kl            | 0.004456247 |
|    clip_fraction        | 0.0245      |
|    clip_range           | 0.2         |
|    entropy_loss         | -0.991      |
|    explained_variance   | 0.978       |
|    learning_rate        | 0.0003      |
|    loss                 | 0.215       |
|    n_updates            | 1970        |
|    policy_gradient_loss | -0.00152    |
|    std                  | 0.648       |
|    value_loss           | 0.42        |
-----------------------------------------
------------------------------------------
| rollout/                |              |
|    ep_len_mean          | 992          |
|    ep_rew_mean          | -78.4        |
| time/                   |              |
|    fps                  | 3464         |
|    iterations           | 199          |
|    time_elapsed         | 470          |
|    total_timesteps      | 1630208      |
| train/                  |              |
|    approx_kl            | 0.0011733111 |
|    clip_fraction        | 0.0135       |
|    clip_range           | 0.2          |
|    entropy_loss         | -0.983       |
|    explained_variance   | 0.988        |
|    learning_rate        | 0.0003       |
|    loss                 | 0.252        |
|    n_updates            | 1980         |
|    policy_gradient_loss | -0.00126     |
|    std                  | 0.646        |
|    value_loss           | 0.505        |
------------------------------------------
-----------------------------------------
| rollout/                |             |
|    ep_len_mean          | 992         |
|    ep_rew_mean          | -78.4       |
| time/                   |             |
|    fps                  | 3466        |
|    iterations           | 200         |
|    time_elapsed         | 472         |
|    total_timesteps      | 1638400     |
| train/                  |             |
|    approx_kl            | 0.003644458 |
|    clip_fraction        | 0.0168      |
|    clip_range           | 0.2         |
|    entropy_loss         | -0.981      |
|    explained_variance   | 0.155       |
|    learning_rate        | 0.0003      |
|    loss                 | 1.66        |
|    n_updates            | 1990        |
|    policy_gradient_loss | -0.00084    |
|    std                  | 0.646       |
|    value_loss           | 253         |
-----------------------------------------
-----------------------------------------
| rollout/                |             |
|    ep_len_mean          | 982         |
|    ep_rew_mean          | -83.3       |
| time/                   |             |
|    fps                  | 3468        |
|    iterations           | 201         |
|    time_elapsed         | 474         |
|    total_timesteps      | 1646592     |
| train/                  |             |
|    approx_kl            | 0.002538227 |
|    clip_fraction        | 0.0217      |
|    clip_range           | 0.2         |
|    entropy_loss         | -0.978      |
|    explained_variance   | 0.969       |
|    learning_rate        | 0.0003      |
|    loss                 | 0.647       |
|    n_updates            | 2000        |
|    policy_gradient_loss | -0.00242    |
|    std                  | 0.64        |
|    value_loss           | 1.45        |
-----------------------------------------
-----------------------------------------
| rollout/                |             |
|    ep_len_mean          | 982         |
|    ep_rew_mean          | -84.7       |
| time/                   |             |
|    fps                  | 3470        |
|    iterations           | 202         |
|    time_elapsed         | 476         |
|    total_timesteps      | 1654784     |
| train/                  |             |
|    approx_kl            | 0.001271281 |
|    clip_fraction        | 0.0109      |
|    clip_range           | 0.2         |
|    entropy_loss         | -0.972      |
|    explained_variance   | 0.137       |
|    learning_rate        | 0.0003      |
|    loss                 | 0.836       |
|    n_updates            | 2010        |
|    policy_gradient_loss | -0.00296    |
|    std                  | 0.64        |
|    value_loss           | 234         |
-----------------------------------------
------------------------------------------
| rollout/                |              |
|    ep_len_mean          | 982          |
|    ep_rew_mean          | -84.6        |
| time/                   |              |
|    fps                  | 3472         |
|    iterations           | 203          |
|    time_elapsed         | 478          |
|    total_timesteps      | 1662976      |
| train/                  |              |
|    approx_kl            | 0.0006318124 |
|    clip_fraction        | 0.0119       |
|    clip_range           | 0.2          |
|    entropy_loss         | -0.977       |
|    explained_variance   | 0.966        |
|    learning_rate        | 0.0003       |
|    loss                 | 0.536        |
|    n_updates            | 2020         |
|    policy_gradient_loss | -4.98e-05    |
|    std                  | 0.646        |
|    value_loss           | 1.05         |
------------------------------------------
----------------------------------------
| rollout/                |            |
|    ep_len_mean          | 982        |
|    ep_rew_mean          | -84        |
| time/                   |            |
|    fps                  | 3474       |
|    iterations           | 204        |
|    time_elapsed         | 480        |
|    total_timesteps      | 1671168    |
| train/                  |            |
|    approx_kl            | 0.00374066 |
|    clip_fraction        | 0.0395     |
|    clip_range           | 0.2        |
|    entropy_loss         | -0.982     |
|    explained_variance   | 0.983      |
|    learning_rate        | 0.0003     |
|    loss                 | 0.369      |
|    n_updates            | 2030       |
|    policy_gradient_loss | -0.000895  |
|    std                  | 0.645      |
|    value_loss           | 0.675      |
----------------------------------------
------------------------------------------
| rollout/                |              |
|    ep_len_mean          | 973          |
|    ep_rew_mean          | -87.5        |
| time/                   |              |
|    fps                  | 3476         |
|    iterations           | 205          |
|    time_elapsed         | 483          |
|    total_timesteps      | 1679360      |
| train/                  |              |
|    approx_kl            | 0.0010228155 |
|    clip_fraction        | 0.00791      |
|    clip_range           | 0.2          |
|    entropy_loss         | -0.982       |
|    explained_variance   | 0.977        |
|    learning_rate        | 0.0003       |
|    loss                 | 0.236        |
|    n_updates            | 2040         |
|    policy_gradient_loss | -0.000144    |
|    std                  | 0.645        |
|    value_loss           | 0.637        |
------------------------------------------
------------------------------------------
| rollout/                |              |
|    ep_len_mean          | 973          |
|    ep_rew_mean          | -87          |
| time/                   |              |
|    fps                  | 3478         |
|    iterations           | 206          |
|    time_elapsed         | 485          |
|    total_timesteps      | 1687552      |
| train/                  |              |
|    approx_kl            | 0.0012793913 |
|    clip_fraction        | 7.32e-05     |
|    clip_range           | 0.2          |
|    entropy_loss         | -0.98        |
|    explained_variance   | 0.28         |
|    learning_rate        | 0.0003       |
|    loss                 | 445          |
|    n_updates            | 2050         |
|    policy_gradient_loss | -6.9e-05     |
|    std                  | 0.645        |
|    value_loss           | 250          |
------------------------------------------
------------------------------------------
| rollout/                |              |
|    ep_len_mean          | 973          |
|    ep_rew_mean          | -90.2        |
| time/                   |              |
|    fps                  | 3480         |
|    iterations           | 207          |
|    time_elapsed         | 487          |
|    total_timesteps      | 1695744      |
| train/                  |              |
|    approx_kl            | 0.0039628334 |
|    clip_fraction        | 0.0299       |
|    clip_range           | 0.2          |
|    entropy_loss         | -0.979       |
|    explained_variance   | 0.96         |
|    learning_rate        | 0.0003       |
|    loss                 | 0.45         |
|    n_updates            | 2060         |
|    policy_gradient_loss | -0.00207     |
|    std                  | 0.643        |
|    value_loss           | 1.4          |
------------------------------------------
------------------------------------------
| rollout/                |              |
|    ep_len_mean          | 963          |
|    ep_rew_mean          | -94.9        |
| time/                   |              |
|    fps                  | 3481         |
|    iterations           | 208          |
|    time_elapsed         | 489          |
|    total_timesteps      | 1703936      |
| train/                  |              |
|    approx_kl            | 0.0020372798 |
|    clip_fraction        | 0.0109       |
|    clip_range           | 0.2          |
|    entropy_loss         | -0.977       |
|    explained_variance   | 0.979        |
|    learning_rate        | 0.0003       |
|    loss                 | 0.335        |
|    n_updates            | 2070         |
|    policy_gradient_loss | -0.000237    |
|    std                  | 0.641        |
|    value_loss           | 0.908        |
------------------------------------------
------------------------------------------
| rollout/                |              |
|    ep_len_mean          | 963          |
|    ep_rew_mean          | -97.4        |
| time/                   |              |
|    fps                  | 3483         |
|    iterations           | 209          |
|    time_elapsed         | 491          |
|    total_timesteps      | 1712128      |
| train/                  |              |
|    approx_kl            | 0.0029999039 |
|    clip_fraction        | 0.00144      |
|    clip_range           | 0.2          |
|    entropy_loss         | -0.974       |
|    explained_variance   | 0.126        |
|    learning_rate        | 0.0003       |
|    loss                 | 2.3          |
|    n_updates            | 2080         |
|    policy_gradient_loss | -9.88e-05    |
|    std                  | 0.641        |
|    value_loss           | 247          |
------------------------------------------
----------------------------------------
| rollout/                |            |
|    ep_len_mean          | 963        |
|    ep_rew_mean          | -98.2      |
| time/                   |            |
|    fps                  | 3485       |
|    iterations           | 210        |
|    time_elapsed         | 493        |
|    total_timesteps      | 1720320    |
| train/                  |            |
|    approx_kl            | 0.00159077 |
|    clip_fraction        | 0.0291     |
|    clip_range           | 0.2        |
|    entropy_loss         | -0.974     |
|    explained_variance   | 0.902      |
|    learning_rate        | 0.0003     |
|    loss                 | 0.868      |
|    n_updates            | 2090       |
|    policy_gradient_loss | -0.000665  |
|    std                  | 0.641      |
|    value_loss           | 2.27       |
----------------------------------------
------------------------------------------
| rollout/                |              |
|    ep_len_mean          | 963          |
|    ep_rew_mean          | -100         |
| time/                   |              |
|    fps                  | 3487         |
|    iterations           | 211          |
|    time_elapsed         | 495          |
|    total_timesteps      | 1728512      |
| train/                  |              |
|    approx_kl            | 0.0031310166 |
|    clip_fraction        | 0.0226       |
|    clip_range           | 0.2          |
|    entropy_loss         | -0.968       |
|    explained_variance   | 0.962        |
|    learning_rate        | 0.0003       |
|    loss                 | 0.421        |
|    n_updates            | 2100         |
|    policy_gradient_loss | -0.00075     |
|    std                  | 0.633        |
|    value_loss           | 1.11         |
------------------------------------------
------------------------------------------
| rollout/                |              |
|    ep_len_mean          | 973          |
|    ep_rew_mean          | -90.6        |
| time/                   |              |
|    fps                  | 3489         |
|    iterations           | 212          |
|    time_elapsed         | 497          |
|    total_timesteps      | 1736704      |
| train/                  |              |
|    approx_kl            | 0.0022087567 |
|    clip_fraction        | 0.00114      |
|    clip_range           | 0.2          |
|    entropy_loss         | -0.961       |
|    explained_variance   | 0.217        |
|    learning_rate        | 0.0003       |
|    loss                 | 112          |
|    n_updates            | 2110         |
|    policy_gradient_loss | 7.15e-05     |
|    std                  | 0.633        |
|    value_loss           | 243          |
------------------------------------------
-------------------------------------------
| rollout/                |               |
|    ep_len_mean          | 973           |
|    ep_rew_mean          | -90.4         |
| time/                   |               |
|    fps                  | 3491          |
|    iterations           | 213           |
|    time_elapsed         | 499           |
|    total_timesteps      | 1744896       |
| train/                  |               |
|    approx_kl            | 0.00076873275 |
|    clip_fraction        | 0.00991       |
|    clip_range           | 0.2           |
|    entropy_loss         | -0.963        |
|    explained_variance   | 0.959         |
|    learning_rate        | 0.0003        |
|    loss                 | 0.67          |
|    n_updates            | 2120          |
|    policy_gradient_loss | -4.21e-05     |
|    std                  | 0.634         |
|    value_loss           | 2.97          |
-------------------------------------------
------------------------------------------
| rollout/                |              |
|    ep_len_mean          | 964          |
|    ep_rew_mean          | -96.6        |
| time/                   |              |
|    fps                  | 3493         |
|    iterations           | 214          |
|    time_elapsed         | 501          |
|    total_timesteps      | 1753088      |
| train/                  |              |
|    approx_kl            | 0.0035833707 |
|    clip_fraction        | 0.0149       |
|    clip_range           | 0.2          |
|    entropy_loss         | -0.965       |
|    explained_variance   | 0.979        |
|    learning_rate        | 0.0003       |
|    loss                 | 0.964        |
|    n_updates            | 2130         |
|    policy_gradient_loss | -0.000628    |
|    std                  | 0.635        |
|    value_loss           | 2.26         |
------------------------------------------
Eval num_timesteps=1760000, episode_reward=-914.33 +/- 1082.02
Episode length: 636.00 +/- 447.05
------------------------------------------
| eval/                   |              |
|    mean_ep_length       | 636          |
|    mean_reward          | -914         |
| time/                   |              |
|    total_timesteps      | 1760000      |
| train/                  |              |
|    approx_kl            | 0.0028200406 |
|    clip_fraction        | 0.00825      |
|    clip_range           | 0.2          |
|    entropy_loss         | -0.965       |
|    explained_variance   | 0.385        |
|    learning_rate        | 0.0003       |
|    loss                 | 86.1         |
|    n_updates            | 2140         |
|    policy_gradient_loss | -0.00057     |
|    std                  | 0.636        |
|    value_loss           | 246          |
------------------------------------------
---------------------------------
| rollout/           |          |
|    ep_len_mean     | 964      |
|    ep_rew_mean     | -95.4    |
| time/              |          |
|    fps             | 3471     |
|    iterations      | 215      |
|    time_elapsed    | 507      |
|    total_timesteps | 1761280  |
---------------------------------
-----------------------------------------
| rollout/                |             |
|    ep_len_mean          | 964         |
|    ep_rew_mean          | -99.3       |
| time/                   |             |
|    fps                  | 3472        |
|    iterations           | 216         |
|    time_elapsed         | 509         |
|    total_timesteps      | 1769472     |
| train/                  |             |
|    approx_kl            | 0.002672528 |
|    clip_fraction        | 0.0302      |
|    clip_range           | 0.2         |
|    entropy_loss         | -0.961      |
|    explained_variance   | 0.825       |
|    learning_rate        | 0.0003      |
|    loss                 | 0.442       |
|    n_updates            | 2150        |
|    policy_gradient_loss | -0.000937   |
|    std                  | 0.628       |
|    value_loss           | 1.08        |
-----------------------------------------
------------------------------------------
| rollout/                |              |
|    ep_len_mean          | 973          |
|    ep_rew_mean          | -98.6        |
| time/                   |              |
|    fps                  | 3474         |
|    iterations           | 217          |
|    time_elapsed         | 511          |
|    total_timesteps      | 1777664      |
| train/                  |              |
|    approx_kl            | 0.0015141773 |
|    clip_fraction        | 0.0306       |
|    clip_range           | 0.2          |
|    entropy_loss         | -0.946       |
|    explained_variance   | 0.983        |
|    learning_rate        | 0.0003       |
|    loss                 | 0.439        |
|    n_updates            | 2160         |
|    policy_gradient_loss | -0.000959    |
|    std                  | 0.619        |
|    value_loss           | 1.32         |
------------------------------------------
------------------------------------------
| rollout/                |              |
|    ep_len_mean          | 973          |
|    ep_rew_mean          | -103         |
| time/                   |              |
|    fps                  | 3476         |
|    iterations           | 218          |
|    time_elapsed         | 513          |
|    total_timesteps      | 1785856      |
| train/                  |              |
|    approx_kl            | 0.0014363711 |
|    clip_fraction        | 0.0294       |
|    clip_range           | 0.2          |
|    entropy_loss         | -0.934       |
|    explained_variance   | 0.975        |
|    learning_rate        | 0.0003       |
|    loss                 | 0.283        |
|    n_updates            | 2170         |
|    policy_gradient_loss | -0.000142    |
|    std                  | 0.614        |
|    value_loss           | 0.838        |
------------------------------------------
-----------------------------------------
| rollout/                |             |
|    ep_len_mean          | 973         |
|    ep_rew_mean          | -99.9       |
| time/                   |             |
|    fps                  | 3479        |
|    iterations           | 219         |
|    time_elapsed         | 515         |
|    total_timesteps      | 1794048     |
| train/                  |             |
|    approx_kl            | 0.002495211 |
|    clip_fraction        | 0.0231      |
|    clip_range           | 0.2         |
|    entropy_loss         | -0.939      |
|    explained_variance   | 0.953       |
|    learning_rate        | 0.0003      |
|    loss                 | 0.257       |
|    n_updates            | 2180        |
|    policy_gradient_loss | 0.000108    |
|    std                  | 0.623       |
|    value_loss           | 0.6         |
-----------------------------------------
------------------------------------------
| rollout/                |              |
|    ep_len_mean          | 982          |
|    ep_rew_mean          | -99.3        |
| time/                   |              |
|    fps                  | 3481         |
|    iterations           | 220          |
|    time_elapsed         | 517          |
|    total_timesteps      | 1802240      |
| train/                  |              |
|    approx_kl            | 0.0017683818 |
|    clip_fraction        | 0.0246       |
|    clip_range           | 0.2          |
|    entropy_loss         | -0.95        |
|    explained_variance   | 0.937        |
|    learning_rate        | 0.0003       |
|    loss                 | 1.26         |
|    n_updates            | 2190         |
|    policy_gradient_loss | -0.000841    |
|    std                  | 0.629        |
|    value_loss           | 1.95         |
------------------------------------------
----------------------------------------
| rollout/                |            |
|    ep_len_mean          | 973        |
|    ep_rew_mean          | -103       |
| time/                   |            |
|    fps                  | 3483       |
|    iterations           | 221        |
|    time_elapsed         | 519        |
|    total_timesteps      | 1810432    |
| train/                  |            |
|    approx_kl            | 0.00468109 |
|    clip_fraction        | 0.0151     |
|    clip_range           | 0.2        |
|    entropy_loss         | -0.956     |
|    explained_variance   | 0.986      |
|    learning_rate        | 0.0003     |
|    loss                 | 0.847      |
|    n_updates            | 2200       |
|    policy_gradient_loss | 0.000493   |
|    std                  | 0.629      |
|    value_loss           | 1.84       |
----------------------------------------
------------------------------------------
| rollout/                |              |
|    ep_len_mean          | 973          |
|    ep_rew_mean          | -105         |
| time/                   |              |
|    fps                  | 3485         |
|    iterations           | 222          |
|    time_elapsed         | 521          |
|    total_timesteps      | 1818624      |
| train/                  |              |
|    approx_kl            | 0.0018340303 |
|    clip_fraction        | 0.0283       |
|    clip_range           | 0.2          |
|    entropy_loss         | -0.956       |
|    explained_variance   | 0.39         |
|    learning_rate        | 0.0003       |
|    loss                 | 114          |
|    n_updates            | 2210         |
|    policy_gradient_loss | -0.000631    |
|    std                  | 0.63         |
|    value_loss           | 244          |
------------------------------------------
------------------------------------------
| rollout/                |              |
|    ep_len_mean          | 982          |
|    ep_rew_mean          | -99.4        |
| time/                   |              |
|    fps                  | 3487         |
|    iterations           | 223          |
|    time_elapsed         | 523          |
|    total_timesteps      | 1826816      |
| train/                  |              |
|    approx_kl            | 0.0041285125 |
|    clip_fraction        | 0.0305       |
|    clip_range           | 0.2          |
|    entropy_loss         | -0.957       |
|    explained_variance   | 0.957        |
|    learning_rate        | 0.0003       |
|    loss                 | 1.02         |
|    n_updates            | 2220         |
|    policy_gradient_loss | -0.00122     |
|    std                  | 0.63         |
|    value_loss           | 2.11         |
------------------------------------------
------------------------------------------
| rollout/                |              |
|    ep_len_mean          | 982          |
|    ep_rew_mean          | -105         |
| time/                   |              |
|    fps                  | 3488         |
|    iterations           | 224          |
|    time_elapsed         | 525          |
|    total_timesteps      | 1835008      |
| train/                  |              |
|    approx_kl            | 0.0052048382 |
|    clip_fraction        | 0.0445       |
|    clip_range           | 0.2          |
|    entropy_loss         | -0.956       |
|    explained_variance   | 0.978        |
|    learning_rate        | 0.0003       |
|    loss                 | 0.38         |
|    n_updates            | 2230         |
|    policy_gradient_loss | -0.00147     |
|    std                  | 0.629        |
|    value_loss           | 0.87         |
------------------------------------------
------------------------------------------
| rollout/                |              |
|    ep_len_mean          | 982          |
|    ep_rew_mean          | -108         |
| time/                   |              |
|    fps                  | 3490         |
|    iterations           | 225          |
|    time_elapsed         | 528          |
|    total_timesteps      | 1843200      |
| train/                  |              |
|    approx_kl            | 0.0028831414 |
|    clip_fraction        | 0.0119       |
|    clip_range           | 0.2          |
|    entropy_loss         | -0.955       |
|    explained_variance   | 0.972        |
|    learning_rate        | 0.0003       |
|    loss                 | 0.329        |
|    n_updates            | 2240         |
|    policy_gradient_loss | -0.00153     |
|    std                  | 0.628        |
|    value_loss           | 1.2          |
------------------------------------------
------------------------------------------
| rollout/                |              |
|    ep_len_mean          | 992          |
|    ep_rew_mean          | -104         |
| time/                   |              |
|    fps                  | 3491         |
|    iterations           | 226          |
|    time_elapsed         | 530          |
|    total_timesteps      | 1851392      |
| train/                  |              |
|    approx_kl            | 0.0012011372 |
|    clip_fraction        | 0.0142       |
|    clip_range           | 0.2          |
|    entropy_loss         | -0.955       |
|    explained_variance   | 0.983        |
|    learning_rate        | 0.0003       |
|    loss                 | 0.329        |
|    n_updates            | 2250         |
|    policy_gradient_loss | 0.000135     |
|    std                  | 0.63         |
|    value_loss           | 0.944        |
------------------------------------------
------------------------------------------
| rollout/                |              |
|    ep_len_mean          | 992          |
|    ep_rew_mean          | -104         |
| time/                   |              |
|    fps                  | 3493         |
|    iterations           | 227          |
|    time_elapsed         | 532          |
|    total_timesteps      | 1859584      |
| train/                  |              |
|    approx_kl            | 0.0032937606 |
|    clip_fraction        | 0.0308       |
|    clip_range           | 0.2          |
|    entropy_loss         | -0.956       |
|    explained_variance   | 0.972        |
|    learning_rate        | 0.0003       |
|    loss                 | 0.217        |
|    n_updates            | 2260         |
|    policy_gradient_loss | 0.000125     |
|    std                  | 0.63         |
|    value_loss           | 0.847        |
------------------------------------------
------------------------------------------
| rollout/                |              |
|    ep_len_mean          | 992          |
|    ep_rew_mean          | -103         |
| time/                   |              |
|    fps                  | 3495         |
|    iterations           | 228          |
|    time_elapsed         | 534          |
|    total_timesteps      | 1867776      |
| train/                  |              |
|    approx_kl            | 0.0022673057 |
|    clip_fraction        | 0.0155       |
|    clip_range           | 0.2          |
|    entropy_loss         | -0.957       |
|    explained_variance   | 0.959        |
|    learning_rate        | 0.0003       |
|    loss                 | 0.254        |
|    n_updates            | 2270         |
|    policy_gradient_loss | -0.000482    |
|    std                  | 0.63         |
|    value_loss           | 0.571        |
------------------------------------------
------------------------------------------
| rollout/                |              |
|    ep_len_mean          | 992          |
|    ep_rew_mean          | -102         |
| time/                   |              |
|    fps                  | 3496         |
|    iterations           | 229          |
|    time_elapsed         | 536          |
|    total_timesteps      | 1875968      |
| train/                  |              |
|    approx_kl            | 0.0017431738 |
|    clip_fraction        | 0.0213       |
|    clip_range           | 0.2          |
|    entropy_loss         | -0.96        |
|    explained_variance   | 0.983        |
|    learning_rate        | 0.0003       |
|    loss                 | 0.241        |
|    n_updates            | 2280         |
|    policy_gradient_loss | 0.000129     |
|    std                  | 0.634        |
|    value_loss           | 0.512        |
------------------------------------------
-----------------------------------------
| rollout/                |             |
|    ep_len_mean          | 992         |
|    ep_rew_mean          | -101        |
| time/                   |             |
|    fps                  | 3497        |
|    iterations           | 230         |
|    time_elapsed         | 538         |
|    total_timesteps      | 1884160     |
| train/                  |             |
|    approx_kl            | 0.002087764 |
|    clip_fraction        | 0.0111      |
|    clip_range           | 0.2         |
|    entropy_loss         | -0.965      |
|    explained_variance   | 0.974       |
|    learning_rate        | 0.0003      |
|    loss                 | 0.152       |
|    n_updates            | 2290        |
|    policy_gradient_loss | 0.000121    |
|    std                  | 0.634       |
|    value_loss           | 0.518       |
-----------------------------------------
------------------------------------------
| rollout/                |              |
|    ep_len_mean          | 992          |
|    ep_rew_mean          | -99.8        |
| time/                   |              |
|    fps                  | 3499         |
|    iterations           | 231          |
|    time_elapsed         | 540          |
|    total_timesteps      | 1892352      |
| train/                  |              |
|    approx_kl            | 0.0025425907 |
|    clip_fraction        | 0.0311       |
|    clip_range           | 0.2          |
|    entropy_loss         | -0.961       |
|    explained_variance   | 0.935        |
|    learning_rate        | 0.0003       |
|    loss                 | 0.149        |
|    n_updates            | 2300         |
|    policy_gradient_loss | 0.000532     |
|    std                  | 0.631        |
|    value_loss           | 0.34         |
------------------------------------------
------------------------------------------
| rollout/                |              |
|    ep_len_mean          | 992          |
|    ep_rew_mean          | -97.6        |
| time/                   |              |
|    fps                  | 3500         |
|    iterations           | 232          |
|    time_elapsed         | 542          |
|    total_timesteps      | 1900544      |
| train/                  |              |
|    approx_kl            | 0.0021016977 |
|    clip_fraction        | 0.0123       |
|    clip_range           | 0.2          |
|    entropy_loss         | -0.949       |
|    explained_variance   | 0.834        |
|    learning_rate        | 0.0003       |
|    loss                 | 0.137        |
|    n_updates            | 2310         |
|    policy_gradient_loss | 0.00033      |
|    std                  | 0.62         |
|    value_loss           | 0.292        |
------------------------------------------
------------------------------------------
| rollout/                |              |
|    ep_len_mean          | 982          |
|    ep_rew_mean          | -102         |
| time/                   |              |
|    fps                  | 3501         |
|    iterations           | 233          |
|    time_elapsed         | 545          |
|    total_timesteps      | 1908736      |
| train/                  |              |
|    approx_kl            | 0.0016138839 |
|    clip_fraction        | 0.0207       |
|    clip_range           | 0.2          |
|    entropy_loss         | -0.94        |
|    explained_variance   | 0.983        |
|    learning_rate        | 0.0003       |
|    loss                 | 0.181        |
|    n_updates            | 2320         |
|    policy_gradient_loss | -0.00225     |
|    std                  | 0.619        |
|    value_loss           | 0.451        |
------------------------------------------
------------------------------------------
| rollout/                |              |
|    ep_len_mean          | 992          |
|    ep_rew_mean          | -95          |
| time/                   |              |
|    fps                  | 3503         |
|    iterations           | 234          |
|    time_elapsed         | 547          |
|    total_timesteps      | 1916928      |
| train/                  |              |
|    approx_kl            | 0.0013463944 |
|    clip_fraction        | 0.00123      |
|    clip_range           | 0.2          |
|    entropy_loss         | -0.939       |
|    explained_variance   | 0.176        |
|    learning_rate        | 0.0003       |
|    loss                 | 110          |
|    n_updates            | 2330         |
|    policy_gradient_loss | -0.000137    |
|    std                  | 0.619        |
|    value_loss           | 244          |
------------------------------------------
Eval num_timesteps=1920000, episode_reward=-709.33 +/- 1067.83
Episode length: 1001.00 +/- 0.00
------------------------------------------
| eval/                   |              |
|    mean_ep_length       | 1e+03        |
|    mean_reward          | -709         |
| time/                   |              |
|    total_timesteps      | 1920000      |
| train/                  |              |
|    approx_kl            | 0.0034635742 |
|    clip_fraction        | 0.0412       |
|    clip_range           | 0.2          |
|    entropy_loss         | -0.935       |
|    explained_variance   | 0.904        |
|    learning_rate        | 0.0003       |
|    loss                 | 0.246        |
|    n_updates            | 2340         |
|    policy_gradient_loss | -0.00333     |
|    std                  | 0.615        |
|    value_loss           | 0.772        |
------------------------------------------
---------------------------------
| rollout/           |          |
|    ep_len_mean     | 992      |
|    ep_rew_mean     | -85.7    |
| time/              |          |
|    fps             | 3471     |
|    iterations      | 235      |
|    time_elapsed    | 554      |
|    total_timesteps | 1925120  |
---------------------------------
-------------------------------------------
| rollout/                |               |
|    ep_len_mean          | 992           |
|    ep_rew_mean          | -84.2         |
| time/                   |               |
|    fps                  | 3472          |
|    iterations           | 236           |
|    time_elapsed         | 556           |
|    total_timesteps      | 1933312       |
| train/                  |               |
|    approx_kl            | 0.00037548615 |
|    clip_fraction        | 0.0225        |
|    clip_range           | 0.2           |
|    entropy_loss         | -0.928        |
|    explained_variance   | 0.966         |
|    learning_rate        | 0.0003        |
|    loss                 | 0.287         |
|    n_updates            | 2350          |
|    policy_gradient_loss | -0.0013       |
|    std                  | 0.611         |
|    value_loss           | 0.959         |
-------------------------------------------
------------------------------------------
| rollout/                |              |
|    ep_len_mean          | 992          |
|    ep_rew_mean          | -77.6        |
| time/                   |              |
|    fps                  | 3474         |
|    iterations           | 237          |
|    time_elapsed         | 558          |
|    total_timesteps      | 1941504      |
| train/                  |              |
|    approx_kl            | 0.0019743803 |
|    clip_fraction        | 0.0246       |
|    clip_range           | 0.2          |
|    entropy_loss         | -0.922       |
|    explained_variance   | 0.974        |
|    learning_rate        | 0.0003       |
|    loss                 | 0.217        |
|    n_updates            | 2360         |
|    policy_gradient_loss | -0.000128    |
|    std                  | 0.607        |
|    value_loss           | 0.744        |
------------------------------------------
------------------------------------------
| rollout/                |              |
|    ep_len_mean          | 992          |
|    ep_rew_mean          | -76.1        |
| time/                   |              |
|    fps                  | 3475         |
|    iterations           | 238          |
|    time_elapsed         | 560          |
|    total_timesteps      | 1949696      |
| train/                  |              |
|    approx_kl            | 0.0022735135 |
|    clip_fraction        | 0.0105       |
|    clip_range           | 0.2          |
|    entropy_loss         | -0.92        |
|    explained_variance   | 0.963        |
|    learning_rate        | 0.0003       |
|    loss                 | 0.259        |
|    n_updates            | 2370         |
|    policy_gradient_loss | -0.00034     |
|    std                  | 0.607        |
|    value_loss           | 0.558        |
------------------------------------------
------------------------------------------
| rollout/                |              |
|    ep_len_mean          | 992          |
|    ep_rew_mean          | -76.5        |
| time/                   |              |
|    fps                  | 3477         |
|    iterations           | 239          |
|    time_elapsed         | 563          |
|    total_timesteps      | 1957888      |
| train/                  |              |
|    approx_kl            | 0.0029612677 |
|    clip_fraction        | 0.0239       |
|    clip_range           | 0.2          |
|    entropy_loss         | -0.911       |
|    explained_variance   | 0.892        |
|    learning_rate        | 0.0003       |
|    loss                 | 0.174        |
|    n_updates            | 2380         |
|    policy_gradient_loss | -0.00086     |
|    std                  | 0.596        |
|    value_loss           | 0.515        |
------------------------------------------
------------------------------------------
| rollout/                |              |
|    ep_len_mean          | 992          |
|    ep_rew_mean          | -74.2        |
| time/                   |              |
|    fps                  | 3479         |
|    iterations           | 240          |
|    time_elapsed         | 565          |
|    total_timesteps      | 1966080      |
| train/                  |              |
|    approx_kl            | 0.0009534148 |
|    clip_fraction        | 0.00563      |
|    clip_range           | 0.2          |
|    entropy_loss         | -0.903       |
|    explained_variance   | 0.958        |
|    learning_rate        | 0.0003       |
|    loss                 | 0.363        |
|    n_updates            | 2390         |
|    policy_gradient_loss | 0.000272     |
|    std                  | 0.597        |
|    value_loss           | 0.799        |
------------------------------------------
------------------------------------------
| rollout/                |              |
|    ep_len_mean          | 992          |
|    ep_rew_mean          | -69.3        |
| time/                   |              |
|    fps                  | 3481         |
|    iterations           | 241          |
|    time_elapsed         | 567          |
|    total_timesteps      | 1974272      |
| train/                  |              |
|    approx_kl            | 0.0027042255 |
|    clip_fraction        | 0.0158       |
|    clip_range           | 0.2          |
|    entropy_loss         | -0.902       |
|    explained_variance   | 0.975        |
|    learning_rate        | 0.0003       |
|    loss                 | 0.289        |
|    n_updates            | 2400         |
|    policy_gradient_loss | -0.000403    |
|    std                  | 0.596        |
|    value_loss           | 0.766        |
------------------------------------------
------------------------------------------
| rollout/                |              |
|    ep_len_mean          | 992          |
|    ep_rew_mean          | -68.4        |
| time/                   |              |
|    fps                  | 3482         |
|    iterations           | 242          |
|    time_elapsed         | 569          |
|    total_timesteps      | 1982464      |
| train/                  |              |
|    approx_kl            | 0.0017136729 |
|    clip_fraction        | 0.0104       |
|    clip_range           | 0.2          |
|    entropy_loss         | -0.908       |
|    explained_variance   | 0.982        |
|    learning_rate        | 0.0003       |
|    loss                 | 0.288        |
|    n_updates            | 2410         |
|    policy_gradient_loss | -0.000196    |
|    std                  | 0.605        |
|    value_loss           | 0.816        |
------------------------------------------
-----------------------------------------
| rollout/                |             |
|    ep_len_mean          | 992         |
|    ep_rew_mean          | -69.6       |
| time/                   |             |
|    fps                  | 3484        |
|    iterations           | 243         |
|    time_elapsed         | 571         |
|    total_timesteps      | 1990656     |
| train/                  |             |
|    approx_kl            | 0.002927526 |
|    clip_fraction        | 0.0298      |
|    clip_range           | 0.2         |
|    entropy_loss         | -0.909      |
|    explained_variance   | 0.983       |
|    learning_rate        | 0.0003      |
|    loss                 | 0.161       |
|    n_updates            | 2420        |
|    policy_gradient_loss | 0.000104    |
|    std                  | 0.597       |
|    value_loss           | 0.322       |
-----------------------------------------
------------------------------------------
| rollout/                |              |
|    ep_len_mean          | 992          |
|    ep_rew_mean          | -71.4        |
| time/                   |              |
|    fps                  | 3486         |
|    iterations           | 244          |
|    time_elapsed         | 573          |
|    total_timesteps      | 1998848      |
| train/                  |              |
|    approx_kl            | 0.0014817105 |
|    clip_fraction        | 0.0102       |
|    clip_range           | 0.2          |
|    entropy_loss         | -0.906       |
|    explained_variance   | 0.978        |
|    learning_rate        | 0.0003       |
|    loss                 | 0.187        |
|    n_updates            | 2430         |
|    policy_gradient_loss | -0.000173    |
|    std                  | 0.6          |
|    value_loss           | 0.777        |
------------------------------------------
------------------------------------------
| rollout/                |              |
|    ep_len_mean          | 1e+03        |
|    ep_rew_mean          | -68.8        |
| time/                   |              |
|    fps                  | 3488         |
|    iterations           | 245          |
|    time_elapsed         | 575          |
|    total_timesteps      | 2007040      |
| train/                  |              |
|    approx_kl            | 0.0022613658 |
|    clip_fraction        | 0.0102       |
|    clip_range           | 0.2          |
|    entropy_loss         | -0.908       |
|    explained_variance   | 0.975        |
|    learning_rate        | 0.0003       |
|    loss                 | 0.241        |
|    n_updates            | 2440         |
|    policy_gradient_loss | -0.000723    |
|    std                  | 0.6          |
|    value_loss           | 0.657        |
------------------------------------------
------------------------------------------
| rollout/                |              |
|    ep_len_mean          | 1e+03        |
|    ep_rew_mean          | -69.4        |
| time/                   |              |
|    fps                  | 3490         |
|    iterations           | 246          |
|    time_elapsed         | 577          |
|    total_timesteps      | 2015232      |
| train/                  |              |
|    approx_kl            | 0.0015340787 |
|    clip_fraction        | 0.0175       |
|    clip_range           | 0.2          |
|    entropy_loss         | -0.909       |
|    explained_variance   | 0.981        |
|    learning_rate        | 0.0003       |
|    loss                 | 0.15         |
|    n_updates            | 2450         |
|    policy_gradient_loss | -0.000674    |
|    std                  | 0.6          |
|    value_loss           | 0.468        |
------------------------------------------
------------------------------------------
| rollout/                |              |
|    ep_len_mean          | 1e+03        |
|    ep_rew_mean          | -74          |
| time/                   |              |
|    fps                  | 3491         |
|    iterations           | 247          |
|    time_elapsed         | 579          |
|    total_timesteps      | 2023424      |
| train/                  |              |
|    approx_kl            | 0.0036488029 |
|    clip_fraction        | 0.0305       |
|    clip_range           | 0.2          |
|    entropy_loss         | -0.906       |
|    explained_variance   | 0.949        |
|    learning_rate        | 0.0003       |
|    loss                 | 0.155        |
|    n_updates            | 2460         |
|    policy_gradient_loss | -3.45e-05    |
|    std                  | 0.597        |
|    value_loss           | 0.367        |
------------------------------------------
------------------------------------------
| rollout/                |              |
|    ep_len_mean          | 1e+03        |
|    ep_rew_mean          | -75.4        |
| time/                   |              |
|    fps                  | 3493         |
|    iterations           | 248          |
|    time_elapsed         | 581          |
|    total_timesteps      | 2031616      |
| train/                  |              |
|    approx_kl            | 0.0052550067 |
|    clip_fraction        | 0.0266       |
|    clip_range           | 0.2          |
|    entropy_loss         | -0.902       |
|    explained_variance   | 0.974        |
|    learning_rate        | 0.0003       |
|    loss                 | 0.665        |
|    n_updates            | 2470         |
|    policy_gradient_loss | -0.000597    |
|    std                  | 0.596        |
|    value_loss           | 1.38         |
------------------------------------------
------------------------------------------
| rollout/                |              |
|    ep_len_mean          | 1e+03        |
|    ep_rew_mean          | -75.1        |
| time/                   |              |
|    fps                  | 3494         |
|    iterations           | 249          |
|    time_elapsed         | 583          |
|    total_timesteps      | 2039808      |
| train/                  |              |
|    approx_kl            | 0.0032605347 |
|    clip_fraction        | 0.0129       |
|    clip_range           | 0.2          |
|    entropy_loss         | -0.902       |
|    explained_variance   | 0.989        |
|    learning_rate        | 0.0003       |
|    loss                 | 0.271        |
|    n_updates            | 2480         |
|    policy_gradient_loss | -0.000864    |
|    std                  | 0.598        |
|    value_loss           | 0.686        |
------------------------------------------
------------------------------------------
| rollout/                |              |
|    ep_len_mean          | 1e+03        |
|    ep_rew_mean          | -76.7        |
| time/                   |              |
|    fps                  | 3496         |
|    iterations           | 250          |
|    time_elapsed         | 585          |
|    total_timesteps      | 2048000      |
| train/                  |              |
|    approx_kl            | 0.0023186014 |
|    clip_fraction        | 0.0209       |
|    clip_range           | 0.2          |
|    entropy_loss         | -0.908       |
|    explained_variance   | 0.981        |
|    learning_rate        | 0.0003       |
|    loss                 | 0.204        |
|    n_updates            | 2490         |
|    policy_gradient_loss | -0.000451    |
|    std                  | 0.602        |
|    value_loss           | 0.54         |
------------------------------------------
------------------------------------------
| rollout/                |              |
|    ep_len_mean          | 1e+03        |
|    ep_rew_mean          | -81.4        |
| time/                   |              |
|    fps                  | 3497         |
|    iterations           | 251          |
|    time_elapsed         | 587          |
|    total_timesteps      | 2056192      |
| train/                  |              |
|    approx_kl            | 0.0015908678 |
|    clip_fraction        | 0.0251       |
|    clip_range           | 0.2          |
|    entropy_loss         | -0.906       |
|    explained_variance   | 0.959        |
|    learning_rate        | 0.0003       |
|    loss                 | 0.154        |
|    n_updates            | 2500         |
|    policy_gradient_loss | 0.00024      |
|    std                  | 0.596        |
|    value_loss           | 0.411        |
------------------------------------------
------------------------------------------
| rollout/                |              |
|    ep_len_mean          | 1e+03        |
|    ep_rew_mean          | -84.1        |
| time/                   |              |
|    fps                  | 3499         |
|    iterations           | 252          |
|    time_elapsed         | 589          |
|    total_timesteps      | 2064384      |
| train/                  |              |
|    approx_kl            | 0.0046649636 |
|    clip_fraction        | 0.0262       |
|    clip_range           | 0.2          |
|    entropy_loss         | -0.905       |
|    explained_variance   | 0.98         |
|    learning_rate        | 0.0003       |
|    loss                 | 0.201        |
|    n_updates            | 2510         |
|    policy_gradient_loss | -0.00123     |
|    std                  | 0.6          |
|    value_loss           | 0.437        |
------------------------------------------
------------------------------------------
| rollout/                |              |
|    ep_len_mean          | 1e+03        |
|    ep_rew_mean          | -83.8        |
| time/                   |              |
|    fps                  | 3501         |
|    iterations           | 253          |
|    time_elapsed         | 591          |
|    total_timesteps      | 2072576      |
| train/                  |              |
|    approx_kl            | 0.0029382706 |
|    clip_fraction        | 0.0175       |
|    clip_range           | 0.2          |
|    entropy_loss         | -0.91        |
|    explained_variance   | 0.987        |
|    learning_rate        | 0.0003       |
|    loss                 | 0.345        |
|    n_updates            | 2520         |
|    policy_gradient_loss | -0.00162     |
|    std                  | 0.603        |
|    value_loss           | 0.81         |
------------------------------------------
Eval num_timesteps=2080000, episode_reward=-652.38 +/- 710.95
Episode length: 1001.00 +/- 0.00
------------------------------------------
| eval/                   |              |
|    mean_ep_length       | 1e+03        |
|    mean_reward          | -652         |
| time/                   |              |
|    total_timesteps      | 2080000      |
| train/                  |              |
|    approx_kl            | 0.0019097966 |
|    clip_fraction        | 0.0107       |
|    clip_range           | 0.2          |
|    entropy_loss         | -0.916       |
|    explained_variance   | 0.985        |
|    learning_rate        | 0.0003       |
|    loss                 | 0.289        |
|    n_updates            | 2530         |
|    policy_gradient_loss | -0.000323    |
|    std                  | 0.607        |
|    value_loss           | 0.806        |
------------------------------------------
---------------------------------
| rollout/           |          |
|    ep_len_mean     | 1e+03    |
|    ep_rew_mean     | -85.4    |
| time/              |          |
|    fps             | 3470     |
|    iterations      | 254      |
|    time_elapsed    | 599      |
|    total_timesteps | 2080768  |
---------------------------------
------------------------------------------
| rollout/                |              |
|    ep_len_mean          | 1e+03        |
|    ep_rew_mean          | -83.4        |
| time/                   |              |
|    fps                  | 3472         |
|    iterations           | 255          |
|    time_elapsed         | 601          |
|    total_timesteps      | 2088960      |
| train/                  |              |
|    approx_kl            | 0.0015492869 |
|    clip_fraction        | 0.0129       |
|    clip_range           | 0.2          |
|    entropy_loss         | -0.923       |
|    explained_variance   | 0.989        |
|    learning_rate        | 0.0003       |
|    loss                 | 0.138        |
|    n_updates            | 2540         |
|    policy_gradient_loss | -0.000867    |
|    std                  | 0.612        |
|    value_loss           | 0.562        |
------------------------------------------
------------------------------------------
| rollout/                |              |
|    ep_len_mean          | 1e+03        |
|    ep_rew_mean          | -83.8        |
| time/                   |              |
|    fps                  | 3474         |
|    iterations           | 256          |
|    time_elapsed         | 603          |
|    total_timesteps      | 2097152      |
| train/                  |              |
|    approx_kl            | 0.0035185541 |
|    clip_fraction        | 0.0173       |
|    clip_range           | 0.2          |
|    entropy_loss         | -0.929       |
|    explained_variance   | 0.991        |
|    learning_rate        | 0.0003       |
|    loss                 | 0.357        |
|    n_updates            | 2550         |
|    policy_gradient_loss | -0.000663    |
|    std                  | 0.613        |
|    value_loss           | 0.51         |
------------------------------------------
------------------------------------------
| rollout/                |              |
|    ep_len_mean          | 1e+03        |
|    ep_rew_mean          | -85.1        |
| time/                   |              |
|    fps                  | 3475         |
|    iterations           | 257          |
|    time_elapsed         | 605          |
|    total_timesteps      | 2105344      |
| train/                  |              |
|    approx_kl            | 0.0015893581 |
|    clip_fraction        | 0.0282       |
|    clip_range           | 0.2          |
|    entropy_loss         | -0.926       |
|    explained_variance   | 0.979        |
|    learning_rate        | 0.0003       |
|    loss                 | 0.145        |
|    n_updates            | 2560         |
|    policy_gradient_loss | -0.000342    |
|    std                  | 0.61         |
|    value_loss           | 0.451        |
------------------------------------------
------------------------------------------
| rollout/                |              |
|    ep_len_mean          | 1e+03        |
|    ep_rew_mean          | -86.5        |
| time/                   |              |
|    fps                  | 3477         |
|    iterations           | 258          |
|    time_elapsed         | 607          |
|    total_timesteps      | 2113536      |
| train/                  |              |
|    approx_kl            | 0.0042499094 |
|    clip_fraction        | 0.0178       |
|    clip_range           | 0.2          |
|    entropy_loss         | -0.925       |
|    explained_variance   | 0.982        |
|    learning_rate        | 0.0003       |
|    loss                 | 0.278        |
|    n_updates            | 2570         |
|    policy_gradient_loss | -0.00118     |
|    std                  | 0.611        |
|    value_loss           | 1.11         |
------------------------------------------
------------------------------------------
| rollout/                |              |
|    ep_len_mean          | 992          |
|    ep_rew_mean          | -93.8        |
| time/                   |              |
|    fps                  | 3479         |
|    iterations           | 259          |
|    time_elapsed         | 609          |
|    total_timesteps      | 2121728      |
| train/                  |              |
|    approx_kl            | 0.0013944097 |
|    clip_fraction        | 0.00795      |
|    clip_range           | 0.2          |
|    entropy_loss         | -0.926       |
|    explained_variance   | 0.979        |
|    learning_rate        | 0.0003       |
|    loss                 | 0.213        |
|    n_updates            | 2580         |
|    policy_gradient_loss | 0.000295     |
|    std                  | 0.612        |
|    value_loss           | 0.783        |
------------------------------------------
-----------------------------------------
| rollout/                |             |
|    ep_len_mean          | 992         |
|    ep_rew_mean          | -93.2       |
| time/                   |             |
|    fps                  | 3480        |
|    iterations           | 260         |
|    time_elapsed         | 611         |
|    total_timesteps      | 2129920     |
| train/                  |             |
|    approx_kl            | 0.002396117 |
|    clip_fraction        | 0.00859     |
|    clip_range           | 0.2         |
|    entropy_loss         | -0.928      |
|    explained_variance   | 0.267       |
|    learning_rate        | 0.0003      |
|    loss                 | 152         |
|    n_updates            | 2590        |
|    policy_gradient_loss | -0.00083    |
|    std                  | 0.612       |
|    value_loss           | 238         |
-----------------------------------------
-----------------------------------------
| rollout/                |             |
|    ep_len_mean          | 973         |
|    ep_rew_mean          | -108        |
| time/                   |             |
|    fps                  | 3482        |
|    iterations           | 261         |
|    time_elapsed         | 613         |
|    total_timesteps      | 2138112     |
| train/                  |             |
|    approx_kl            | 0.004288551 |
|    clip_fraction        | 0.0317      |
|    clip_range           | 0.2         |
|    entropy_loss         | -0.93       |
|    explained_variance   | 0.975       |
|    learning_rate        | 0.0003      |
|    loss                 | 0.478       |
|    n_updates            | 2600        |
|    policy_gradient_loss | -0.00174    |
|    std                  | 0.614       |
|    value_loss           | 1.87        |
-----------------------------------------
------------------------------------------
| rollout/                |              |
|    ep_len_mean          | 973          |
|    ep_rew_mean          | -107         |
| time/                   |              |
|    fps                  | 3484         |
|    iterations           | 262          |
|    time_elapsed         | 615          |
|    total_timesteps      | 2146304      |
| train/                  |              |
|    approx_kl            | 0.0006085541 |
|    clip_fraction        | 0.000244     |
|    clip_range           | 0.2          |
|    entropy_loss         | -0.931       |
|    explained_variance   | 0.29         |
|    learning_rate        | 0.0003       |
|    loss                 | 73.3         |
|    n_updates            | 2610         |
|    policy_gradient_loss | -7.98e-05    |
|    std                  | 0.614        |
|    value_loss           | 467          |
------------------------------------------
------------------------------------------
| rollout/                |              |
|    ep_len_mean          | 973          |
|    ep_rew_mean          | -108         |
| time/                   |              |
|    fps                  | 3486         |
|    iterations           | 263          |
|    time_elapsed         | 618          |
|    total_timesteps      | 2154496      |
| train/                  |              |
|    approx_kl            | 0.0076765427 |
|    clip_fraction        | 0.0425       |
|    clip_range           | 0.2          |
|    entropy_loss         | -0.929       |
|    explained_variance   | 0.94         |
|    learning_rate        | 0.0003       |
|    loss                 | 0.368        |
|    n_updates            | 2620         |
|    policy_gradient_loss | -0.000318    |
|    std                  | 0.612        |
|    value_loss           | 1.18         |
------------------------------------------
------------------------------------------
| rollout/                |              |
|    ep_len_mean          | 964          |
|    ep_rew_mean          | -114         |
| time/                   |              |
|    fps                  | 3487         |
|    iterations           | 264          |
|    time_elapsed         | 620          |
|    total_timesteps      | 2162688      |
| train/                  |              |
|    approx_kl            | 0.0044475617 |
|    clip_fraction        | 0.0494       |
|    clip_range           | 0.2          |
|    entropy_loss         | -0.931       |
|    explained_variance   | 0.962        |
|    learning_rate        | 0.0003       |
|    loss                 | 2.27         |
|    n_updates            | 2630         |
|    policy_gradient_loss | -0.000178    |
|    std                  | 0.615        |
|    value_loss           | 4.91         |
------------------------------------------
------------------------------------------
| rollout/                |              |
|    ep_len_mean          | 964          |
|    ep_rew_mean          | -116         |
| time/                   |              |
|    fps                  | 3489         |
|    iterations           | 265          |
|    time_elapsed         | 622          |
|    total_timesteps      | 2170880      |
| train/                  |              |
|    approx_kl            | 0.0030585665 |
|    clip_fraction        | 0.0121       |
|    clip_range           | 0.2          |
|    entropy_loss         | -0.933       |
|    explained_variance   | 0.282        |
|    learning_rate        | 0.0003       |
|    loss                 | 4.07         |
|    n_updates            | 2640         |
|    policy_gradient_loss | -0.000754    |
|    std                  | 0.615        |
|    value_loss           | 235          |
------------------------------------------
------------------------------------------
| rollout/                |              |
|    ep_len_mean          | 964          |
|    ep_rew_mean          | -120         |
| time/                   |              |
|    fps                  | 3490         |
|    iterations           | 266          |
|    time_elapsed         | 624          |
|    total_timesteps      | 2179072      |
| train/                  |              |
|    approx_kl            | 0.0026983898 |
|    clip_fraction        | 0.011        |
|    clip_range           | 0.2          |
|    entropy_loss         | -0.93        |
|    explained_variance   | 0.96         |
|    learning_rate        | 0.0003       |
|    loss                 | 0.506        |
|    n_updates            | 2650         |
|    policy_gradient_loss | -0.000448    |
|    std                  | 0.612        |
|    value_loss           | 2.2          |
------------------------------------------
-----------------------------------------
| rollout/                |             |
|    ep_len_mean          | 964         |
|    ep_rew_mean          | -120        |
| time/                   |             |
|    fps                  | 3491        |
|    iterations           | 267         |
|    time_elapsed         | 626         |
|    total_timesteps      | 2187264     |
| train/                  |             |
|    approx_kl            | 0.004881127 |
|    clip_fraction        | 0.0152      |
|    clip_range           | 0.2         |
|    entropy_loss         | -0.925      |
|    explained_variance   | 0.978       |
|    learning_rate        | 0.0003      |
|    loss                 | 0.803       |
|    n_updates            | 2660        |
|    policy_gradient_loss | 0.000481    |
|    std                  | 0.609       |
|    value_loss           | 1.14        |
-----------------------------------------
------------------------------------------
| rollout/                |              |
|    ep_len_mean          | 964          |
|    ep_rew_mean          | -119         |
| time/                   |              |
|    fps                  | 3492         |
|    iterations           | 268          |
|    time_elapsed         | 628          |
|    total_timesteps      | 2195456      |
| train/                  |              |
|    approx_kl            | 0.0021267906 |
|    clip_fraction        | 0.0136       |
|    clip_range           | 0.2          |
|    entropy_loss         | -0.929       |
|    explained_variance   | 0.958        |
|    learning_rate        | 0.0003       |
|    loss                 | 0.356        |
|    n_updates            | 2670         |
|    policy_gradient_loss | -0.000661    |
|    std                  | 0.615        |
|    value_loss           | 0.737        |
------------------------------------------
------------------------------------------
| rollout/                |              |
|    ep_len_mean          | 964          |
|    ep_rew_mean          | -117         |
| time/                   |              |
|    fps                  | 3493         |
|    iterations           | 269          |
|    time_elapsed         | 630          |
|    total_timesteps      | 2203648      |
| train/                  |              |
|    approx_kl            | 0.0030493226 |
|    clip_fraction        | 0.0229       |
|    clip_range           | 0.2          |
|    entropy_loss         | -0.937       |
|    explained_variance   | 0.977        |
|    learning_rate        | 0.0003       |
|    loss                 | 0.17         |
|    n_updates            | 2680         |
|    policy_gradient_loss | -8.21e-05    |
|    std                  | 0.62         |
|    value_loss           | 0.72         |
------------------------------------------
------------------------------------------
| rollout/                |              |
|    ep_len_mean          | 973          |
|    ep_rew_mean          | -112         |
| time/                   |              |
|    fps                  | 3495         |
|    iterations           | 270          |
|    time_elapsed         | 632          |
|    total_timesteps      | 2211840      |
| train/                  |              |
|    approx_kl            | 0.0028143793 |
|    clip_fraction        | 0.0162       |
|    clip_range           | 0.2          |
|    entropy_loss         | -0.94        |
|    explained_variance   | 0.962        |
|    learning_rate        | 0.0003       |
|    loss                 | 0.268        |
|    n_updates            | 2690         |
|    policy_gradient_loss | 6.49e-05     |
|    std                  | 0.619        |
|    value_loss           | 1.57         |
------------------------------------------
------------------------------------------
| rollout/                |              |
|    ep_len_mean          | 973          |
|    ep_rew_mean          | -108         |
| time/                   |              |
|    fps                  | 3496         |
|    iterations           | 271          |
|    time_elapsed         | 634          |
|    total_timesteps      | 2220032      |
| train/                  |              |
|    approx_kl            | 0.0013969836 |
|    clip_fraction        | 0.0136       |
|    clip_range           | 0.2          |
|    entropy_loss         | -0.938       |
|    explained_variance   | 0.983        |
|    learning_rate        | 0.0003       |
|    loss                 | 0.251        |
|    n_updates            | 2700         |
|    policy_gradient_loss | -0.000593    |
|    std                  | 0.618        |
|    value_loss           | 0.645        |
------------------------------------------
------------------------------------------
| rollout/                |              |
|    ep_len_mean          | 973          |
|    ep_rew_mean          | -110         |
| time/                   |              |
|    fps                  | 3497         |
|    iterations           | 272          |
|    time_elapsed         | 637          |
|    total_timesteps      | 2228224      |
| train/                  |              |
|    approx_kl            | 0.0015523117 |
|    clip_fraction        | 0.00615      |
|    clip_range           | 0.2          |
|    entropy_loss         | -0.937       |
|    explained_variance   | 0.965        |
|    learning_rate        | 0.0003       |
|    loss                 | 0.558        |
|    n_updates            | 2710         |
|    policy_gradient_loss | -0.000521    |
|    std                  | 0.617        |
|    value_loss           | 1.5          |
------------------------------------------
------------------------------------------
| rollout/                |              |
|    ep_len_mean          | 982          |
|    ep_rew_mean          | -105         |
| time/                   |              |
|    fps                  | 3499         |
|    iterations           | 273          |
|    time_elapsed         | 639          |
|    total_timesteps      | 2236416      |
| train/                  |              |
|    approx_kl            | 0.0032462198 |
|    clip_fraction        | 0.0137       |
|    clip_range           | 0.2          |
|    entropy_loss         | -0.943       |
|    explained_variance   | 0.965        |
|    learning_rate        | 0.0003       |
|    loss                 | 0.849        |
|    n_updates            | 2720         |
|    policy_gradient_loss | -0.00058     |
|    std                  | 0.624        |
|    value_loss           | 1.01         |
------------------------------------------
Eval num_timesteps=2240000, episode_reward=-1084.30 +/- 910.46
Episode length: 1001.00 +/- 0.00
------------------------------------------
| eval/                   |              |
|    mean_ep_length       | 1e+03        |
|    mean_reward          | -1.08e+03    |
| time/                   |              |
|    total_timesteps      | 2240000      |
| train/                  |              |
|    approx_kl            | 0.0053634774 |
|    clip_fraction        | 0.0294       |
|    clip_range           | 0.2          |
|    entropy_loss         | -0.95        |
|    explained_variance   | 0.969        |
|    learning_rate        | 0.0003       |
|    loss                 | 0.208        |
|    n_updates            | 2730         |
|    policy_gradient_loss | -0.00145     |
|    std                  | 0.625        |
|    value_loss           | 0.446        |
------------------------------------------
---------------------------------
| rollout/           |          |
|    ep_len_mean     | 992      |
|    ep_rew_mean     | -96      |
| time/              |          |
|    fps             | 3471     |
|    iterations      | 274      |
|    time_elapsed    | 646      |
|    total_timesteps | 2244608  |
---------------------------------
------------------------------------------
| rollout/                |              |
|    ep_len_mean          | 992          |
|    ep_rew_mean          | -94.9        |
| time/                   |              |
|    fps                  | 3472         |
|    iterations           | 275          |
|    time_elapsed         | 648          |
|    total_timesteps      | 2252800      |
| train/                  |              |
|    approx_kl            | 0.0024178699 |
|    clip_fraction        | 0.0234       |
|    clip_range           | 0.2          |
|    entropy_loss         | -0.955       |
|    explained_variance   | 0.984        |
|    learning_rate        | 0.0003       |
|    loss                 | 0.447        |
|    n_updates            | 2740         |
|    policy_gradient_loss | -0.0013      |
|    std                  | 0.633        |
|    value_loss           | 0.7          |
------------------------------------------
-----------------------------------------
| rollout/                |             |
|    ep_len_mean          | 1e+03       |
|    ep_rew_mean          | -87.7       |
| time/                   |             |
|    fps                  | 3473        |
|    iterations           | 276         |
|    time_elapsed         | 650         |
|    total_timesteps      | 2260992     |
| train/                  |             |
|    approx_kl            | 0.002694765 |
|    clip_fraction        | 0.0102      |
|    clip_range           | 0.2         |
|    entropy_loss         | -0.964      |
|    explained_variance   | 0.987       |
|    learning_rate        | 0.0003      |
|    loss                 | 0.507       |
|    n_updates            | 2750        |
|    policy_gradient_loss | -8.41e-05   |
|    std                  | 0.635       |
|    value_loss           | 1.02        |
-----------------------------------------
-----------------------------------------
| rollout/                |             |
|    ep_len_mean          | 1e+03       |
|    ep_rew_mean          | -85         |
| time/                   |             |
|    fps                  | 3475        |
|    iterations           | 277         |
|    time_elapsed         | 652         |
|    total_timesteps      | 2269184     |
| train/                  |             |
|    approx_kl            | 0.002006164 |
|    clip_fraction        | 0.0138      |
|    clip_range           | 0.2         |
|    entropy_loss         | -0.961      |
|    explained_variance   | 0.985       |
|    learning_rate        | 0.0003      |
|    loss                 | 0.872       |
|    n_updates            | 2760        |
|    policy_gradient_loss | -0.000975   |
|    std                  | 0.63        |
|    value_loss           | 1.06        |
-----------------------------------------
------------------------------------------
| rollout/                |              |
|    ep_len_mean          | 1e+03        |
|    ep_rew_mean          | -83.8        |
| time/                   |              |
|    fps                  | 3476         |
|    iterations           | 278          |
|    time_elapsed         | 655          |
|    total_timesteps      | 2277376      |
| train/                  |              |
|    approx_kl            | 0.0031153755 |
|    clip_fraction        | 0.0221       |
|    clip_range           | 0.2          |
|    entropy_loss         | -0.958       |
|    explained_variance   | 0.974        |
|    learning_rate        | 0.0003       |
|    loss                 | 0.152        |
|    n_updates            | 2770         |
|    policy_gradient_loss | -0.000178    |
|    std                  | 0.631        |
|    value_loss           | 0.377        |
------------------------------------------
------------------------------------------
| rollout/                |              |
|    ep_len_mean          | 1e+03        |
|    ep_rew_mean          | -84.8        |
| time/                   |              |
|    fps                  | 3478         |
|    iterations           | 279          |
|    time_elapsed         | 657          |
|    total_timesteps      | 2285568      |
| train/                  |              |
|    approx_kl            | 0.0013961623 |
|    clip_fraction        | 0.0127       |
|    clip_range           | 0.2          |
|    entropy_loss         | -0.957       |
|    explained_variance   | 0.979        |
|    learning_rate        | 0.0003       |
|    loss                 | 0.32         |
|    n_updates            | 2780         |
|    policy_gradient_loss | -0.000426    |
|    std                  | 0.63         |
|    value_loss           | 1.29         |
------------------------------------------
------------------------------------------
| rollout/                |              |
|    ep_len_mean          | 1e+03        |
|    ep_rew_mean          | -87.8        |
| time/                   |              |
|    fps                  | 3479         |
|    iterations           | 280          |
|    time_elapsed         | 659          |
|    total_timesteps      | 2293760      |
| train/                  |              |
|    approx_kl            | 0.0014726461 |
|    clip_fraction        | 0.0153       |
|    clip_range           | 0.2          |
|    entropy_loss         | -0.956       |
|    explained_variance   | 0.972        |
|    learning_rate        | 0.0003       |
|    loss                 | 0.365        |
|    n_updates            | 2790         |
|    policy_gradient_loss | -0.000827    |
|    std                  | 0.629        |
|    value_loss           | 1.45         |
------------------------------------------
------------------------------------------
| rollout/                |              |
|    ep_len_mean          | 1e+03        |
|    ep_rew_mean          | -88.2        |
| time/                   |              |
|    fps                  | 3480         |
|    iterations           | 281          |
|    time_elapsed         | 661          |
|    total_timesteps      | 2301952      |
| train/                  |              |
|    approx_kl            | 0.0017774526 |
|    clip_fraction        | 0.0122       |
|    clip_range           | 0.2          |
|    entropy_loss         | -0.957       |
|    explained_variance   | 0.968        |
|    learning_rate        | 0.0003       |
|    loss                 | 0.438        |
|    n_updates            | 2800         |
|    policy_gradient_loss | 3.07e-05     |
|    std                  | 0.632        |
|    value_loss           | 0.845        |
------------------------------------------
-----------------------------------------
| rollout/                |             |
|    ep_len_mean          | 1e+03       |
|    ep_rew_mean          | -88.6       |
| time/                   |             |
|    fps                  | 3482        |
|    iterations           | 282         |
|    time_elapsed         | 663         |
|    total_timesteps      | 2310144     |
| train/                  |             |
|    approx_kl            | 0.002465236 |
|    clip_fraction        | 0.0163      |
|    clip_range           | 0.2         |
|    entropy_loss         | -0.96       |
|    explained_variance   | 0.919       |
|    learning_rate        | 0.0003      |
|    loss                 | 0.165       |
|    n_updates            | 2810        |
|    policy_gradient_loss | 0.000132    |
|    std                  | 0.633       |
|    value_loss           | 0.417       |
-----------------------------------------
------------------------------------------
| rollout/                |              |
|    ep_len_mean          | 1e+03        |
|    ep_rew_mean          | -92          |
| time/                   |              |
|    fps                  | 3483         |
|    iterations           | 283          |
|    time_elapsed         | 665          |
|    total_timesteps      | 2318336      |
| train/                  |              |
|    approx_kl            | 0.0013287107 |
|    clip_fraction        | 0.0095       |
|    clip_range           | 0.2          |
|    entropy_loss         | -0.962       |
|    explained_variance   | 0.98         |
|    learning_rate        | 0.0003       |
|    loss                 | 0.305        |
|    n_updates            | 2820         |
|    policy_gradient_loss | -0.00101     |
|    std                  | 0.634        |
|    value_loss           | 0.656        |
------------------------------------------
------------------------------------------
| rollout/                |              |
|    ep_len_mean          | 1e+03        |
|    ep_rew_mean          | -93          |
| time/                   |              |
|    fps                  | 3485         |
|    iterations           | 284          |
|    time_elapsed         | 667          |
|    total_timesteps      | 2326528      |
| train/                  |              |
|    approx_kl            | 0.0005208391 |
|    clip_fraction        | 0.02         |
|    clip_range           | 0.2          |
|    entropy_loss         | -0.963       |
|    explained_variance   | 0.946        |
|    learning_rate        | 0.0003       |
|    loss                 | 0.232        |
|    n_updates            | 2830         |
|    policy_gradient_loss | -0.00138     |
|    std                  | 0.633        |
|    value_loss           | 0.657        |
------------------------------------------
------------------------------------------
| rollout/                |              |
|    ep_len_mean          | 1e+03        |
|    ep_rew_mean          | -91.2        |
| time/                   |              |
|    fps                  | 3486         |
|    iterations           | 285          |
|    time_elapsed         | 669          |
|    total_timesteps      | 2334720      |
| train/                  |              |
|    approx_kl            | 0.0014065667 |
|    clip_fraction        | 0.0207       |
|    clip_range           | 0.2          |
|    entropy_loss         | -0.961       |
|    explained_variance   | 0.974        |
|    learning_rate        | 0.0003       |
|    loss                 | 0.254        |
|    n_updates            | 2840         |
|    policy_gradient_loss | -0.000655    |
|    std                  | 0.634        |
|    value_loss           | 0.847        |
------------------------------------------
------------------------------------------
| rollout/                |              |
|    ep_len_mean          | 1e+03        |
|    ep_rew_mean          | -88.8        |
| time/                   |              |
|    fps                  | 3487         |
|    iterations           | 286          |
|    time_elapsed         | 671          |
|    total_timesteps      | 2342912      |
| train/                  |              |
|    approx_kl            | 0.0011491701 |
|    clip_fraction        | 0.0112       |
|    clip_range           | 0.2          |
|    entropy_loss         | -0.963       |
|    explained_variance   | 0.949        |
|    learning_rate        | 0.0003       |
|    loss                 | 0.183        |
|    n_updates            | 2850         |
|    policy_gradient_loss | -4.93e-05    |
|    std                  | 0.634        |
|    value_loss           | 0.54         |
------------------------------------------
------------------------------------------
| rollout/                |              |
|    ep_len_mean          | 1e+03        |
|    ep_rew_mean          | -85.9        |
| time/                   |              |
|    fps                  | 3489         |
|    iterations           | 287          |
|    time_elapsed         | 673          |
|    total_timesteps      | 2351104      |
| train/                  |              |
|    approx_kl            | 0.0035986705 |
|    clip_fraction        | 0.0255       |
|    clip_range           | 0.2          |
|    entropy_loss         | -0.967       |
|    explained_variance   | 0.983        |
|    learning_rate        | 0.0003       |
|    loss                 | 0.643        |
|    n_updates            | 2860         |
|    policy_gradient_loss | -0.00183     |
|    std                  | 0.639        |
|    value_loss           | 0.983        |
------------------------------------------
-----------------------------------------
| rollout/                |             |
|    ep_len_mean          | 1e+03       |
|    ep_rew_mean          | -84.7       |
| time/                   |             |
|    fps                  | 3489        |
|    iterations           | 288         |
|    time_elapsed         | 676         |
|    total_timesteps      | 2359296     |
| train/                  |             |
|    approx_kl            | 0.002515288 |
|    clip_fraction        | 0.0222      |
|    clip_range           | 0.2         |
|    entropy_loss         | -0.968      |
|    explained_variance   | 0.976       |
|    learning_rate        | 0.0003      |
|    loss                 | 0.24        |
|    n_updates            | 2870        |
|    policy_gradient_loss | -0.0011     |
|    std                  | 0.633       |
|    value_loss           | 0.56        |
-----------------------------------------
-----------------------------------------
| rollout/                |             |
|    ep_len_mean          | 1e+03       |
|    ep_rew_mean          | -85         |
| time/                   |             |
|    fps                  | 3490        |
|    iterations           | 289         |
|    time_elapsed         | 678         |
|    total_timesteps      | 2367488     |
| train/                  |             |
|    approx_kl            | 0.002998391 |
|    clip_fraction        | 0.0272      |
|    clip_range           | 0.2         |
|    entropy_loss         | -0.964      |
|    explained_variance   | 0.941       |
|    learning_rate        | 0.0003      |
|    loss                 | 0.369       |
|    n_updates            | 2880        |
|    policy_gradient_loss | -0.00129    |
|    std                  | 0.636       |
|    value_loss           | 0.824       |
-----------------------------------------
------------------------------------------
| rollout/                |              |
|    ep_len_mean          | 1e+03        |
|    ep_rew_mean          | -89.7        |
| time/                   |              |
|    fps                  | 3491         |
|    iterations           | 290          |
|    time_elapsed         | 680          |
|    total_timesteps      | 2375680      |
| train/                  |              |
|    approx_kl            | 0.0036764492 |
|    clip_fraction        | 0.0314       |
|    clip_range           | 0.2          |
|    entropy_loss         | -0.974       |
|    explained_variance   | 0.97         |
|    learning_rate        | 0.0003       |
|    loss                 | 0.248        |
|    n_updates            | 2890         |
|    policy_gradient_loss | -0.000622    |
|    std                  | 0.645        |
|    value_loss           | 0.669        |
------------------------------------------
------------------------------------------
| rollout/                |              |
|    ep_len_mean          | 1e+03        |
|    ep_rew_mean          | -87.7        |
| time/                   |              |
|    fps                  | 3492         |
|    iterations           | 291          |
|    time_elapsed         | 682          |
|    total_timesteps      | 2383872      |
| train/                  |              |
|    approx_kl            | 0.0015217762 |
|    clip_fraction        | 0.0121       |
|    clip_range           | 0.2          |
|    entropy_loss         | -0.986       |
|    explained_variance   | 0.975        |
|    learning_rate        | 0.0003       |
|    loss                 | 0.214        |
|    n_updates            | 2900         |
|    policy_gradient_loss | -0.00125     |
|    std                  | 0.653        |
|    value_loss           | 0.889        |
------------------------------------------
------------------------------------------
| rollout/                |              |
|    ep_len_mean          | 1e+03        |
|    ep_rew_mean          | -82.3        |
| time/                   |              |
|    fps                  | 3493         |
|    iterations           | 292          |
|    time_elapsed         | 684          |
|    total_timesteps      | 2392064      |
| train/                  |              |
|    approx_kl            | 0.0023927058 |
|    clip_fraction        | 0.0269       |
|    clip_range           | 0.2          |
|    entropy_loss         | -0.988       |
|    explained_variance   | 0.947        |
|    learning_rate        | 0.0003       |
|    loss                 | 0.197        |
|    n_updates            | 2910         |
|    policy_gradient_loss | -0.00144     |
|    std                  | 0.648        |
|    value_loss           | 0.497        |
------------------------------------------
Eval num_timesteps=2400000, episode_reward=-580.35 +/- 694.98
Episode length: 1001.00 +/- 0.00
-----------------------------------------
| eval/                   |             |
|    mean_ep_length       | 1e+03       |
|    mean_reward          | -580        |
| time/                   |             |
|    total_timesteps      | 2400000     |
| train/                  |             |
|    approx_kl            | 0.003604828 |
|    clip_fraction        | 0.0216      |
|    clip_range           | 0.2         |
|    entropy_loss         | -0.984      |
|    explained_variance   | 0.97        |
|    learning_rate        | 0.0003      |
|    loss                 | 0.597       |
|    n_updates            | 2920        |
|    policy_gradient_loss | -0.000569   |
|    std                  | 0.648       |
|    value_loss           | 1.76        |
-----------------------------------------
---------------------------------
| rollout/           |          |
|    ep_len_mean     | 1e+03    |
|    ep_rew_mean     | -84.1    |
| time/              |          |
|    fps             | 3464     |
|    iterations      | 293      |
|    time_elapsed    | 692      |
|    total_timesteps | 2400256  |
---------------------------------
-----------------------------------------
| rollout/                |             |
|    ep_len_mean          | 1e+03       |
|    ep_rew_mean          | -81.8       |
| time/                   |             |
|    fps                  | 3466        |
|    iterations           | 294         |
|    time_elapsed         | 694         |
|    total_timesteps      | 2408448     |
| train/                  |             |
|    approx_kl            | 0.000786662 |
|    clip_fraction        | 0.0064      |
|    clip_range           | 0.2         |
|    entropy_loss         | -0.982      |
|    explained_variance   | 0.971       |
|    learning_rate        | 0.0003      |
|    loss                 | 0.299       |
|    n_updates            | 2930        |
|    policy_gradient_loss | -0.000127   |
|    std                  | 0.645       |
|    value_loss           | 0.739       |
-----------------------------------------
------------------------------------------
| rollout/                |              |
|    ep_len_mean          | 1e+03        |
|    ep_rew_mean          | -79.5        |
| time/                   |              |
|    fps                  | 3466         |
|    iterations           | 295          |
|    time_elapsed         | 697          |
|    total_timesteps      | 2416640      |
| train/                  |              |
|    approx_kl            | 0.0021969245 |
|    clip_fraction        | 0.0178       |
|    clip_range           | 0.2          |
|    entropy_loss         | -0.986       |
|    explained_variance   | 0.966        |
|    learning_rate        | 0.0003       |
|    loss                 | 0.251        |
|    n_updates            | 2940         |
|    policy_gradient_loss | -0.000628    |
|    std                  | 0.652        |
|    value_loss           | 0.648        |
------------------------------------------
------------------------------------------
| rollout/                |              |
|    ep_len_mean          | 1e+03        |
|    ep_rew_mean          | -81.5        |
| time/                   |              |
|    fps                  | 3468         |
|    iterations           | 296          |
|    time_elapsed         | 699          |
|    total_timesteps      | 2424832      |
| train/                  |              |
|    approx_kl            | 0.0011509506 |
|    clip_fraction        | 0.0135       |
|    clip_range           | 0.2          |
|    entropy_loss         | -0.985       |
|    explained_variance   | 0.959        |
|    learning_rate        | 0.0003       |
|    loss                 | 0.225        |
|    n_updates            | 2950         |
|    policy_gradient_loss | -0.000525    |
|    std                  | 0.643        |
|    value_loss           | 0.584        |
------------------------------------------
------------------------------------------
| rollout/                |              |
|    ep_len_mean          | 1e+03        |
|    ep_rew_mean          | -82.9        |
| time/                   |              |
|    fps                  | 3469         |
|    iterations           | 297          |
|    time_elapsed         | 701          |
|    total_timesteps      | 2433024      |
| train/                  |              |
|    approx_kl            | 0.0016764642 |
|    clip_fraction        | 0.0148       |
|    clip_range           | 0.2          |
|    entropy_loss         | -0.981       |
|    explained_variance   | 0.955        |
|    learning_rate        | 0.0003       |
|    loss                 | 0.516        |
|    n_updates            | 2960         |
|    policy_gradient_loss | -0.000606    |
|    std                  | 0.65         |
|    value_loss           | 1.33         |
------------------------------------------
------------------------------------------
| rollout/                |              |
|    ep_len_mean          | 1e+03        |
|    ep_rew_mean          | -84.3        |
| time/                   |              |
|    fps                  | 3470         |
|    iterations           | 298          |
|    time_elapsed         | 703          |
|    total_timesteps      | 2441216      |
| train/                  |              |
|    approx_kl            | 0.0039612837 |
|    clip_fraction        | 0.0319       |
|    clip_range           | 0.2          |
|    entropy_loss         | -0.986       |
|    explained_variance   | 0.983        |
|    learning_rate        | 0.0003       |
|    loss                 | 0.283        |
|    n_updates            | 2970         |
|    policy_gradient_loss | -0.00122     |
|    std                  | 0.645        |
|    value_loss           | 0.615        |
------------------------------------------
-------------------------------------------
| rollout/                |               |
|    ep_len_mean          | 1e+03         |
|    ep_rew_mean          | -83.1         |
| time/                   |               |
|    fps                  | 3471          |
|    iterations           | 299           |
|    time_elapsed         | 705           |
|    total_timesteps      | 2449408       |
| train/                  |               |
|    approx_kl            | 0.00053507835 |
|    clip_fraction        | 0.0143        |
|    clip_range           | 0.2           |
|    entropy_loss         | -0.981        |
|    explained_variance   | 0.974         |
|    learning_rate        | 0.0003        |
|    loss                 | 0.904         |
|    n_updates            | 2980          |
|    policy_gradient_loss | -4.7e-05      |
|    std                  | 0.646         |
|    value_loss           | 1.38          |
-------------------------------------------
------------------------------------------
| rollout/                |              |
|    ep_len_mean          | 1e+03        |
|    ep_rew_mean          | -85.9        |
| time/                   |              |
|    fps                  | 3472         |
|    iterations           | 300          |
|    time_elapsed         | 707          |
|    total_timesteps      | 2457600      |
| train/                  |              |
|    approx_kl            | 0.0014340314 |
|    clip_fraction        | 0.0195       |
|    clip_range           | 0.2          |
|    entropy_loss         | -0.987       |
|    explained_variance   | 0.984        |
|    learning_rate        | 0.0003       |
|    loss                 | 0.239        |
|    n_updates            | 2990         |
|    policy_gradient_loss | -0.000451    |
|    std                  | 0.652        |
|    value_loss           | 0.597        |
------------------------------------------
-----------------------------------------
| rollout/                |             |
|    ep_len_mean          | 1e+03       |
|    ep_rew_mean          | -88         |
| time/                   |             |
|    fps                  | 3473        |
|    iterations           | 301         |
|    time_elapsed         | 709         |
|    total_timesteps      | 2465792     |
| train/                  |             |
|    approx_kl            | 0.002503225 |
|    clip_fraction        | 0.0153      |
|    clip_range           | 0.2         |
|    entropy_loss         | -0.989      |
|    explained_variance   | 0.984       |
|    learning_rate        | 0.0003      |
|    loss                 | 0.272       |
|    n_updates            | 3000        |
|    policy_gradient_loss | -3.11e-05   |
|    std                  | 0.649       |
|    value_loss           | 0.681       |
-----------------------------------------
------------------------------------------
| rollout/                |              |
|    ep_len_mean          | 1e+03        |
|    ep_rew_mean          | -85          |
| time/                   |              |
|    fps                  | 3475         |
|    iterations           | 302          |
|    time_elapsed         | 711          |
|    total_timesteps      | 2473984      |
| train/                  |              |
|    approx_kl            | 0.0021385667 |
|    clip_fraction        | 0.0186       |
|    clip_range           | 0.2          |
|    entropy_loss         | -0.989       |
|    explained_variance   | 0.972        |
|    learning_rate        | 0.0003       |
|    loss                 | 0.32         |
|    n_updates            | 3010         |
|    policy_gradient_loss | -0.000685    |
|    std                  | 0.654        |
|    value_loss           | 0.689        |
------------------------------------------
------------------------------------------
| rollout/                |              |
|    ep_len_mean          | 1e+03        |
|    ep_rew_mean          | -84.7        |
| time/                   |              |
|    fps                  | 3476         |
|    iterations           | 303          |
|    time_elapsed         | 713          |
|    total_timesteps      | 2482176      |
| train/                  |              |
|    approx_kl            | 0.0018780758 |
|    clip_fraction        | 0.0103       |
|    clip_range           | 0.2          |
|    entropy_loss         | -0.998       |
|    explained_variance   | 0.976        |
|    learning_rate        | 0.0003       |
|    loss                 | 0.554        |
|    n_updates            | 3020         |
|    policy_gradient_loss | -0.000823    |
|    std                  | 0.659        |
|    value_loss           | 1.24         |
------------------------------------------
------------------------------------------
| rollout/                |              |
|    ep_len_mean          | 1e+03        |
|    ep_rew_mean          | -86.3        |
| time/                   |              |
|    fps                  | 3477         |
|    iterations           | 304          |
|    time_elapsed         | 716          |
|    total_timesteps      | 2490368      |
| train/                  |              |
|    approx_kl            | 0.0021516238 |
|    clip_fraction        | 0.00898      |
|    clip_range           | 0.2          |
|    entropy_loss         | -1           |
|    explained_variance   | 0.981        |
|    learning_rate        | 0.0003       |
|    loss                 | 0.443        |
|    n_updates            | 3030         |
|    policy_gradient_loss | 0.000126     |
|    std                  | 0.662        |
|    value_loss           | 0.853        |
------------------------------------------
------------------------------------------
| rollout/                |              |
|    ep_len_mean          | 1e+03        |
|    ep_rew_mean          | -87.8        |
| time/                   |              |
|    fps                  | 3478         |
|    iterations           | 305          |
|    time_elapsed         | 718          |
|    total_timesteps      | 2498560      |
| train/                  |              |
|    approx_kl            | 0.0031098095 |
|    clip_fraction        | 0.0144       |
|    clip_range           | 0.2          |
|    entropy_loss         | -1.01        |
|    explained_variance   | 0.972        |
|    learning_rate        | 0.0003       |
|    loss                 | 0.323        |
|    n_updates            | 3040         |
|    policy_gradient_loss | -0.000907    |
|    std                  | 0.663        |
|    value_loss           | 0.934        |
------------------------------------------
------------------------------------------
| rollout/                |              |
|    ep_len_mean          | 1e+03        |
|    ep_rew_mean          | -88          |
| time/                   |              |
|    fps                  | 3479         |
|    iterations           | 306          |
|    time_elapsed         | 720          |
|    total_timesteps      | 2506752      |
| train/                  |              |
|    approx_kl            | 0.0023964723 |
|    clip_fraction        | 0.0196       |
|    clip_range           | 0.2          |
|    entropy_loss         | -1           |
|    explained_variance   | 0.953        |
|    learning_rate        | 0.0003       |
|    loss                 | 0.288        |
|    n_updates            | 3050         |
|    policy_gradient_loss | 0.000445     |
|    std                  | 0.654        |
|    value_loss           | 0.665        |
------------------------------------------
done. best model -> ckpt/best_model.zip
