/home/zy/car_rl/code0919/.venv/lib/python3.13/site-packages/stable_baselines3/common/on_policy_algorithm.py:150: UserWarning: You are trying to run PPO on the GPU, but it is primarily intended to run on the CPU when not using a CNN policy (you are using ActorCriticPolicy which should be a MlpPolicy). See https://github.com/DLR-RM/stable-baselines3/issues/1245 for more info. You can pass `device='cpu'` or `export CUDA_VISIBLE_DEVICES=` to force using the CPU.Note: The model will train, but the GPU utilization will be poor and the training might take longer than on CPU.
  warnings.warn(
continuing from ckpt/best_model.zip
Logging to ./tb_logs/PPO_2
/home/zy/car_rl/code0919/.venv/lib/python3.13/site-packages/stable_baselines3/common/callbacks.py:419: UserWarning: Training and eval env are not of the same type<stable_baselines3.common.vec_env.vec_monitor.VecMonitor object at 0x7fa7d5bfae40> != <stable_baselines3.common.vec_env.dummy_vec_env.DummyVecEnv object at 0x7fa7d5bfaf90>
  warnings.warn("Training and eval env are not of the same type" f"{self.training_env} != {self.eval_env}")
----------------------------------
| rollout/           |           |
|    ep_len_mean     | 94        |
|    ep_rew_mean     | -2.65e+03 |
| time/              |           |
|    fps             | 4367      |
|    iterations      | 1         |
|    time_elapsed    | 1         |
|    total_timesteps | 8192      |
----------------------------------
-------------------------------------------
| rollout/                |               |
|    ep_len_mean          | 94            |
|    ep_rew_mean          | -2.65e+03     |
| time/                   |               |
|    fps                  | 3500          |
|    iterations           | 2             |
|    time_elapsed         | 4             |
|    total_timesteps      | 16384         |
| train/                  |               |
|    approx_kl            | 0.00056737557 |
|    clip_fraction        | 0             |
|    clip_range           | 0.2           |
|    entropy_loss         | -1.15         |
|    explained_variance   | 0.318         |
|    learning_rate        | 0.0003        |
|    loss                 | 1.12e+04      |
|    n_updates            | 590           |
|    policy_gradient_loss | 3.51e-05      |
|    std                  | 0.761         |
|    value_loss           | 2.54e+04      |
-------------------------------------------
-----------------------------------------
| rollout/                |             |
|    ep_len_mean          | 94          |
|    ep_rew_mean          | -2.65e+03   |
| time/                   |             |
|    fps                  | 3506        |
|    iterations           | 3           |
|    time_elapsed         | 7           |
|    total_timesteps      | 24576       |
| train/                  |             |
|    approx_kl            | 0.003844201 |
|    clip_fraction        | 0.0339      |
|    clip_range           | 0.2         |
|    entropy_loss         | -1.13       |
|    explained_variance   | 0.676       |
|    learning_rate        | 0.0003      |
|    loss                 | 0.229       |
|    n_updates            | 600         |
|    policy_gradient_loss | -0.000758   |
|    std                  | 0.744       |
|    value_loss           | 0.574       |
-----------------------------------------
------------------------------------------
| rollout/                |              |
|    ep_len_mean          | 864          |
|    ep_rew_mean          | -1.2e+03     |
| time/                   |              |
|    fps                  | 3504         |
|    iterations           | 4            |
|    time_elapsed         | 9            |
|    total_timesteps      | 32768        |
| train/                  |              |
|    approx_kl            | 0.0016964357 |
|    clip_fraction        | 0.0185       |
|    clip_range           | 0.2          |
|    entropy_loss         | -1.12        |
|    explained_variance   | 0.747        |
|    learning_rate        | 0.0003       |
|    loss                 | 0.191        |
|    n_updates            | 610          |
|    policy_gradient_loss | -0.000926    |
|    std                  | 0.737        |
|    value_loss           | 0.452        |
------------------------------------------
------------------------------------------
| rollout/                |              |
|    ep_len_mean          | 838          |
|    ep_rew_mean          | -1.27e+03    |
| time/                   |              |
|    fps                  | 3489         |
|    iterations           | 5            |
|    time_elapsed         | 11           |
|    total_timesteps      | 40960        |
| train/                  |              |
|    approx_kl            | 0.0013386911 |
|    clip_fraction        | 0.00061      |
|    clip_range           | 0.2          |
|    entropy_loss         | -1.11        |
|    explained_variance   | 0.476        |
|    learning_rate        | 0.0003       |
|    loss                 | 1.51e+03     |
|    n_updates            | 620          |
|    policy_gradient_loss | -5.31e-05    |
|    std                  | 0.736        |
|    value_loss           | 3.81e+03     |
------------------------------------------
-------------------------------------------
| rollout/                |               |
|    ep_len_mean          | 838           |
|    ep_rew_mean          | -1.27e+03     |
| time/                   |               |
|    fps                  | 3483          |
|    iterations           | 6             |
|    time_elapsed         | 14            |
|    total_timesteps      | 49152         |
| train/                  |               |
|    approx_kl            | 0.00036871462 |
|    clip_fraction        | 0.000952      |
|    clip_range           | 0.2           |
|    entropy_loss         | -1.11         |
|    explained_variance   | 0.454         |
|    learning_rate        | 0.0003        |
|    loss                 | 2.44e+03      |
|    n_updates            | 630           |
|    policy_gradient_loss | -0.00125      |
|    std                  | 0.736         |
|    value_loss           | 3.82e+03      |
-------------------------------------------
------------------------------------------
| rollout/                |              |
|    ep_len_mean          | 838          |
|    ep_rew_mean          | -1.27e+03    |
| time/                   |              |
|    fps                  | 3487         |
|    iterations           | 7            |
|    time_elapsed         | 16           |
|    total_timesteps      | 57344        |
| train/                  |              |
|    approx_kl            | 0.0027250035 |
|    clip_fraction        | 0.0156       |
|    clip_range           | 0.2          |
|    entropy_loss         | -1.12        |
|    explained_variance   | 0.649        |
|    learning_rate        | 0.0003       |
|    loss                 | 0.452        |
|    n_updates            | 640          |
|    policy_gradient_loss | -0.00123     |
|    std                  | 0.743        |
|    value_loss           | 1.03         |
------------------------------------------
------------------------------------------
| rollout/                |              |
|    ep_len_mean          | 903          |
|    ep_rew_mean          | -1.01e+03    |
| time/                   |              |
|    fps                  | 3476         |
|    iterations           | 8            |
|    time_elapsed         | 18           |
|    total_timesteps      | 65536        |
| train/                  |              |
|    approx_kl            | 0.0021561694 |
|    clip_fraction        | 0.0122       |
|    clip_range           | 0.2          |
|    entropy_loss         | -1.12        |
|    explained_variance   | 0.747        |
|    learning_rate        | 0.0003       |
|    loss                 | 0.296        |
|    n_updates            | 650          |
|    policy_gradient_loss | -0.000721    |
|    std                  | 0.746        |
|    value_loss           | 0.687        |
------------------------------------------
------------------------------------------
| rollout/                |              |
|    ep_len_mean          | 912          |
|    ep_rew_mean          | -983         |
| time/                   |              |
|    fps                  | 3470         |
|    iterations           | 9            |
|    time_elapsed         | 21           |
|    total_timesteps      | 73728        |
| train/                  |              |
|    approx_kl            | 0.0014632936 |
|    clip_fraction        | 0.00131      |
|    clip_range           | 0.2          |
|    entropy_loss         | -1.13        |
|    explained_variance   | 0.441        |
|    learning_rate        | 0.0003       |
|    loss                 | 4.09e+03     |
|    n_updates            | 660          |
|    policy_gradient_loss | 2.27e-05     |
|    std                  | 0.745        |
|    value_loss           | 9.33e+03     |
------------------------------------------
------------------------------------------
| rollout/                |              |
|    ep_len_mean          | 912          |
|    ep_rew_mean          | -983         |
| time/                   |              |
|    fps                  | 3462         |
|    iterations           | 10           |
|    time_elapsed         | 23           |
|    total_timesteps      | 81920        |
| train/                  |              |
|    approx_kl            | 0.0004407236 |
|    clip_fraction        | 0.00188      |
|    clip_range           | 0.2          |
|    entropy_loss         | -1.13        |
|    explained_variance   | 0.44         |
|    learning_rate        | 0.0003       |
|    loss                 | 799          |
|    n_updates            | 670          |
|    policy_gradient_loss | -0.00127     |
|    std                  | 0.746        |
|    value_loss           | 1.7e+03      |
------------------------------------------
-----------------------------------------
| rollout/                |             |
|    ep_len_mean          | 912         |
|    ep_rew_mean          | -983        |
| time/                   |             |
|    fps                  | 3442        |
|    iterations           | 11          |
|    time_elapsed         | 26          |
|    total_timesteps      | 90112       |
| train/                  |             |
|    approx_kl            | 0.006443609 |
|    clip_fraction        | 0.0553      |
|    clip_range           | 0.2         |
|    entropy_loss         | -1.12       |
|    explained_variance   | 0.685       |
|    learning_rate        | 0.0003      |
|    loss                 | 0.37        |
|    n_updates            | 680         |
|    policy_gradient_loss | -0.00453    |
|    std                  | 0.738       |
|    value_loss           | 0.885       |
-----------------------------------------
------------------------------------------
| rollout/                |              |
|    ep_len_mean          | 927          |
|    ep_rew_mean          | -950         |
| time/                   |              |
|    fps                  | 3434         |
|    iterations           | 12           |
|    time_elapsed         | 28           |
|    total_timesteps      | 98304        |
| train/                  |              |
|    approx_kl            | 0.0020577665 |
|    clip_fraction        | 0.0202       |
|    clip_range           | 0.2          |
|    entropy_loss         | -1.11        |
|    explained_variance   | 0.692        |
|    learning_rate        | 0.0003       |
|    loss                 | 0.271        |
|    n_updates            | 690          |
|    policy_gradient_loss | -0.00104     |
|    std                  | 0.729        |
|    value_loss           | 0.591        |
------------------------------------------
-------------------------------------------
| rollout/                |               |
|    ep_len_mean          | 946           |
|    ep_rew_mean          | -867          |
| time/                   |               |
|    fps                  | 3429          |
|    iterations           | 13            |
|    time_elapsed         | 31            |
|    total_timesteps      | 106496        |
| train/                  |               |
|    approx_kl            | 0.00010418283 |
|    clip_fraction        | 0             |
|    clip_range           | 0.2           |
|    entropy_loss         | -1.1          |
|    explained_variance   | 0.442         |
|    learning_rate        | 0.0003        |
|    loss                 | 4.41e+03      |
|    n_updates            | 700           |
|    policy_gradient_loss | 6.09e-05      |
|    std                  | 0.729         |
|    value_loss           | 9.95e+03      |
-------------------------------------------
-------------------------------------------
| rollout/                |               |
|    ep_len_mean          | 946           |
|    ep_rew_mean          | -867          |
| time/                   |               |
|    fps                  | 3422          |
|    iterations           | 14            |
|    time_elapsed         | 33            |
|    total_timesteps      | 114688        |
| train/                  |               |
|    approx_kl            | 0.00039966553 |
|    clip_fraction        | 0             |
|    clip_range           | 0.2           |
|    entropy_loss         | -1.1          |
|    explained_variance   | 0.438         |
|    learning_rate        | 0.0003        |
|    loss                 | 263           |
|    n_updates            | 710           |
|    policy_gradient_loss | -0.000226     |
|    std                  | 0.729         |
|    value_loss           | 3.11e+03      |
-------------------------------------------
------------------------------------------
| rollout/                |              |
|    ep_len_mean          | 946          |
|    ep_rew_mean          | -867         |
| time/                   |              |
|    fps                  | 3417         |
|    iterations           | 15           |
|    time_elapsed         | 35           |
|    total_timesteps      | 122880       |
| train/                  |              |
|    approx_kl            | 0.0025758024 |
|    clip_fraction        | 0.0172       |
|    clip_range           | 0.2          |
|    entropy_loss         | -1.1         |
|    explained_variance   | 0.67         |
|    learning_rate        | 0.0003       |
|    loss                 | 0.463        |
|    n_updates            | 720          |
|    policy_gradient_loss | -0.000606    |
|    std                  | 0.731        |
|    value_loss           | 1.03         |
------------------------------------------
------------------------------------------
| rollout/                |              |
|    ep_len_mean          | 937          |
|    ep_rew_mean          | -834         |
| time/                   |              |
|    fps                  | 3410         |
|    iterations           | 16           |
|    time_elapsed         | 38           |
|    total_timesteps      | 131072       |
| train/                  |              |
|    approx_kl            | 0.0030221466 |
|    clip_fraction        | 0.013        |
|    clip_range           | 0.2          |
|    entropy_loss         | -1.1         |
|    explained_variance   | 0.751        |
|    learning_rate        | 0.0003       |
|    loss                 | 0.308        |
|    n_updates            | 730          |
|    policy_gradient_loss | -0.000121    |
|    std                  | 0.727        |
|    value_loss           | 0.696        |
------------------------------------------
-----------------------------------------
| rollout/                |             |
|    ep_len_mean          | 937         |
|    ep_rew_mean          | -808        |
| time/                   |             |
|    fps                  | 3403        |
|    iterations           | 17          |
|    time_elapsed         | 40          |
|    total_timesteps      | 139264      |
| train/                  |             |
|    approx_kl            | 0.006725171 |
|    clip_fraction        | 0.097       |
|    clip_range           | 0.2         |
|    entropy_loss         | -1.1        |
|    explained_variance   | 0.488       |
|    learning_rate        | 0.0003      |
|    loss                 | 5.32e+03    |
|    n_updates            | 740         |
|    policy_gradient_loss | 0.000783    |
|    std                  | 0.727       |
|    value_loss           | 9.6e+03     |
-----------------------------------------
-------------------------------------------
| rollout/                |               |
|    ep_len_mean          | 937           |
|    ep_rew_mean          | -808          |
| time/                   |               |
|    fps                  | 3390          |
|    iterations           | 18            |
|    time_elapsed         | 43            |
|    total_timesteps      | 147456        |
| train/                  |               |
|    approx_kl            | 0.00012278956 |
|    clip_fraction        | 7.32e-05      |
|    clip_range           | 0.2           |
|    entropy_loss         | -1.1          |
|    explained_variance   | 0.493         |
|    learning_rate        | 0.0003        |
|    loss                 | 3.03e+03      |
|    n_updates            | 750           |
|    policy_gradient_loss | -0.00015      |
|    std                  | 0.727         |
|    value_loss           | 7.2e+03       |
-------------------------------------------
------------------------------------------
| rollout/                |              |
|    ep_len_mean          | 937          |
|    ep_rew_mean          | -808         |
| time/                   |              |
|    fps                  | 3395         |
|    iterations           | 19           |
|    time_elapsed         | 45           |
|    total_timesteps      | 155648       |
| train/                  |              |
|    approx_kl            | 0.0034026047 |
|    clip_fraction        | 0.0219       |
|    clip_range           | 0.2          |
|    entropy_loss         | -1.1         |
|    explained_variance   | 0.734        |
|    learning_rate        | 0.0003       |
|    loss                 | 0.556        |
|    n_updates            | 760          |
|    policy_gradient_loss | -0.00138     |
|    std                  | 0.722        |
|    value_loss           | 1.13         |
------------------------------------------
/home/zy/car_rl/code0919/.venv/lib/python3.13/site-packages/stable_baselines3/common/evaluation.py:71: UserWarning: Evaluation environment is not wrapped with a ``Monitor`` wrapper. This may result in reporting modified episode lengths and rewards, if other wrappers happen to modify these. Consider wrapping environment first with ``Monitor`` wrapper.
  warnings.warn(
Eval num_timesteps=160000, episode_reward=-756.66 +/- 998.42
Episode length: 1001.00 +/- 0.00
------------------------------------------
| eval/                   |              |
|    mean_ep_length       | 1e+03        |
|    mean_reward          | -757         |
| time/                   |              |
|    total_timesteps      | 160000       |
| train/                  |              |
|    approx_kl            | 0.0006607572 |
|    clip_fraction        | 0.0164       |
|    clip_range           | 0.2          |
|    entropy_loss         | -1.09        |
|    explained_variance   | 0.764        |
|    learning_rate        | 0.0003       |
|    loss                 | 0.403        |
|    n_updates            | 770          |
|    policy_gradient_loss | -7.19e-05    |
|    std                  | 0.719        |
|    value_loss           | 0.774        |
------------------------------------------
New best mean reward!
---------------------------------
| rollout/           |          |
|    ep_len_mean     | 928      |
|    ep_rew_mean     | -947     |
| time/              |          |
|    fps             | 3056     |
|    iterations      | 20       |
|    time_elapsed    | 53       |
|    total_timesteps | 163840   |
---------------------------------
------------------------------------------
| rollout/                |              |
|    ep_len_mean          | 928          |
|    ep_rew_mean          | -958         |
| time/                   |              |
|    fps                  | 3065         |
|    iterations           | 21           |
|    time_elapsed         | 56           |
|    total_timesteps      | 172032       |
| train/                  |              |
|    approx_kl            | 0.0016305553 |
|    clip_fraction        | 0.0012       |
|    clip_range           | 0.2          |
|    entropy_loss         | -1.09        |
|    explained_variance   | 0.511        |
|    learning_rate        | 0.0003       |
|    loss                 | 4.52e+03     |
|    n_updates            | 780          |
|    policy_gradient_loss | -0.000142    |
|    std                  | 0.719        |
|    value_loss           | 8.96e+03     |
------------------------------------------
------------------------------------------
| rollout/                |              |
|    ep_len_mean          | 923          |
|    ep_rew_mean          | -980         |
| time/                   |              |
|    fps                  | 3082         |
|    iterations           | 22           |
|    time_elapsed         | 58           |
|    total_timesteps      | 180224       |
| train/                  |              |
|    approx_kl            | 0.0022041725 |
|    clip_fraction        | 0.00453      |
|    clip_range           | 0.2          |
|    entropy_loss         | -1.09        |
|    explained_variance   | 0.799        |
|    learning_rate        | 0.0003       |
|    loss                 | 9.44         |
|    n_updates            | 790          |
|    policy_gradient_loss | 0.000538     |
|    std                  | 0.72         |
|    value_loss           | 188          |
------------------------------------------
------------------------------------------
| rollout/                |              |
|    ep_len_mean          | 923          |
|    ep_rew_mean          | -980         |
| time/                   |              |
|    fps                  | 3099         |
|    iterations           | 23           |
|    time_elapsed         | 60           |
|    total_timesteps      | 188416       |
| train/                  |              |
|    approx_kl            | 0.0049583483 |
|    clip_fraction        | 0.0105       |
|    clip_range           | 0.2          |
|    entropy_loss         | -1.09        |
|    explained_variance   | 0.4          |
|    learning_rate        | 0.0003       |
|    loss                 | 24.1         |
|    n_updates            | 800          |
|    policy_gradient_loss | -0.000156    |
|    std                  | 0.721        |
|    value_loss           | 283          |
------------------------------------------
------------------------------------------
| rollout/                |              |
|    ep_len_mean          | 942          |
|    ep_rew_mean          | -920         |
| time/                   |              |
|    fps                  | 3114         |
|    iterations           | 24           |
|    time_elapsed         | 63           |
|    total_timesteps      | 196608       |
| train/                  |              |
|    approx_kl            | 0.0022404664 |
|    clip_fraction        | 0.0103       |
|    clip_range           | 0.2          |
|    entropy_loss         | -1.09        |
|    explained_variance   | 0.936        |
|    learning_rate        | 0.0003       |
|    loss                 | 0.452        |
|    n_updates            | 810          |
|    policy_gradient_loss | -0.00121     |
|    std                  | 0.714        |
|    value_loss           | 1.23         |
------------------------------------------
------------------------------------------
| rollout/                |              |
|    ep_len_mean          | 933          |
|    ep_rew_mean          | -894         |
| time/                   |              |
|    fps                  | 3127         |
|    iterations           | 25           |
|    time_elapsed         | 65           |
|    total_timesteps      | 204800       |
| train/                  |              |
|    approx_kl            | 0.0068550617 |
|    clip_fraction        | 0.094        |
|    clip_range           | 0.2          |
|    entropy_loss         | -1.08        |
|    explained_variance   | 0.564        |
|    learning_rate        | 0.0003       |
|    loss                 | 3.8e+03      |
|    n_updates            | 820          |
|    policy_gradient_loss | 0.000297     |
|    std                  | 0.713        |
|    value_loss           | 8.09e+03     |
------------------------------------------
-------------------------------------------
| rollout/                |               |
|    ep_len_mean          | 933           |
|    ep_rew_mean          | -899          |
| time/                   |               |
|    fps                  | 3143          |
|    iterations           | 26            |
|    time_elapsed         | 67            |
|    total_timesteps      | 212992        |
| train/                  |               |
|    approx_kl            | 0.00024208653 |
|    clip_fraction        | 0.00117       |
|    clip_range           | 0.2           |
|    entropy_loss         | -1.08         |
|    explained_variance   | 0.581         |
|    learning_rate        | 0.0003        |
|    loss                 | 1.58e+03      |
|    n_updates            | 830           |
|    policy_gradient_loss | -0.000793     |
|    std                  | 0.713         |
|    value_loss           | 1.31e+03      |
-------------------------------------------
------------------------------------------
| rollout/                |              |
|    ep_len_mean          | 933          |
|    ep_rew_mean          | -899         |
| time/                   |              |
|    fps                  | 3157         |
|    iterations           | 27           |
|    time_elapsed         | 70           |
|    total_timesteps      | 221184       |
| train/                  |              |
|    approx_kl            | 0.0012754335 |
|    clip_fraction        | 0.00833      |
|    clip_range           | 0.2          |
|    entropy_loss         | -1.08        |
|    explained_variance   | 0.967        |
|    learning_rate        | 0.0003       |
|    loss                 | 0.74         |
|    n_updates            | 840          |
|    policy_gradient_loss | 0.000402     |
|    std                  | 0.71         |
|    value_loss           | 2.94         |
------------------------------------------
------------------------------------------
| rollout/                |              |
|    ep_len_mean          | 951          |
|    ep_rew_mean          | -885         |
| time/                   |              |
|    fps                  | 3167         |
|    iterations           | 28           |
|    time_elapsed         | 72           |
|    total_timesteps      | 229376       |
| train/                  |              |
|    approx_kl            | 0.0012530787 |
|    clip_fraction        | 0.0131       |
|    clip_range           | 0.2          |
|    entropy_loss         | -1.07        |
|    explained_variance   | 0.68         |
|    learning_rate        | 0.0003       |
|    loss                 | 0.549        |
|    n_updates            | 850          |
|    policy_gradient_loss | -0.000447    |
|    std                  | 0.698        |
|    value_loss           | 1.16         |
------------------------------------------
-----------------------------------------
| rollout/                |             |
|    ep_len_mean          | 960         |
|    ep_rew_mean          | -860        |
| time/                   |             |
|    fps                  | 3179        |
|    iterations           | 29          |
|    time_elapsed         | 74          |
|    total_timesteps      | 237568      |
| train/                  |             |
|    approx_kl            | 0.007702388 |
|    clip_fraction        | 0.126       |
|    clip_range           | 0.2         |
|    entropy_loss         | -1.06       |
|    explained_variance   | 0.628       |
|    learning_rate        | 0.0003      |
|    loss                 | 3.48e+03    |
|    n_updates            | 860         |
|    policy_gradient_loss | -0.0012     |
|    std                  | 0.699       |
|    value_loss           | 5.6e+03     |
-----------------------------------------
------------------------------------------
| rollout/                |              |
|    ep_len_mean          | 960          |
|    ep_rew_mean          | -853         |
| time/                   |              |
|    fps                  | 3191         |
|    iterations           | 30           |
|    time_elapsed         | 77           |
|    total_timesteps      | 245760       |
| train/                  |              |
|    approx_kl            | 0.0020906557 |
|    clip_fraction        | 0.00112      |
|    clip_range           | 0.2          |
|    entropy_loss         | -1.06        |
|    explained_variance   | 0.462        |
|    learning_rate        | 0.0003       |
|    loss                 | 1.69e+03     |
|    n_updates            | 870          |
|    policy_gradient_loss | 0.000227     |
|    std                  | 0.699        |
|    value_loss           | 2.3e+03      |
------------------------------------------
-----------------------------------------
| rollout/                |             |
|    ep_len_mean          | 960         |
|    ep_rew_mean          | -853        |
| time/                   |             |
|    fps                  | 3200        |
|    iterations           | 31          |
|    time_elapsed         | 79          |
|    total_timesteps      | 253952      |
| train/                  |             |
|    approx_kl            | 0.003952068 |
|    clip_fraction        | 0.0178      |
|    clip_range           | 0.2         |
|    entropy_loss         | -1.06       |
|    explained_variance   | 0.962       |
|    learning_rate        | 0.0003      |
|    loss                 | 4.76        |
|    n_updates            | 880         |
|    policy_gradient_loss | 0.000558    |
|    std                  | 0.7         |
|    value_loss           | 3.22        |
-----------------------------------------
------------------------------------------
| rollout/                |              |
|    ep_len_mean          | 900          |
|    ep_rew_mean          | -792         |
| time/                   |              |
|    fps                  | 3205         |
|    iterations           | 32           |
|    time_elapsed         | 81           |
|    total_timesteps      | 262144       |
| train/                  |              |
|    approx_kl            | 0.0018836118 |
|    clip_fraction        | 0.0276       |
|    clip_range           | 0.2          |
|    entropy_loss         | -1.06        |
|    explained_variance   | 0.719        |
|    learning_rate        | 0.0003       |
|    loss                 | 0.245        |
|    n_updates            | 890          |
|    policy_gradient_loss | -0.00118     |
|    std                  | 0.704        |
|    value_loss           | 0.522        |
------------------------------------------
------------------------------------------
| rollout/                |              |
|    ep_len_mean          | 882          |
|    ep_rew_mean          | -855         |
| time/                   |              |
|    fps                  | 3216         |
|    iterations           | 33           |
|    time_elapsed         | 84           |
|    total_timesteps      | 270336       |
| train/                  |              |
|    approx_kl            | 0.0020791283 |
|    clip_fraction        | 0.0106       |
|    clip_range           | 0.2          |
|    entropy_loss         | -1.07        |
|    explained_variance   | 0.555        |
|    learning_rate        | 0.0003       |
|    loss                 | 4.25e+03     |
|    n_updates            | 900          |
|    policy_gradient_loss | 0.000614     |
|    std                  | 0.704        |
|    value_loss           | 1.75e+04     |
------------------------------------------
-------------------------------------------
| rollout/                |               |
|    ep_len_mean          | 882           |
|    ep_rew_mean          | -846          |
| time/                   |               |
|    fps                  | 3224          |
|    iterations           | 34            |
|    time_elapsed         | 86            |
|    total_timesteps      | 278528        |
| train/                  |               |
|    approx_kl            | 0.00050043943 |
|    clip_fraction        | 0.00107       |
|    clip_range           | 0.2           |
|    entropy_loss         | -1.07         |
|    explained_variance   | 0.569         |
|    learning_rate        | 0.0003        |
|    loss                 | 880           |
|    n_updates            | 910           |
|    policy_gradient_loss | -0.00111      |
|    std                  | 0.704         |
|    value_loss           | 2.93e+03      |
-------------------------------------------
-------------------------------------------
| rollout/                |               |
|    ep_len_mean          | 864           |
|    ep_rew_mean          | -899          |
| time/                   |               |
|    fps                  | 3230          |
|    iterations           | 35            |
|    time_elapsed         | 88            |
|    total_timesteps      | 286720        |
| train/                  |               |
|    approx_kl            | 0.00037485897 |
|    clip_fraction        | 0.000452      |
|    clip_range           | 0.2           |
|    entropy_loss         | -1.07         |
|    explained_variance   | 0.45          |
|    learning_rate        | 0.0003        |
|    loss                 | 2.37e+03      |
|    n_updates            | 920           |
|    policy_gradient_loss | -0.000121     |
|    std                  | 0.705         |
|    value_loss           | 3.49e+03      |
-------------------------------------------
-------------------------------------------
| rollout/                |               |
|    ep_len_mean          | 827           |
|    ep_rew_mean          | -1.09e+03     |
| time/                   |               |
|    fps                  | 3235          |
|    iterations           | 36            |
|    time_elapsed         | 91            |
|    total_timesteps      | 294912        |
| train/                  |               |
|    approx_kl            | 0.00061906525 |
|    clip_fraction        | 0.000244      |
|    clip_range           | 0.2           |
|    entropy_loss         | -1.07         |
|    explained_variance   | 0.559         |
|    learning_rate        | 0.0003        |
|    loss                 | 75.3          |
|    n_updates            | 930           |
|    policy_gradient_loss | -0.00048      |
|    std                  | 0.707         |
|    value_loss           | 566           |
-------------------------------------------
-------------------------------------------
| rollout/                |               |
|    ep_len_mean          | 744           |
|    ep_rew_mean          | -1.24e+03     |
| time/                   |               |
|    fps                  | 3243          |
|    iterations           | 37            |
|    time_elapsed         | 93            |
|    total_timesteps      | 303104        |
| train/                  |               |
|    approx_kl            | 0.00037744586 |
|    clip_fraction        | 0.000146      |
|    clip_range           | 0.2           |
|    entropy_loss         | -1.07         |
|    explained_variance   | 0.612         |
|    learning_rate        | 0.0003        |
|    loss                 | 4.22e+03      |
|    n_updates            | 940           |
|    policy_gradient_loss | -0.000527     |
|    std                  | 0.707         |
|    value_loss           | 1.21e+04      |
-------------------------------------------
-------------------------------------------
| rollout/                |               |
|    ep_len_mean          | 744           |
|    ep_rew_mean          | -1.24e+03     |
| time/                   |               |
|    fps                  | 3247          |
|    iterations           | 38            |
|    time_elapsed         | 95            |
|    total_timesteps      | 311296        |
| train/                  |               |
|    approx_kl            | 1.1526958e-05 |
|    clip_fraction        | 0             |
|    clip_range           | 0.2           |
|    entropy_loss         | -1.07         |
|    explained_variance   | 0.544         |
|    learning_rate        | 0.0003        |
|    loss                 | 3.34e+03      |
|    n_updates            | 950           |
|    policy_gradient_loss | 7e-06         |
|    std                  | 0.707         |
|    value_loss           | 8.96e+03      |
-------------------------------------------
------------------------------------------
| rollout/                |              |
|    ep_len_mean          | 735          |
|    ep_rew_mean          | -1.25e+03    |
| time/                   |              |
|    fps                  | 3255         |
|    iterations           | 39           |
|    time_elapsed         | 98           |
|    total_timesteps      | 319488       |
| train/                  |              |
|    approx_kl            | 0.0010938635 |
|    clip_fraction        | 0.00187      |
|    clip_range           | 0.2          |
|    entropy_loss         | -1.07        |
|    explained_variance   | 0.334        |
|    learning_rate        | 0.0003       |
|    loss                 | 7.54         |
|    n_updates            | 960          |
|    policy_gradient_loss | -0.00065     |
|    std                  | 0.706        |
|    value_loss           | 25.3         |
------------------------------------------
/home/zy/car_rl/code0919/.venv/lib/python3.13/site-packages/stable_baselines3/common/evaluation.py:71: UserWarning: Evaluation environment is not wrapped with a ``Monitor`` wrapper. This may result in reporting modified episode lengths and rewards, if other wrappers happen to modify these. Consider wrapping environment first with ``Monitor`` wrapper.
  warnings.warn(
Eval num_timesteps=320000, episode_reward=-633.16 +/- 1066.99
Episode length: 1001.00 +/- 0.00
------------------------------------------
| eval/                   |              |
|    mean_ep_length       | 1e+03        |
|    mean_reward          | -633         |
| time/                   |              |
|    total_timesteps      | 320000       |
| train/                  |              |
|    approx_kl            | 0.0005858937 |
|    clip_fraction        | 0.00198      |
|    clip_range           | 0.2          |
|    entropy_loss         | -1.07        |
|    explained_variance   | 0.76         |
|    learning_rate        | 0.0003       |
|    loss                 | 153          |
|    n_updates            | 970          |
|    policy_gradient_loss | -0.000909    |
|    std                  | 0.707        |
|    value_loss           | 348          |
------------------------------------------
New best mean reward!
----------------------------------
| rollout/           |           |
|    ep_len_mean     | 727       |
|    ep_rew_mean     | -1.26e+03 |
| time/              |           |
|    fps             | 3094      |
|    iterations      | 40        |
|    time_elapsed    | 105       |
|    total_timesteps | 327680    |
----------------------------------
-------------------------------------------
| rollout/                |               |
|    ep_len_mean          | 699           |
|    ep_rew_mean          | -1.3e+03      |
| time/                   |               |
|    fps                  | 3102          |
|    iterations           | 41            |
|    time_elapsed         | 108           |
|    total_timesteps      | 335872        |
| train/                  |               |
|    approx_kl            | 0.00037810847 |
|    clip_fraction        | 0.000256      |
|    clip_range           | 0.2           |
|    entropy_loss         | -1.07         |
|    explained_variance   | 0.573         |
|    learning_rate        | 0.0003        |
|    loss                 | 5.49e+03      |
|    n_updates            | 980           |
|    policy_gradient_loss | -0.000525     |
|    std                  | 0.707         |
|    value_loss           | 1.42e+04      |
-------------------------------------------
------------------------------------------
| rollout/                |              |
|    ep_len_mean          | 699          |
|    ep_rew_mean          | -1.3e+03     |
| time/                   |              |
|    fps                  | 3112         |
|    iterations           | 42           |
|    time_elapsed         | 110          |
|    total_timesteps      | 344064       |
| train/                  |              |
|    approx_kl            | 0.0003195648 |
|    clip_fraction        | 0.000891     |
|    clip_range           | 0.2          |
|    entropy_loss         | -1.07        |
|    explained_variance   | 0.584        |
|    learning_rate        | 0.0003       |
|    loss                 | 4.04e+03     |
|    n_updates            | 990          |
|    policy_gradient_loss | -0.000694    |
|    std                  | 0.707        |
|    value_loss           | 6.6e+03      |
------------------------------------------
------------------------------------------
| rollout/                |              |
|    ep_len_mean          | 709          |
|    ep_rew_mean          | -1.29e+03    |
| time/                   |              |
|    fps                  | 3120         |
|    iterations           | 43           |
|    time_elapsed         | 112          |
|    total_timesteps      | 352256       |
| train/                  |              |
|    approx_kl            | 0.0018120713 |
|    clip_fraction        | 0.00359      |
|    clip_range           | 0.2          |
|    entropy_loss         | -1.07        |
|    explained_variance   | 0.814        |
|    learning_rate        | 0.0003       |
|    loss                 | 5.67         |
|    n_updates            | 1000         |
|    policy_gradient_loss | -0.000782    |
|    std                  | 0.7          |
|    value_loss           | 16           |
------------------------------------------
------------------------------------------
| rollout/                |              |
|    ep_len_mean          | 763          |
|    ep_rew_mean          | -1.18e+03    |
| time/                   |              |
|    fps                  | 3129         |
|    iterations           | 44           |
|    time_elapsed         | 115          |
|    total_timesteps      | 360448       |
| train/                  |              |
|    approx_kl            | 0.0018093002 |
|    clip_fraction        | 0.000684     |
|    clip_range           | 0.2          |
|    entropy_loss         | -1.06        |
|    explained_variance   | 0.668        |
|    learning_rate        | 0.0003       |
|    loss                 | 228          |
|    n_updates            | 1010         |
|    policy_gradient_loss | 0.00027      |
|    std                  | 0.7          |
|    value_loss           | 691          |
------------------------------------------
-------------------------------------------
| rollout/                |               |
|    ep_len_mean          | 773           |
|    ep_rew_mean          | -1.12e+03     |
| time/                   |               |
|    fps                  | 3137          |
|    iterations           | 45            |
|    time_elapsed         | 117           |
|    total_timesteps      | 368640        |
| train/                  |               |
|    approx_kl            | 0.00055651483 |
|    clip_fraction        | 0.00106       |
|    clip_range           | 0.2           |
|    entropy_loss         | -1.06         |
|    explained_variance   | 0.615         |
|    learning_rate        | 0.0003        |
|    loss                 | 3.7e+03       |
|    n_updates            | 1020          |
|    policy_gradient_loss | -0.000422     |
|    std                  | 0.7           |
|    value_loss           | 9.43e+03      |
-------------------------------------------
------------------------------------------
| rollout/                |              |
|    ep_len_mean          | 764          |
|    ep_rew_mean          | -1.15e+03    |
| time/                   |              |
|    fps                  | 3145         |
|    iterations           | 46           |
|    time_elapsed         | 119          |
|    total_timesteps      | 376832       |
| train/                  |              |
|    approx_kl            | 0.0026513613 |
|    clip_fraction        | 0.011        |
|    clip_range           | 0.2          |
|    entropy_loss         | -1.06        |
|    explained_variance   | 0.6          |
|    learning_rate        | 0.0003       |
|    loss                 | 341          |
|    n_updates            | 1030         |
|    policy_gradient_loss | -0.00184     |
|    std                  | 0.702        |
|    value_loss           | 910          |
------------------------------------------
------------------------------------------
| rollout/                |              |
|    ep_len_mean          | 782          |
|    ep_rew_mean          | -1.1e+03     |
| time/                   |              |
|    fps                  | 3151         |
|    iterations           | 47           |
|    time_elapsed         | 122          |
|    total_timesteps      | 385024       |
| train/                  |              |
|    approx_kl            | 0.0003102843 |
|    clip_fraction        | 0.000195     |
|    clip_range           | 0.2          |
|    entropy_loss         | -1.07        |
|    explained_variance   | 0.613        |
|    learning_rate        | 0.0003       |
|    loss                 | 1.49e+03     |
|    n_updates            | 1040         |
|    policy_gradient_loss | -4.01e-05    |
|    std                  | 0.703        |
|    value_loss           | 1.85e+03     |
------------------------------------------
------------------------------------------
| rollout/                |              |
|    ep_len_mean          | 855          |
|    ep_rew_mean          | -958         |
| time/                   |              |
|    fps                  | 3157         |
|    iterations           | 48           |
|    time_elapsed         | 124          |
|    total_timesteps      | 393216       |
| train/                  |              |
|    approx_kl            | 0.0022576856 |
|    clip_fraction        | 0.00587      |
|    clip_range           | 0.2          |
|    entropy_loss         | -1.07        |
|    explained_variance   | 0.794        |
|    learning_rate        | 0.0003       |
|    loss                 | 404          |
|    n_updates            | 1050         |
|    policy_gradient_loss | -0.00326     |
|    std                  | 0.706        |
|    value_loss           | 842          |
------------------------------------------
------------------------------------------
| rollout/                |              |
|    ep_len_mean          | 818          |
|    ep_rew_mean          | -982         |
| time/                   |              |
|    fps                  | 3163         |
|    iterations           | 49           |
|    time_elapsed         | 126          |
|    total_timesteps      | 401408       |
| train/                  |              |
|    approx_kl            | 0.0007191126 |
|    clip_fraction        | 0.00448      |
|    clip_range           | 0.2          |
|    entropy_loss         | -1.07        |
|    explained_variance   | 0.651        |
|    learning_rate        | 0.0003       |
|    loss                 | 4.38e+03     |
|    n_updates            | 1060         |
|    policy_gradient_loss | -0.00114     |
|    std                  | 0.706        |
|    value_loss           | 7.87e+03     |
------------------------------------------
-----------------------------------------
| rollout/                |             |
|    ep_len_mean          | 818         |
|    ep_rew_mean          | -1e+03      |
| time/                   |             |
|    fps                  | 3170        |
|    iterations           | 50          |
|    time_elapsed         | 129         |
|    total_timesteps      | 409600      |
| train/                  |             |
|    approx_kl            | 0.001523095 |
|    clip_fraction        | 0.00527     |
|    clip_range           | 0.2         |
|    entropy_loss         | -1.07       |
|    explained_variance   | 0.663       |
|    learning_rate        | 0.0003      |
|    loss                 | 1.57e+03    |
|    n_updates            | 1070        |
|    policy_gradient_loss | -0.00243    |
|    std                  | 0.707       |
|    value_loss           | 4.01e+03    |
-----------------------------------------
------------------------------------------
| rollout/                |              |
|    ep_len_mean          | 836          |
|    ep_rew_mean          | -977         |
| time/                   |              |
|    fps                  | 3177         |
|    iterations           | 51           |
|    time_elapsed         | 131          |
|    total_timesteps      | 417792       |
| train/                  |              |
|    approx_kl            | 0.0018237415 |
|    clip_fraction        | 0.018        |
|    clip_range           | 0.2          |
|    entropy_loss         | -1.07        |
|    explained_variance   | 0.742        |
|    learning_rate        | 0.0003       |
|    loss                 | 3.58         |
|    n_updates            | 1080         |
|    policy_gradient_loss | 0.000224     |
|    std                  | 0.708        |
|    value_loss           | 10.1         |
------------------------------------------
-------------------------------------------
| rollout/                |               |
|    ep_len_mean          | 836           |
|    ep_rew_mean          | -1.01e+03     |
| time/                   |               |
|    fps                  | 3183          |
|    iterations           | 52            |
|    time_elapsed         | 133           |
|    total_timesteps      | 425984        |
| train/                  |               |
|    approx_kl            | 0.00060592254 |
|    clip_fraction        | 0.00219       |
|    clip_range           | 0.2           |
|    entropy_loss         | -1.07         |
|    explained_variance   | 0.696         |
|    learning_rate        | 0.0003        |
|    loss                 | 892           |
|    n_updates            | 1090          |
|    policy_gradient_loss | 0.000257      |
|    std                  | 0.708         |
|    value_loss           | 2.39e+03      |
-------------------------------------------
-------------------------------------------
| rollout/                |               |
|    ep_len_mean          | 790           |
|    ep_rew_mean          | -1.06e+03     |
| time/                   |               |
|    fps                  | 3189          |
|    iterations           | 53            |
|    time_elapsed         | 136           |
|    total_timesteps      | 434176        |
| train/                  |               |
|    approx_kl            | 0.00060892524 |
|    clip_fraction        | 0.00365       |
|    clip_range           | 0.2           |
|    entropy_loss         | -1.07         |
|    explained_variance   | 0.653         |
|    learning_rate        | 0.0003        |
|    loss                 | 4.88e+03      |
|    n_updates            | 1100          |
|    policy_gradient_loss | -0.000956     |
|    std                  | 0.709         |
|    value_loss           | 1.2e+04       |
-------------------------------------------
-------------------------------------------
| rollout/                |               |
|    ep_len_mean          | 790           |
|    ep_rew_mean          | -1.06e+03     |
| time/                   |               |
|    fps                  | 3195          |
|    iterations           | 54            |
|    time_elapsed         | 138           |
|    total_timesteps      | 442368        |
| train/                  |               |
|    approx_kl            | 0.00012533061 |
|    clip_fraction        | 0             |
|    clip_range           | 0.2           |
|    entropy_loss         | -1.07         |
|    explained_variance   | 0.649         |
|    learning_rate        | 0.0003        |
|    loss                 | 1.93e+03      |
|    n_updates            | 1110          |
|    policy_gradient_loss | 2.76e-05      |
|    std                  | 0.708         |
|    value_loss           | 7.56e+03      |
-------------------------------------------
-------------------------------------------
| rollout/                |               |
|    ep_len_mean          | 790           |
|    ep_rew_mean          | -1.02e+03     |
| time/                   |               |
|    fps                  | 3201          |
|    iterations           | 55            |
|    time_elapsed         | 140           |
|    total_timesteps      | 450560        |
| train/                  |               |
|    approx_kl            | 0.00081727194 |
|    clip_fraction        | 0.0028        |
|    clip_range           | 0.2           |
|    entropy_loss         | -1.07         |
|    explained_variance   | 0.851         |
|    learning_rate        | 0.0003        |
|    loss                 | 4.6           |
|    n_updates            | 1120          |
|    policy_gradient_loss | 0.000579      |
|    std                  | 0.707         |
|    value_loss           | 157           |
-------------------------------------------
-------------------------------------------
| rollout/                |               |
|    ep_len_mean          | 781           |
|    ep_rew_mean          | -1.09e+03     |
| time/                   |               |
|    fps                  | 3206          |
|    iterations           | 56            |
|    time_elapsed         | 143           |
|    total_timesteps      | 458752        |
| train/                  |               |
|    approx_kl            | 0.00030361366 |
|    clip_fraction        | 0.00378       |
|    clip_range           | 0.2           |
|    entropy_loss         | -1.07         |
|    explained_variance   | 0.662         |
|    learning_rate        | 0.0003        |
|    loss                 | 3.8e+03       |
|    n_updates            | 1130          |
|    policy_gradient_loss | -0.000504     |
|    std                  | 0.708         |
|    value_loss           | 5.17e+03      |
-------------------------------------------
-------------------------------------------
| rollout/                |               |
|    ep_len_mean          | 791           |
|    ep_rew_mean          | -1.16e+03     |
| time/                   |               |
|    fps                  | 3212          |
|    iterations           | 57            |
|    time_elapsed         | 145           |
|    total_timesteps      | 466944        |
| train/                  |               |
|    approx_kl            | 0.00082981307 |
|    clip_fraction        | 0.00164       |
|    clip_range           | 0.2           |
|    entropy_loss         | -1.07         |
|    explained_variance   | 0.685         |
|    learning_rate        | 0.0003        |
|    loss                 | 3.4e+03       |
|    n_updates            | 1140          |
|    policy_gradient_loss | -0.000653     |
|    std                  | 0.709         |
|    value_loss           | 5.59e+03      |
-------------------------------------------
-------------------------------------------
| rollout/                |               |
|    ep_len_mean          | 791           |
|    ep_rew_mean          | -1.15e+03     |
| time/                   |               |
|    fps                  | 3217          |
|    iterations           | 58            |
|    time_elapsed         | 147           |
|    total_timesteps      | 475136        |
| train/                  |               |
|    approx_kl            | 0.00042141965 |
|    clip_fraction        | 0.000281      |
|    clip_range           | 0.2           |
|    entropy_loss         | -1.07         |
|    explained_variance   | 0.682         |
|    learning_rate        | 0.0003        |
|    loss                 | 1.98e+03      |
|    n_updates            | 1150          |
|    policy_gradient_loss | 1.8e-05       |
|    std                  | 0.708         |
|    value_loss           | 4.93e+03      |
-------------------------------------------
Eval num_timesteps=480000, episode_reward=-303.49 +/- 306.54
Episode length: 1001.00 +/- 0.00
------------------------------------------
| eval/                   |              |
|    mean_ep_length       | 1e+03        |
|    mean_reward          | -303         |
| time/                   |              |
|    total_timesteps      | 480000       |
| train/                  |              |
|    approx_kl            | 0.0036040186 |
|    clip_fraction        | 0.022        |
|    clip_range           | 0.2          |
|    entropy_loss         | -1.07        |
|    explained_variance   | 0.748        |
|    learning_rate        | 0.0003       |
|    loss                 | 742          |
|    n_updates            | 1160         |
|    policy_gradient_loss | -0.00042     |
|    std                  | 0.709        |
|    value_loss           | 511          |
------------------------------------------
New best mean reward!
----------------------------------
| rollout/           |           |
|    ep_len_mean     | 800       |
|    ep_rew_mean     | -1.13e+03 |
| time/              |           |
|    fps             | 3107      |
|    iterations      | 59        |
|    time_elapsed    | 155       |
|    total_timesteps | 483328    |
----------------------------------
-------------------------------------------
| rollout/                |               |
|    ep_len_mean          | 791           |
|    ep_rew_mean          | -1.19e+03     |
| time/                   |               |
|    fps                  | 3113          |
|    iterations           | 60            |
|    time_elapsed         | 157           |
|    total_timesteps      | 491520        |
| train/                  |               |
|    approx_kl            | 0.00034371484 |
|    clip_fraction        | 0.0429        |
|    clip_range           | 0.2           |
|    entropy_loss         | -1.08         |
|    explained_variance   | 0.667         |
|    learning_rate        | 0.0003        |
|    loss                 | 659           |
|    n_updates            | 1170          |
|    policy_gradient_loss | 0.000484      |
|    std                  | 0.71          |
|    value_loss           | 2.26e+03      |
-------------------------------------------
-------------------------------------------
| rollout/                |               |
|    ep_len_mean          | 799           |
|    ep_rew_mean          | -1.18e+03     |
| time/                   |               |
|    fps                  | 3120          |
|    iterations           | 61            |
|    time_elapsed         | 160           |
|    total_timesteps      | 499712        |
| train/                  |               |
|    approx_kl            | 6.0894323e-05 |
|    clip_fraction        | 0             |
|    clip_range           | 0.2           |
|    entropy_loss         | -1.08         |
|    explained_variance   | 0.694         |
|    learning_rate        | 0.0003        |
|    loss                 | 5.03e+03      |
|    n_updates            | 1180          |
|    policy_gradient_loss | 4.78e-05      |
|    std                  | 0.71          |
|    value_loss           | 1.05e+04      |
-------------------------------------------
------------------------------------------
| rollout/                |              |
|    ep_len_mean          | 799          |
|    ep_rew_mean          | -1.18e+03    |
| time/                   |              |
|    fps                  | 3124         |
|    iterations           | 62           |
|    time_elapsed         | 162          |
|    total_timesteps      | 507904       |
| train/                  |              |
|    approx_kl            | 0.0008535096 |
|    clip_fraction        | 0.00475      |
|    clip_range           | 0.2          |
|    entropy_loss         | -1.08        |
|    explained_variance   | 0.792        |
|    learning_rate        | 0.0003       |
|    loss                 | 938          |
|    n_updates            | 1190         |
|    policy_gradient_loss | -0.00152     |
|    std                  | 0.713        |
|    value_loss           | 2e+03        |
------------------------------------------
-----------------------------------------
| rollout/                |             |
|    ep_len_mean          | 818         |
|    ep_rew_mean          | -1.13e+03   |
| time/                   |             |
|    fps                  | 3129        |
|    iterations           | 63          |
|    time_elapsed         | 164         |
|    total_timesteps      | 516096      |
| train/                  |             |
|    approx_kl            | 0.004566564 |
|    clip_fraction        | 0.0503      |
|    clip_range           | 0.2         |
|    entropy_loss         | -1.08       |
|    explained_variance   | 0.909       |
|    learning_rate        | 0.0003      |
|    loss                 | 136         |
|    n_updates            | 1200        |
|    policy_gradient_loss | -0.00152    |
|    std                  | 0.71        |
|    value_loss           | 73.5        |
-----------------------------------------
------------------------------------------
| rollout/                |              |
|    ep_len_mean          | 827          |
|    ep_rew_mean          | -1.17e+03    |
| time/                   |              |
|    fps                  | 3135         |
|    iterations           | 64           |
|    time_elapsed         | 167          |
|    total_timesteps      | 524288       |
| train/                  |              |
|    approx_kl            | 0.0002757204 |
|    clip_fraction        | 0.0793       |
|    clip_range           | 0.2          |
|    entropy_loss         | -1.08        |
|    explained_variance   | 0.786        |
|    learning_rate        | 0.0003       |
|    loss                 | 938          |
|    n_updates            | 1210         |
|    policy_gradient_loss | 0.00139      |
|    std                  | 0.71         |
|    value_loss           | 2.11e+03     |
------------------------------------------
-------------------------------------------
| rollout/                |               |
|    ep_len_mean          | 836           |
|    ep_rew_mean          | -1.19e+03     |
| time/                   |               |
|    fps                  | 3141          |
|    iterations           | 65            |
|    time_elapsed         | 169           |
|    total_timesteps      | 532480        |
| train/                  |               |
|    approx_kl            | 0.00054348283 |
|    clip_fraction        | 0.00122       |
|    clip_range           | 0.2           |
|    entropy_loss         | -1.08         |
|    explained_variance   | 0.73          |
|    learning_rate        | 0.0003        |
|    loss                 | 3.51e+03      |
|    n_updates            | 1220          |
|    policy_gradient_loss | -0.000531     |
|    std                  | 0.71          |
|    value_loss           | 9.79e+03      |
-------------------------------------------
-------------------------------------------
| rollout/                |               |
|    ep_len_mean          | 836           |
|    ep_rew_mean          | -1.19e+03     |
| time/                   |               |
|    fps                  | 3146          |
|    iterations           | 66            |
|    time_elapsed         | 171           |
|    total_timesteps      | 540672        |
| train/                  |               |
|    approx_kl            | 0.00024976308 |
|    clip_fraction        | 0.0012        |
|    clip_range           | 0.2           |
|    entropy_loss         | -1.08         |
|    explained_variance   | 0.723         |
|    learning_rate        | 0.0003        |
|    loss                 | 786           |
|    n_updates            | 1230          |
|    policy_gradient_loss | -4.42e-05     |
|    std                  | 0.711         |
|    value_loss           | 2.47e+03      |
-------------------------------------------
------------------------------------------
| rollout/                |              |
|    ep_len_mean          | 845          |
|    ep_rew_mean          | -1.13e+03    |
| time/                   |              |
|    fps                  | 3151         |
|    iterations           | 67           |
|    time_elapsed         | 174          |
|    total_timesteps      | 548864       |
| train/                  |              |
|    approx_kl            | 0.0013847465 |
|    clip_fraction        | 0.0217       |
|    clip_range           | 0.2          |
|    entropy_loss         | -1.07        |
|    explained_variance   | 0.564        |
|    learning_rate        | 0.0003       |
|    loss                 | 1.6          |
|    n_updates            | 1240         |
|    policy_gradient_loss | -0.000107    |
|    std                  | 0.695        |
|    value_loss           | 3.64         |
------------------------------------------
------------------------------------------
| rollout/                |              |
|    ep_len_mean          | 845          |
|    ep_rew_mean          | -1.07e+03    |
| time/                   |              |
|    fps                  | 3156         |
|    iterations           | 68           |
|    time_elapsed         | 176          |
|    total_timesteps      | 557056       |
| train/                  |              |
|    approx_kl            | 0.0014040975 |
|    clip_fraction        | 0.0129       |
|    clip_range           | 0.2          |
|    entropy_loss         | -1.05        |
|    explained_variance   | 0.747        |
|    learning_rate        | 0.0003       |
|    loss                 | 627          |
|    n_updates            | 1250         |
|    policy_gradient_loss | -0.00164     |
|    std                  | 0.693        |
|    value_loss           | 1.84e+03     |
------------------------------------------
------------------------------------------
| rollout/                |              |
|    ep_len_mean          | 836          |
|    ep_rew_mean          | -1.1e+03     |
| time/                   |              |
|    fps                  | 3161         |
|    iterations           | 69           |
|    time_elapsed         | 178          |
|    total_timesteps      | 565248       |
| train/                  |              |
|    approx_kl            | 0.0004342634 |
|    clip_fraction        | 0.000549     |
|    clip_range           | 0.2          |
|    entropy_loss         | -1.05        |
|    explained_variance   | 0.759        |
|    learning_rate        | 0.0003       |
|    loss                 | 2.1e+03      |
|    n_updates            | 1260         |
|    policy_gradient_loss | -4.11e-05    |
|    std                  | 0.694        |
|    value_loss           | 4.88e+03     |
------------------------------------------
-------------------------------------------
| rollout/                |               |
|    ep_len_mean          | 836           |
|    ep_rew_mean          | -1.1e+03      |
| time/                   |               |
|    fps                  | 3166          |
|    iterations           | 70            |
|    time_elapsed         | 181           |
|    total_timesteps      | 573440        |
| train/                  |               |
|    approx_kl            | 0.00057722616 |
|    clip_fraction        | 0.00576       |
|    clip_range           | 0.2           |
|    entropy_loss         | -1.05         |
|    explained_variance   | 0.702         |
|    learning_rate        | 0.0003        |
|    loss                 | 4.63e+03      |
|    n_updates            | 1270          |
|    policy_gradient_loss | -0.00176      |
|    std                  | 0.695         |
|    value_loss           | 6.74e+03      |
-------------------------------------------
------------------------------------------
| rollout/                |              |
|    ep_len_mean          | 854          |
|    ep_rew_mean          | -1.07e+03    |
| time/                   |              |
|    fps                  | 3171         |
|    iterations           | 71           |
|    time_elapsed         | 183          |
|    total_timesteps      | 581632       |
| train/                  |              |
|    approx_kl            | 0.0016178662 |
|    clip_fraction        | 0.00708      |
|    clip_range           | 0.2          |
|    entropy_loss         | -1.06        |
|    explained_variance   | 0.146        |
|    learning_rate        | 0.0003       |
|    loss                 | 181          |
|    n_updates            | 1280         |
|    policy_gradient_loss | 5.48e-05     |
|    std                  | 0.695        |
|    value_loss           | 200          |
------------------------------------------
-----------------------------------------
| rollout/                |             |
|    ep_len_mean          | 855         |
|    ep_rew_mean          | -1.15e+03   |
| time/                   |             |
|    fps                  | 3175        |
|    iterations           | 72          |
|    time_elapsed         | 185         |
|    total_timesteps      | 589824      |
| train/                  |             |
|    approx_kl            | 0.001967146 |
|    clip_fraction        | 0.00309     |
|    clip_range           | 0.2         |
|    entropy_loss         | -1.05       |
|    explained_variance   | 0.863       |
|    learning_rate        | 0.0003      |
|    loss                 | 47.6        |
|    n_updates            | 1290        |
|    policy_gradient_loss | -0.000352   |
|    std                  | 0.694       |
|    value_loss           | 738         |
-----------------------------------------
-------------------------------------------
| rollout/                |               |
|    ep_len_mean          | 864           |
|    ep_rew_mean          | -1.13e+03     |
| time/                   |               |
|    fps                  | 3179          |
|    iterations           | 73            |
|    time_elapsed         | 188           |
|    total_timesteps      | 598016        |
| train/                  |               |
|    approx_kl            | 0.00056930096 |
|    clip_fraction        | 0.00392       |
|    clip_range           | 0.2           |
|    entropy_loss         | -1.05         |
|    explained_variance   | 0.746         |
|    learning_rate        | 0.0003        |
|    loss                 | 3.46e+03      |
|    n_updates            | 1300          |
|    policy_gradient_loss | -0.00133      |
|    std                  | 0.695         |
|    value_loss           | 8.04e+03      |
-------------------------------------------
-----------------------------------------
| rollout/                |             |
|    ep_len_mean          | 864         |
|    ep_rew_mean          | -1.13e+03   |
| time/                   |             |
|    fps                  | 3183        |
|    iterations           | 74          |
|    time_elapsed         | 190         |
|    total_timesteps      | 606208      |
| train/                  |             |
|    approx_kl            | 0.003316252 |
|    clip_fraction        | 0.016       |
|    clip_range           | 0.2         |
|    entropy_loss         | -1.06       |
|    explained_variance   | 0.843       |
|    learning_rate        | 0.0003      |
|    loss                 | 104         |
|    n_updates            | 1310        |
|    policy_gradient_loss | -0.00258    |
|    std                  | 0.699       |
|    value_loss           | 583         |
-----------------------------------------
-----------------------------------------
| rollout/                |             |
|    ep_len_mean          | 873         |
|    ep_rew_mean          | -1.06e+03   |
| time/                   |             |
|    fps                  | 3187        |
|    iterations           | 75          |
|    time_elapsed         | 192         |
|    total_timesteps      | 614400      |
| train/                  |             |
|    approx_kl            | 0.013680885 |
|    clip_fraction        | 0.0287      |
|    clip_range           | 0.2         |
|    entropy_loss         | -1.06       |
|    explained_variance   | 0.875       |
|    learning_rate        | 0.0003      |
|    loss                 | 0.618       |
|    n_updates            | 1320        |
|    policy_gradient_loss | 0.00218     |
|    std                  | 0.701       |
|    value_loss           | 161         |
-----------------------------------------
------------------------------------------
| rollout/                |              |
|    ep_len_mean          | 883          |
|    ep_rew_mean          | -1.05e+03    |
| time/                   |              |
|    fps                  | 3191         |
|    iterations           | 76           |
|    time_elapsed         | 195          |
|    total_timesteps      | 622592       |
| train/                  |              |
|    approx_kl            | 0.0028942518 |
|    clip_fraction        | 0.0362       |
|    clip_range           | 0.2          |
|    entropy_loss         | -1.06        |
|    explained_variance   | 0.775        |
|    learning_rate        | 0.0003       |
|    loss                 | 1.04e+03     |
|    n_updates            | 1330         |
|    policy_gradient_loss | -0.000929    |
|    std                  | 0.702        |
|    value_loss           | 3.17e+03     |
------------------------------------------
-------------------------------------------
| rollout/                |               |
|    ep_len_mean          | 864           |
|    ep_rew_mean          | -1.07e+03     |
| time/                   |               |
|    fps                  | 3195          |
|    iterations           | 77            |
|    time_elapsed         | 197           |
|    total_timesteps      | 630784        |
| train/                  |               |
|    approx_kl            | 0.00065159437 |
|    clip_fraction        | 0.00333       |
|    clip_range           | 0.2           |
|    entropy_loss         | -1.07         |
|    explained_variance   | 0.803         |
|    learning_rate        | 0.0003        |
|    loss                 | 1.54e+03      |
|    n_updates            | 1340          |
|    policy_gradient_loss | -0.00156      |
|    std                  | 0.704         |
|    value_loss           | 2.65e+03      |
-------------------------------------------
-------------------------------------------
| rollout/                |               |
|    ep_len_mean          | 855           |
|    ep_rew_mean          | -1.09e+03     |
| time/                   |               |
|    fps                  | 3199          |
|    iterations           | 78            |
|    time_elapsed         | 199           |
|    total_timesteps      | 638976        |
| train/                  |               |
|    approx_kl            | 0.00045781903 |
|    clip_fraction        | 0.00304       |
|    clip_range           | 0.2           |
|    entropy_loss         | -1.07         |
|    explained_variance   | 0.822         |
|    learning_rate        | 0.0003        |
|    loss                 | 543           |
|    n_updates            | 1350          |
|    policy_gradient_loss | -0.00155      |
|    std                  | 0.706         |
|    value_loss           | 1.58e+03      |
-------------------------------------------
Eval num_timesteps=640000, episode_reward=-747.57 +/- 589.34
Episode length: 1001.00 +/- 0.00
------------------------------------------
| eval/                   |              |
|    mean_ep_length       | 1e+03        |
|    mean_reward          | -748         |
| time/                   |              |
|    total_timesteps      | 640000       |
| train/                  |              |
|    approx_kl            | 0.0004613385 |
|    clip_fraction        | 0.00314      |
|    clip_range           | 0.2          |
|    entropy_loss         | -1.07        |
|    explained_variance   | 0.845        |
|    learning_rate        | 0.0003       |
|    loss                 | 196          |
|    n_updates            | 1360         |
|    policy_gradient_loss | -0.00166     |
|    std                  | 0.706        |
|    value_loss           | 310          |
------------------------------------------
----------------------------------
| rollout/           |           |
|    ep_len_mean     | 855       |
|    ep_rew_mean     | -1.05e+03 |
| time/              |           |
|    fps             | 3116      |
|    iterations      | 79        |
|    time_elapsed    | 207       |
|    total_timesteps | 647168    |
----------------------------------
-----------------------------------------
| rollout/                |             |
|    ep_len_mean          | 845         |
|    ep_rew_mean          | -969        |
| time/                   |             |
|    fps                  | 3121        |
|    iterations           | 80          |
|    time_elapsed         | 209         |
|    total_timesteps      | 655360      |
| train/                  |             |
|    approx_kl            | 0.001240491 |
|    clip_fraction        | 0.0026      |
|    clip_range           | 0.2         |
|    entropy_loss         | -1.07       |
|    explained_variance   | 0.804       |
|    learning_rate        | 0.0003      |
|    loss                 | 191         |
|    n_updates            | 1370        |
|    policy_gradient_loss | -0.00139    |
|    std                  | 0.707       |
|    value_loss           | 1.9e+03     |
-----------------------------------------
------------------------------------------
| rollout/                |              |
|    ep_len_mean          | 845          |
|    ep_rew_mean          | -954         |
| time/                   |              |
|    fps                  | 3125         |
|    iterations           | 81           |
|    time_elapsed         | 212          |
|    total_timesteps      | 663552       |
| train/                  |              |
|    approx_kl            | 0.0007755199 |
|    clip_fraction        | 0.000854     |
|    clip_range           | 0.2          |
|    entropy_loss         | -1.07        |
|    explained_variance   | 0.766        |
|    learning_rate        | 0.0003       |
|    loss                 | 3.11e+03     |
|    n_updates            | 1380         |
|    policy_gradient_loss | -0.000624    |
|    std                  | 0.708        |
|    value_loss           | 7.39e+03     |
------------------------------------------
------------------------------------------
| rollout/                |              |
|    ep_len_mean          | 845          |
|    ep_rew_mean          | -970         |
| time/                   |              |
|    fps                  | 3130         |
|    iterations           | 82           |
|    time_elapsed         | 214          |
|    total_timesteps      | 671744       |
| train/                  |              |
|    approx_kl            | 0.0011972035 |
|    clip_fraction        | 0.00142      |
|    clip_range           | 0.2          |
|    entropy_loss         | -1.07        |
|    explained_variance   | 0.818        |
|    learning_rate        | 0.0003       |
|    loss                 | 126          |
|    n_updates            | 1390         |
|    policy_gradient_loss | -0.000835    |
|    std                  | 0.708        |
|    value_loss           | 1.07e+03     |
------------------------------------------
------------------------------------------
| rollout/                |              |
|    ep_len_mean          | 854          |
|    ep_rew_mean          | -916         |
| time/                   |              |
|    fps                  | 3134         |
|    iterations           | 83           |
|    time_elapsed         | 216          |
|    total_timesteps      | 679936       |
| train/                  |              |
|    approx_kl            | 0.0033647688 |
|    clip_fraction        | 0.011        |
|    clip_range           | 0.2          |
|    entropy_loss         | -1.07        |
|    explained_variance   | 0.961        |
|    learning_rate        | 0.0003       |
|    loss                 | 0.707        |
|    n_updates            | 1400         |
|    policy_gradient_loss | -0.000206    |
|    std                  | 0.711        |
|    value_loss           | 19.2         |
------------------------------------------
------------------------------------------
| rollout/                |              |
|    ep_len_mean          | 863          |
|    ep_rew_mean          | -912         |
| time/                   |              |
|    fps                  | 3138         |
|    iterations           | 84           |
|    time_elapsed         | 219          |
|    total_timesteps      | 688128       |
| train/                  |              |
|    approx_kl            | 0.0020107862 |
|    clip_fraction        | 0.0142       |
|    clip_range           | 0.2          |
|    entropy_loss         | -1.08        |
|    explained_variance   | 0.759        |
|    learning_rate        | 0.0003       |
|    loss                 | 1.82e+03     |
|    n_updates            | 1410         |
|    policy_gradient_loss | 0.000853     |
|    std                  | 0.714        |
|    value_loss           | 3.55e+03     |
------------------------------------------
-------------------------------------------
| rollout/                |               |
|    ep_len_mean          | 863           |
|    ep_rew_mean          | -927          |
| time/                   |               |
|    fps                  | 3143          |
|    iterations           | 85            |
|    time_elapsed         | 221           |
|    total_timesteps      | 696320        |
| train/                  |               |
|    approx_kl            | 0.00020058961 |
|    clip_fraction        | 3.66e-05      |
|    clip_range           | 0.2           |
|    entropy_loss         | -1.08         |
|    explained_variance   | 0.827         |
|    learning_rate        | 0.0003        |
|    loss                 | 1.14e+03      |
|    n_updates            | 1420          |
|    policy_gradient_loss | 1.59e-05      |
|    std                  | 0.714         |
|    value_loss           | 3.68e+03      |
-------------------------------------------
------------------------------------------
| rollout/                |              |
|    ep_len_mean          | 872          |
|    ep_rew_mean          | -875         |
| time/                   |              |
|    fps                  | 3146         |
|    iterations           | 86           |
|    time_elapsed         | 223          |
|    total_timesteps      | 704512       |
| train/                  |              |
|    approx_kl            | 0.0011274485 |
|    clip_fraction        | 0.00604      |
|    clip_range           | 0.2          |
|    entropy_loss         | -1.09        |
|    explained_variance   | 0.84         |
|    learning_rate        | 0.0003       |
|    loss                 | 554          |
|    n_updates            | 1430         |
|    policy_gradient_loss | 0.000138     |
|    std                  | 0.72         |
|    value_loss           | 601          |
------------------------------------------
------------------------------------------
| rollout/                |              |
|    ep_len_mean          | 863          |
|    ep_rew_mean          | -914         |
| time/                   |              |
|    fps                  | 3150         |
|    iterations           | 87           |
|    time_elapsed         | 226          |
|    total_timesteps      | 712704       |
| train/                  |              |
|    approx_kl            | 0.0038619856 |
|    clip_fraction        | 0.0139       |
|    clip_range           | 0.2          |
|    entropy_loss         | -1.09        |
|    explained_variance   | 0.8          |
|    learning_rate        | 0.0003       |
|    loss                 | 620          |
|    n_updates            | 1440         |
|    policy_gradient_loss | -0.000999    |
|    std                  | 0.719        |
|    value_loss           | 1.02e+03     |
------------------------------------------
------------------------------------------
| rollout/                |              |
|    ep_len_mean          | 900          |
|    ep_rew_mean          | -889         |
| time/                   |              |
|    fps                  | 3154         |
|    iterations           | 88           |
|    time_elapsed         | 228          |
|    total_timesteps      | 720896       |
| train/                  |              |
|    approx_kl            | 0.0002914819 |
|    clip_fraction        | 0.000818     |
|    clip_range           | 0.2          |
|    entropy_loss         | -1.09        |
|    explained_variance   | 0.765        |
|    learning_rate        | 0.0003       |
|    loss                 | 1.78e+03     |
|    n_updates            | 1450         |
|    policy_gradient_loss | -0.000398    |
|    std                  | 0.72         |
|    value_loss           | 4.12e+03     |
------------------------------------------
------------------------------------------
| rollout/                |              |
|    ep_len_mean          | 900          |
|    ep_rew_mean          | -896         |
| time/                   |              |
|    fps                  | 3158         |
|    iterations           | 89           |
|    time_elapsed         | 230          |
|    total_timesteps      | 729088       |
| train/                  |              |
|    approx_kl            | 0.0011059644 |
|    clip_fraction        | 0.00701      |
|    clip_range           | 0.2          |
|    entropy_loss         | -1.09        |
|    explained_variance   | 0.795        |
|    learning_rate        | 0.0003       |
|    loss                 | 2.11e+03     |
|    n_updates            | 1460         |
|    policy_gradient_loss | -0.00238     |
|    std                  | 0.723        |
|    value_loss           | 4.73e+03     |
------------------------------------------
------------------------------------------
| rollout/                |              |
|    ep_len_mean          | 900          |
|    ep_rew_mean          | -890         |
| time/                   |              |
|    fps                  | 3162         |
|    iterations           | 90           |
|    time_elapsed         | 233          |
|    total_timesteps      | 737280       |
| train/                  |              |
|    approx_kl            | 0.0058699474 |
|    clip_fraction        | 0.0462       |
|    clip_range           | 0.2          |
|    entropy_loss         | -1.08        |
|    explained_variance   | 0.981        |
|    learning_rate        | 0.0003       |
|    loss                 | 0.495        |
|    n_updates            | 1470         |
|    policy_gradient_loss | -0.000455    |
|    std                  | 0.701        |
|    value_loss           | 3.39         |
------------------------------------------
-----------------------------------------
| rollout/                |             |
|    ep_len_mean          | 909         |
|    ep_rew_mean          | -908        |
| time/                   |             |
|    fps                  | 3166        |
|    iterations           | 91          |
|    time_elapsed         | 235         |
|    total_timesteps      | 745472      |
| train/                  |             |
|    approx_kl            | 0.004574045 |
|    clip_fraction        | 0.0589      |
|    clip_range           | 0.2         |
|    entropy_loss         | -1.06       |
|    explained_variance   | 0.978       |
|    learning_rate        | 0.0003      |
|    loss                 | 0.522       |
|    n_updates            | 1480        |
|    policy_gradient_loss | 0.000299    |
|    std                  | 0.695       |
|    value_loss           | 1.98        |
-----------------------------------------
------------------------------------------
| rollout/                |              |
|    ep_len_mean          | 918          |
|    ep_rew_mean          | -939         |
| time/                   |              |
|    fps                  | 3169         |
|    iterations           | 92           |
|    time_elapsed         | 237          |
|    total_timesteps      | 753664       |
| train/                  |              |
|    approx_kl            | 0.0031149234 |
|    clip_fraction        | 0.0259       |
|    clip_range           | 0.2          |
|    entropy_loss         | -1.06        |
|    explained_variance   | 0.797        |
|    learning_rate        | 0.0003       |
|    loss                 | 2.8e+03      |
|    n_updates            | 1490         |
|    policy_gradient_loss | -7.68e-06    |
|    std                  | 0.695        |
|    value_loss           | 4.38e+03     |
------------------------------------------
-----------------------------------------
| rollout/                |             |
|    ep_len_mean          | 909         |
|    ep_rew_mean          | -988        |
| time/                   |             |
|    fps                  | 3172        |
|    iterations           | 93          |
|    time_elapsed         | 240         |
|    total_timesteps      | 761856      |
| train/                  |             |
|    approx_kl            | 0.000747247 |
|    clip_fraction        | 0.000122    |
|    clip_range           | 0.2         |
|    entropy_loss         | -1.06       |
|    explained_variance   | 0.776       |
|    learning_rate        | 0.0003      |
|    loss                 | 927         |
|    n_updates            | 1500        |
|    policy_gradient_loss | -0.000321   |
|    std                  | 0.695       |
|    value_loss           | 4.24e+03    |
-----------------------------------------
------------------------------------------
| rollout/                |              |
|    ep_len_mean          | 909          |
|    ep_rew_mean          | -990         |
| time/                   |              |
|    fps                  | 3176         |
|    iterations           | 94           |
|    time_elapsed         | 242          |
|    total_timesteps      | 770048       |
| train/                  |              |
|    approx_kl            | 0.0034535266 |
|    clip_fraction        | 0.00369      |
|    clip_range           | 0.2          |
|    entropy_loss         | -1.06        |
|    explained_variance   | 0.788        |
|    learning_rate        | 0.0003       |
|    loss                 | 52.4         |
|    n_updates            | 1510         |
|    policy_gradient_loss | -0.001       |
|    std                  | 0.695        |
|    value_loss           | 544          |
------------------------------------------
------------------------------------------
| rollout/                |              |
|    ep_len_mean          | 900          |
|    ep_rew_mean          | -1.01e+03    |
| time/                   |              |
|    fps                  | 3180         |
|    iterations           | 95           |
|    time_elapsed         | 244          |
|    total_timesteps      | 778240       |
| train/                  |              |
|    approx_kl            | 0.0013760368 |
|    clip_fraction        | 0.00962      |
|    clip_range           | 0.2          |
|    entropy_loss         | -1.05        |
|    explained_variance   | 0.825        |
|    learning_rate        | 0.0003       |
|    loss                 | 75.7         |
|    n_updates            | 1520         |
|    policy_gradient_loss | -0.00131     |
|    std                  | 0.694        |
|    value_loss           | 833          |
------------------------------------------
------------------------------------------
| rollout/                |              |
|    ep_len_mean          | 900          |
|    ep_rew_mean          | -940         |
| time/                   |              |
|    fps                  | 3184         |
|    iterations           | 96           |
|    time_elapsed         | 246          |
|    total_timesteps      | 786432       |
| train/                  |              |
|    approx_kl            | 0.0029076182 |
|    clip_fraction        | 0.0058       |
|    clip_range           | 0.2          |
|    entropy_loss         | -1.05        |
|    explained_variance   | 0.817        |
|    learning_rate        | 0.0003       |
|    loss                 | 1.47e+03     |
|    n_updates            | 1530         |
|    policy_gradient_loss | -0.000677    |
|    std                  | 0.694        |
|    value_loss           | 3.99e+03     |
------------------------------------------
------------------------------------------
| rollout/                |              |
|    ep_len_mean          | 900          |
|    ep_rew_mean          | -922         |
| time/                   |              |
|    fps                  | 3187         |
|    iterations           | 97           |
|    time_elapsed         | 249          |
|    total_timesteps      | 794624       |
| train/                  |              |
|    approx_kl            | 0.0003717969 |
|    clip_fraction        | 0.000476     |
|    clip_range           | 0.2          |
|    entropy_loss         | -1.05        |
|    explained_variance   | 0.848        |
|    learning_rate        | 0.0003       |
|    loss                 | 965          |
|    n_updates            | 1540         |
|    policy_gradient_loss | -0.000268    |
|    std                  | 0.695        |
|    value_loss           | 2.84e+03     |
------------------------------------------
Eval num_timesteps=800000, episode_reward=-728.80 +/- 776.45
Episode length: 1001.00 +/- 0.00
------------------------------------------
| eval/                   |              |
|    mean_ep_length       | 1e+03        |
|    mean_reward          | -729         |
| time/                   |              |
|    total_timesteps      | 800000       |
| train/                  |              |
|    approx_kl            | 0.0011988457 |
|    clip_fraction        | 0.0151       |
|    clip_range           | 0.2          |
|    entropy_loss         | -1.05        |
|    explained_variance   | 0.946        |
|    learning_rate        | 0.0003       |
|    loss                 | 8.81         |
|    n_updates            | 1550         |
|    policy_gradient_loss | -0.00392     |
|    std                  | 0.69         |
|    value_loss           | 67.1         |
------------------------------------------
---------------------------------
| rollout/           |          |
|    ep_len_mean     | 909      |
|    ep_rew_mean     | -905     |
| time/              |          |
|    fps             | 3123     |
|    iterations      | 98       |
|    time_elapsed    | 257      |
|    total_timesteps | 802816   |
---------------------------------
----------------------------------------
| rollout/                |            |
|    ep_len_mean          | 909        |
|    ep_rew_mean          | -912       |
| time/                   |            |
|    fps                  | 3126       |
|    iterations           | 99         |
|    time_elapsed         | 259        |
|    total_timesteps      | 811008     |
| train/                  |            |
|    approx_kl            | 0.00437272 |
|    clip_fraction        | 0.016      |
|    clip_range           | 0.2        |
|    entropy_loss         | -1.04      |
|    explained_variance   | 0.935      |
|    learning_rate        | 0.0003     |
|    loss                 | 114        |
|    n_updates            | 1560       |
|    policy_gradient_loss | 0.001      |
|    std                  | 0.677      |
|    value_loss           | 102        |
----------------------------------------
-----------------------------------------
| rollout/                |             |
|    ep_len_mean          | 919         |
|    ep_rew_mean          | -909        |
| time/                   |             |
|    fps                  | 3130        |
|    iterations           | 100         |
|    time_elapsed         | 261         |
|    total_timesteps      | 819200      |
| train/                  |             |
|    approx_kl            | 0.003201863 |
|    clip_fraction        | 0.0688      |
|    clip_range           | 0.2         |
|    entropy_loss         | -1.03       |
|    explained_variance   | 0.79        |
|    learning_rate        | 0.0003      |
|    loss                 | 1.92e+03    |
|    n_updates            | 1570        |
|    policy_gradient_loss | 0.000372    |
|    std                  | 0.677       |
|    value_loss           | 5.87e+03    |
-----------------------------------------
-------------------------------------------
| rollout/                |               |
|    ep_len_mean          | 919           |
|    ep_rew_mean          | -884          |
| time/                   |               |
|    fps                  | 3133          |
|    iterations           | 101           |
|    time_elapsed         | 264           |
|    total_timesteps      | 827392        |
| train/                  |               |
|    approx_kl            | 0.00032403698 |
|    clip_fraction        | 0.001         |
|    clip_range           | 0.2           |
|    entropy_loss         | -1.03         |
|    explained_variance   | 0.892         |
|    learning_rate        | 0.0003        |
|    loss                 | 1.01e+03      |
|    n_updates            | 1580          |
|    policy_gradient_loss | -0.000257     |
|    std                  | 0.677         |
|    value_loss           | 1.79e+03      |
-------------------------------------------
------------------------------------------
| rollout/                |              |
|    ep_len_mean          | 919          |
|    ep_rew_mean          | -876         |
| time/                   |              |
|    fps                  | 3136         |
|    iterations           | 102          |
|    time_elapsed         | 266          |
|    total_timesteps      | 835584       |
| train/                  |              |
|    approx_kl            | 0.0024348784 |
|    clip_fraction        | 0.026        |
|    clip_range           | 0.2          |
|    entropy_loss         | -1.02        |
|    explained_variance   | 0.946        |
|    learning_rate        | 0.0003       |
|    loss                 | 0.323        |
|    n_updates            | 1590         |
|    policy_gradient_loss | 0.000554     |
|    std                  | 0.667        |
|    value_loss           | 0.698        |
------------------------------------------
-----------------------------------------
| rollout/                |             |
|    ep_len_mean          | 928         |
|    ep_rew_mean          | -956        |
| time/                   |             |
|    fps                  | 3140        |
|    iterations           | 103         |
|    time_elapsed         | 268         |
|    total_timesteps      | 843776      |
| train/                  |             |
|    approx_kl            | 0.006724459 |
|    clip_fraction        | 0.0352      |
|    clip_range           | 0.2         |
|    entropy_loss         | -1.02       |
|    explained_variance   | 0.952       |
|    learning_rate        | 0.0003      |
|    loss                 | 82.8        |
|    n_updates            | 1600        |
|    policy_gradient_loss | 0.000615    |
|    std                  | 0.668       |
|    value_loss           | 73.2        |
-----------------------------------------
-------------------------------------------
| rollout/                |               |
|    ep_len_mean          | 937           |
|    ep_rew_mean          | -936          |
| time/                   |               |
|    fps                  | 3142          |
|    iterations           | 104           |
|    time_elapsed         | 271           |
|    total_timesteps      | 851968        |
| train/                  |               |
|    approx_kl            | 0.00077153614 |
|    clip_fraction        | 0.0026        |
|    clip_range           | 0.2           |
|    entropy_loss         | -1.02         |
|    explained_variance   | 0.855         |
|    learning_rate        | 0.0003        |
|    loss                 | 788           |
|    n_updates            | 1610          |
|    policy_gradient_loss | -0.000743     |
|    std                  | 0.669         |
|    value_loss           | 2.3e+03       |
-------------------------------------------
-----------------------------------------
| rollout/                |             |
|    ep_len_mean          | 937         |
|    ep_rew_mean          | -936        |
| time/                   |             |
|    fps                  | 3146        |
|    iterations           | 105         |
|    time_elapsed         | 273         |
|    total_timesteps      | 860160      |
| train/                  |             |
|    approx_kl            | 0.001120353 |
|    clip_fraction        | 0.00175     |
|    clip_range           | 0.2         |
|    entropy_loss         | -1.02       |
|    explained_variance   | 0.864       |
|    learning_rate        | 0.0003      |
|    loss                 | 1.58e+03    |
|    n_updates            | 1620        |
|    policy_gradient_loss | -0.0012     |
|    std                  | 0.67        |
|    value_loss           | 3.87e+03    |
-----------------------------------------
------------------------------------------
| rollout/                |              |
|    ep_len_mean          | 928          |
|    ep_rew_mean          | -930         |
| time/                   |              |
|    fps                  | 3150         |
|    iterations           | 106          |
|    time_elapsed         | 275          |
|    total_timesteps      | 868352       |
| train/                  |              |
|    approx_kl            | 0.0038658313 |
|    clip_fraction        | 0.0135       |
|    clip_range           | 0.2          |
|    entropy_loss         | -1.02        |
|    explained_variance   | 0.902        |
|    learning_rate        | 0.0003       |
|    loss                 | 0.943        |
|    n_updates            | 1630         |
|    policy_gradient_loss | -0.00462     |
|    std                  | 0.673        |
|    value_loss           | 234          |
------------------------------------------
------------------------------------------
| rollout/                |              |
|    ep_len_mean          | 937          |
|    ep_rew_mean          | -927         |
| time/                   |              |
|    fps                  | 3153         |
|    iterations           | 107          |
|    time_elapsed         | 277          |
|    total_timesteps      | 876544       |
| train/                  |              |
|    approx_kl            | 0.0029553683 |
|    clip_fraction        | 0.0312       |
|    clip_range           | 0.2          |
|    entropy_loss         | -1.02        |
|    explained_variance   | 0.751        |
|    learning_rate        | 0.0003       |
|    loss                 | 419          |
|    n_updates            | 1640         |
|    policy_gradient_loss | 5.36e-06     |
|    std                  | 0.673        |
|    value_loss           | 2.44e+03     |
------------------------------------------
----------------------------------------
| rollout/                |            |
|    ep_len_mean          | 919        |
|    ep_rew_mean          | -964       |
| time/                   |            |
|    fps                  | 3155       |
|    iterations           | 108        |
|    time_elapsed         | 280        |
|    total_timesteps      | 884736     |
| train/                  |            |
|    approx_kl            | 0.00051125 |
|    clip_fraction        | 0.00166    |
|    clip_range           | 0.2        |
|    entropy_loss         | -1.02      |
|    explained_variance   | 0.858      |
|    learning_rate        | 0.0003     |
|    loss                 | 1.08e+03   |
|    n_updates            | 1650       |
|    policy_gradient_loss | -0.000918  |
|    std                  | 0.673      |
|    value_loss           | 2.42e+03   |
----------------------------------------
------------------------------------------
| rollout/                |              |
|    ep_len_mean          | 909          |
|    ep_rew_mean          | -977         |
| time/                   |              |
|    fps                  | 3159         |
|    iterations           | 109          |
|    time_elapsed         | 282          |
|    total_timesteps      | 892928       |
| train/                  |              |
|    approx_kl            | 0.0013196019 |
|    clip_fraction        | 0.000623     |
|    clip_range           | 0.2          |
|    entropy_loss         | -1.02        |
|    explained_variance   | 0.927        |
|    learning_rate        | 0.0003       |
|    loss                 | 426          |
|    n_updates            | 1660         |
|    policy_gradient_loss | -0.000679    |
|    std                  | 0.673        |
|    value_loss           | 1.15e+03     |
------------------------------------------
-----------------------------------------
| rollout/                |             |
|    ep_len_mean          | 901         |
|    ep_rew_mean          | -992        |
| time/                   |             |
|    fps                  | 3162        |
|    iterations           | 110         |
|    time_elapsed         | 284         |
|    total_timesteps      | 901120      |
| train/                  |             |
|    approx_kl            | 0.000364109 |
|    clip_fraction        | 0.00128     |
|    clip_range           | 0.2         |
|    entropy_loss         | -1.02       |
|    explained_variance   | 0.817       |
|    learning_rate        | 0.0003      |
|    loss                 | 144         |
|    n_updates            | 1670        |
|    policy_gradient_loss | -0.00114    |
|    std                  | 0.674       |
|    value_loss           | 1.02e+03    |
-----------------------------------------
------------------------------------------
| rollout/                |              |
|    ep_len_mean          | 854          |
|    ep_rew_mean          | -1.09e+03    |
| time/                   |              |
|    fps                  | 3165         |
|    iterations           | 111          |
|    time_elapsed         | 287          |
|    total_timesteps      | 909312       |
| train/                  |              |
|    approx_kl            | 0.0014996943 |
|    clip_fraction        | 0.00237      |
|    clip_range           | 0.2          |
|    entropy_loss         | -1.03        |
|    explained_variance   | 0.788        |
|    learning_rate        | 0.0003       |
|    loss                 | 1.7e+03      |
|    n_updates            | 1680         |
|    policy_gradient_loss | -0.00156     |
|    std                  | 0.677        |
|    value_loss           | 2.39e+03     |
------------------------------------------
------------------------------------------
| rollout/                |              |
|    ep_len_mean          | 818          |
|    ep_rew_mean          | -1.06e+03    |
| time/                   |              |
|    fps                  | 3168         |
|    iterations           | 112          |
|    time_elapsed         | 289          |
|    total_timesteps      | 917504       |
| train/                  |              |
|    approx_kl            | 0.0006945593 |
|    clip_fraction        | 0.00166      |
|    clip_range           | 0.2          |
|    entropy_loss         | -1.03        |
|    explained_variance   | 0.82         |
|    learning_rate        | 0.0003       |
|    loss                 | 3.4e+03      |
|    n_updates            | 1690         |
|    policy_gradient_loss | -0.000908    |
|    std                  | 0.677        |
|    value_loss           | 6.56e+03     |
------------------------------------------
-------------------------------------------
| rollout/                |               |
|    ep_len_mean          | 827           |
|    ep_rew_mean          | -1.04e+03     |
| time/                   |               |
|    fps                  | 3171          |
|    iterations           | 113           |
|    time_elapsed         | 291           |
|    total_timesteps      | 925696        |
| train/                  |               |
|    approx_kl            | 0.00044644478 |
|    clip_fraction        | 0.000781      |
|    clip_range           | 0.2           |
|    entropy_loss         | -1.03         |
|    explained_variance   | 0.88          |
|    learning_rate        | 0.0003        |
|    loss                 | 909           |
|    n_updates            | 1700          |
|    policy_gradient_loss | -0.000791     |
|    std                  | 0.677         |
|    value_loss           | 1.69e+03      |
-------------------------------------------
------------------------------------------
| rollout/                |              |
|    ep_len_mean          | 827          |
|    ep_rew_mean          | -1.06e+03    |
| time/                   |              |
|    fps                  | 3174         |
|    iterations           | 114          |
|    time_elapsed         | 294          |
|    total_timesteps      | 933888       |
| train/                  |              |
|    approx_kl            | 0.0069288854 |
|    clip_fraction        | 0.0331       |
|    clip_range           | 0.2          |
|    entropy_loss         | -1.02        |
|    explained_variance   | 0.929        |
|    learning_rate        | 0.0003       |
|    loss                 | 3.75         |
|    n_updates            | 1710         |
|    policy_gradient_loss | -0.00257     |
|    std                  | 0.666        |
|    value_loss           | 114          |
------------------------------------------
------------------------------------------
| rollout/                |              |
|    ep_len_mean          | 845          |
|    ep_rew_mean          | -1.05e+03    |
| time/                   |              |
|    fps                  | 3176         |
|    iterations           | 115          |
|    time_elapsed         | 296          |
|    total_timesteps      | 942080       |
| train/                  |              |
|    approx_kl            | 0.0035729213 |
|    clip_fraction        | 0.0103       |
|    clip_range           | 0.2          |
|    entropy_loss         | -1.01        |
|    explained_variance   | 0.938        |
|    learning_rate        | 0.0003       |
|    loss                 | 160          |
|    n_updates            | 1720         |
|    policy_gradient_loss | -0.000798    |
|    std                  | 0.667        |
|    value_loss           | 204          |
------------------------------------------
------------------------------------------
| rollout/                |              |
|    ep_len_mean          | 836          |
|    ep_rew_mean          | -1e+03       |
| time/                   |              |
|    fps                  | 3178         |
|    iterations           | 116          |
|    time_elapsed         | 298          |
|    total_timesteps      | 950272       |
| train/                  |              |
|    approx_kl            | 0.0007871276 |
|    clip_fraction        | 0.00634      |
|    clip_range           | 0.2          |
|    entropy_loss         | -1.02        |
|    explained_variance   | 0.842        |
|    learning_rate        | 0.0003       |
|    loss                 | 558          |
|    n_updates            | 1730         |
|    policy_gradient_loss | -0.00273     |
|    std                  | 0.668        |
|    value_loss           | 3.07e+03     |
------------------------------------------
------------------------------------------
| rollout/                |              |
|    ep_len_mean          | 836          |
|    ep_rew_mean          | -1.01e+03    |
| time/                   |              |
|    fps                  | 3180         |
|    iterations           | 117          |
|    time_elapsed         | 301          |
|    total_timesteps      | 958464       |
| train/                  |              |
|    approx_kl            | 0.0008901168 |
|    clip_fraction        | 0.00551      |
|    clip_range           | 0.2          |
|    entropy_loss         | -1.02        |
|    explained_variance   | 0.858        |
|    learning_rate        | 0.0003       |
|    loss                 | 2.3e+03      |
|    n_updates            | 1740         |
|    policy_gradient_loss | -0.00206     |
|    std                  | 0.669        |
|    value_loss           | 2.86e+03     |
------------------------------------------
Eval num_timesteps=960000, episode_reward=-810.95 +/- 769.60
Episode length: 1001.00 +/- 0.00
------------------------------------------
| eval/                   |              |
|    mean_ep_length       | 1e+03        |
|    mean_reward          | -811         |
| time/                   |              |
|    total_timesteps      | 960000       |
| train/                  |              |
|    approx_kl            | 0.0035559477 |
|    clip_fraction        | 0.0136       |
|    clip_range           | 0.2          |
|    entropy_loss         | -1.02        |
|    explained_variance   | 0.885        |
|    learning_rate        | 0.0003       |
|    loss                 | 545          |
|    n_updates            | 1750         |
|    policy_gradient_loss | -0.001       |
|    std                  | 0.67         |
|    value_loss           | 638          |
------------------------------------------
----------------------------------
| rollout/           |           |
|    ep_len_mean     | 836       |
|    ep_rew_mean     | -1.01e+03 |
| time/              |           |
|    fps             | 3127      |
|    iterations      | 118       |
|    time_elapsed    | 309       |
|    total_timesteps | 966656    |
----------------------------------
-----------------------------------------
| rollout/                |             |
|    ep_len_mean          | 854         |
|    ep_rew_mean          | -977        |
| time/                   |             |
|    fps                  | 3129        |
|    iterations           | 119         |
|    time_elapsed         | 311         |
|    total_timesteps      | 974848      |
| train/                  |             |
|    approx_kl            | 0.002690572 |
|    clip_fraction        | 0.025       |
|    clip_range           | 0.2         |
|    entropy_loss         | -1.02       |
|    explained_variance   | 0.904       |
|    learning_rate        | 0.0003      |
|    loss                 | 5.3         |
|    n_updates            | 1760        |
|    policy_gradient_loss | -0.000791   |
|    std                  | 0.677       |
|    value_loss           | 450         |
-----------------------------------------
------------------------------------------
| rollout/                |              |
|    ep_len_mean          | 863          |
|    ep_rew_mean          | -911         |
| time/                   |              |
|    fps                  | 3132         |
|    iterations           | 120          |
|    time_elapsed         | 313          |
|    total_timesteps      | 983040       |
| train/                  |              |
|    approx_kl            | 0.0004258579 |
|    clip_fraction        | 0.000989     |
|    clip_range           | 0.2          |
|    entropy_loss         | -1.03        |
|    explained_variance   | 0.912        |
|    learning_rate        | 0.0003       |
|    loss                 | 823          |
|    n_updates            | 1770         |
|    policy_gradient_loss | -0.000323    |
|    std                  | 0.678        |
|    value_loss           | 1.49e+03     |
------------------------------------------
------------------------------------------
| rollout/                |              |
|    ep_len_mean          | 854          |
|    ep_rew_mean          | -952         |
| time/                   |              |
|    fps                  | 3134         |
|    iterations           | 121          |
|    time_elapsed         | 316          |
|    total_timesteps      | 991232       |
| train/                  |              |
|    approx_kl            | 0.0005534785 |
|    clip_fraction        | 0.00437      |
|    clip_range           | 0.2          |
|    entropy_loss         | -1.03        |
|    explained_variance   | 0.859        |
|    learning_rate        | 0.0003       |
|    loss                 | 1.33e+03     |
|    n_updates            | 1780         |
|    policy_gradient_loss | -0.00165     |
|    std                  | 0.68         |
|    value_loss           | 3.19e+03     |
------------------------------------------
-------------------------------------------
| rollout/                |               |
|    ep_len_mean          | 863           |
|    ep_rew_mean          | -952          |
| time/                   |               |
|    fps                  | 3137          |
|    iterations           | 122           |
|    time_elapsed         | 318           |
|    total_timesteps      | 999424        |
| train/                  |               |
|    approx_kl            | 0.00017491479 |
|    clip_fraction        | 9.77e-05      |
|    clip_range           | 0.2           |
|    entropy_loss         | -1.03         |
|    explained_variance   | 0.837         |
|    learning_rate        | 0.0003        |
|    loss                 | 244           |
|    n_updates            | 1790          |
|    policy_gradient_loss | 1.02e-05      |
|    std                  | 0.681         |
|    value_loss           | 1.22e+03      |
-------------------------------------------
------------------------------------------
| rollout/                |              |
|    ep_len_mean          | 891          |
|    ep_rew_mean          | -927         |
| time/                   |              |
|    fps                  | 3141         |
|    iterations           | 123          |
|    time_elapsed         | 320          |
|    total_timesteps      | 1007616      |
| train/                  |              |
|    approx_kl            | 0.0026297704 |
|    clip_fraction        | 0.00474      |
|    clip_range           | 0.2          |
|    entropy_loss         | -1.03        |
|    explained_variance   | 0.958        |
|    learning_rate        | 0.0003       |
|    loss                 | 8.68         |
|    n_updates            | 1800         |
|    policy_gradient_loss | -0.000892    |
|    std                  | 0.68         |
|    value_loss           | 39.2         |
------------------------------------------
-------------------------------------------
| rollout/                |               |
|    ep_len_mean          | 891           |
|    ep_rew_mean          | -884          |
| time/                   |               |
|    fps                  | 3144          |
|    iterations           | 124           |
|    time_elapsed         | 323           |
|    total_timesteps      | 1015808       |
| train/                  |               |
|    approx_kl            | 0.00025884993 |
|    clip_fraction        | 6.1e-05       |
|    clip_range           | 0.2           |
|    entropy_loss         | -1.03         |
|    explained_variance   | 0.909         |
|    learning_rate        | 0.0003        |
|    loss                 | 929           |
|    n_updates            | 1810          |
|    policy_gradient_loss | 0.000188      |
|    std                  | 0.679         |
|    value_loss           | 1.39e+03      |
-------------------------------------------
------------------------------------------
| rollout/                |              |
|    ep_len_mean          | 891          |
|    ep_rew_mean          | -863         |
| time/                   |              |
|    fps                  | 3147         |
|    iterations           | 125          |
|    time_elapsed         | 325          |
|    total_timesteps      | 1024000      |
| train/                  |              |
|    approx_kl            | 0.0013006304 |
|    clip_fraction        | 0.00201      |
|    clip_range           | 0.2          |
|    entropy_loss         | -1.03        |
|    explained_variance   | 0.882        |
|    learning_rate        | 0.0003       |
|    loss                 | 1.18e+03     |
|    n_updates            | 1820         |
|    policy_gradient_loss | -0.000576    |
|    std                  | 0.68         |
|    value_loss           | 2.99e+03     |
------------------------------------------
------------------------------------------
| rollout/                |              |
|    ep_len_mean          | 891          |
|    ep_rew_mean          | -838         |
| time/                   |              |
|    fps                  | 3150         |
|    iterations           | 126          |
|    time_elapsed         | 327          |
|    total_timesteps      | 1032192      |
| train/                  |              |
|    approx_kl            | 0.0025594248 |
|    clip_fraction        | 0.152        |
|    clip_range           | 0.2          |
|    entropy_loss         | -1.05        |
|    explained_variance   | 0.886        |
|    learning_rate        | 0.0003       |
|    loss                 | 1.34         |
|    n_updates            | 1830         |
|    policy_gradient_loss | 0.00136      |
|    std                  | 0.693        |
|    value_loss           | 439          |
------------------------------------------
------------------------------------------
| rollout/                |              |
|    ep_len_mean          | 918          |
|    ep_rew_mean          | -893         |
| time/                   |              |
|    fps                  | 3153         |
|    iterations           | 127          |
|    time_elapsed         | 329          |
|    total_timesteps      | 1040384      |
| train/                  |              |
|    approx_kl            | 0.0064413026 |
|    clip_fraction        | 0.0223       |
|    clip_range           | 0.2          |
|    entropy_loss         | -1.05        |
|    explained_variance   | 0.975        |
|    learning_rate        | 0.0003       |
|    loss                 | 2.47         |
|    n_updates            | 1840         |
|    policy_gradient_loss | -0.000386    |
|    std                  | 0.693        |
|    value_loss           | 7.54         |
------------------------------------------
------------------------------------------
| rollout/                |              |
|    ep_len_mean          | 891          |
|    ep_rew_mean          | -983         |
| time/                   |              |
|    fps                  | 3155         |
|    iterations           | 128          |
|    time_elapsed         | 332          |
|    total_timesteps      | 1048576      |
| train/                  |              |
|    approx_kl            | 0.0007308855 |
|    clip_fraction        | 0.00181      |
|    clip_range           | 0.2          |
|    entropy_loss         | -1.05        |
|    explained_variance   | 0.867        |
|    learning_rate        | 0.0003       |
|    loss                 | 2.02e+03     |
|    n_updates            | 1850         |
|    policy_gradient_loss | 3.65e-05     |
|    std                  | 0.693        |
|    value_loss           | 4.43e+03     |
------------------------------------------
------------------------------------------
| rollout/                |              |
|    ep_len_mean          | 891          |
|    ep_rew_mean          | -964         |
| time/                   |              |
|    fps                  | 3158         |
|    iterations           | 129          |
|    time_elapsed         | 334          |
|    total_timesteps      | 1056768      |
| train/                  |              |
|    approx_kl            | 6.967411e-05 |
|    clip_fraction        | 0            |
|    clip_range           | 0.2          |
|    entropy_loss         | -1.05        |
|    explained_variance   | 0.862        |
|    learning_rate        | 0.0003       |
|    loss                 | 1.82e+03     |
|    n_updates            | 1860         |
|    policy_gradient_loss | -3.95e-05    |
|    std                  | 0.694        |
|    value_loss           | 2.56e+03     |
------------------------------------------
------------------------------------------
| rollout/                |              |
|    ep_len_mean          | 883          |
|    ep_rew_mean          | -975         |
| time/                   |              |
|    fps                  | 3160         |
|    iterations           | 130          |
|    time_elapsed         | 336          |
|    total_timesteps      | 1064960      |
| train/                  |              |
|    approx_kl            | 0.0030793091 |
|    clip_fraction        | 0.0343       |
|    clip_range           | 0.2          |
|    entropy_loss         | -1.06        |
|    explained_variance   | 0.842        |
|    learning_rate        | 0.0003       |
|    loss                 | 144          |
|    n_updates            | 1870         |
|    policy_gradient_loss | -0.000759    |
|    std                  | 0.7          |
|    value_loss           | 1.13e+03     |
------------------------------------------
-------------------------------------------
| rollout/                |               |
|    ep_len_mean          | 892           |
|    ep_rew_mean          | -983          |
| time/                   |               |
|    fps                  | 3163          |
|    iterations           | 131           |
|    time_elapsed         | 339           |
|    total_timesteps      | 1073152       |
| train/                  |               |
|    approx_kl            | 0.00028638134 |
|    clip_fraction        | 0.000317      |
|    clip_range           | 0.2           |
|    entropy_loss         | -1.06         |
|    explained_variance   | 0.877         |
|    learning_rate        | 0.0003        |
|    loss                 | 167           |
|    n_updates            | 1880          |
|    policy_gradient_loss | -0.000286     |
|    std                  | 0.7           |
|    value_loss           | 375           |
-------------------------------------------
------------------------------------------
| rollout/                |              |
|    ep_len_mean          | 883          |
|    ep_rew_mean          | -964         |
| time/                   |              |
|    fps                  | 3165         |
|    iterations           | 132          |
|    time_elapsed         | 341          |
|    total_timesteps      | 1081344      |
| train/                  |              |
|    approx_kl            | 0.0012690382 |
|    clip_fraction        | 0.000354     |
|    clip_range           | 0.2          |
|    entropy_loss         | -1.06        |
|    explained_variance   | 0.893        |
|    learning_rate        | 0.0003       |
|    loss                 | 2.32e+03     |
|    n_updates            | 1890         |
|    policy_gradient_loss | -0.00027     |
|    std                  | 0.701        |
|    value_loss           | 1.9e+03      |
------------------------------------------
------------------------------------------
| rollout/                |              |
|    ep_len_mean          | 883          |
|    ep_rew_mean          | -944         |
| time/                   |              |
|    fps                  | 3167         |
|    iterations           | 133          |
|    time_elapsed         | 343          |
|    total_timesteps      | 1089536      |
| train/                  |              |
|    approx_kl            | 0.0012277036 |
|    clip_fraction        | 0.00182      |
|    clip_range           | 0.2          |
|    entropy_loss         | -1.06        |
|    explained_variance   | 0.874        |
|    learning_rate        | 0.0003       |
|    loss                 | 1.55e+03     |
|    n_updates            | 1900         |
|    policy_gradient_loss | -0.00062     |
|    std                  | 0.702        |
|    value_loss           | 4.67e+03     |
------------------------------------------
-----------------------------------------
| rollout/                |             |
|    ep_len_mean          | 883         |
|    ep_rew_mean          | -970        |
| time/                   |             |
|    fps                  | 3170        |
|    iterations           | 134         |
|    time_elapsed         | 346         |
|    total_timesteps      | 1097728     |
| train/                  |             |
|    approx_kl            | 0.006461378 |
|    clip_fraction        | 0.0402      |
|    clip_range           | 0.2         |
|    entropy_loss         | -1.07       |
|    explained_variance   | 0.962       |
|    learning_rate        | 0.0003      |
|    loss                 | 2.38        |
|    n_updates            | 1910        |
|    policy_gradient_loss | -0.00046    |
|    std                  | 0.703       |
|    value_loss           | 10.1        |
-----------------------------------------
-------------------------------------------
| rollout/                |               |
|    ep_len_mean          | 874           |
|    ep_rew_mean          | -1e+03        |
| time/                   |               |
|    fps                  | 3172          |
|    iterations           | 135           |
|    time_elapsed         | 348           |
|    total_timesteps      | 1105920       |
| train/                  |               |
|    approx_kl            | 0.00058412435 |
|    clip_fraction        | 0.0016        |
|    clip_range           | 0.2           |
|    entropy_loss         | -1.07         |
|    explained_variance   | 0.955         |
|    learning_rate        | 0.0003        |
|    loss                 | 28.2          |
|    n_updates            | 1920          |
|    policy_gradient_loss | 0.000374      |
|    std                  | 0.702         |
|    value_loss           | 483           |
-------------------------------------------
------------------------------------------
| rollout/                |              |
|    ep_len_mean          | 855          |
|    ep_rew_mean          | -1.07e+03    |
| time/                   |              |
|    fps                  | 3175         |
|    iterations           | 136          |
|    time_elapsed         | 350          |
|    total_timesteps      | 1114112      |
| train/                  |              |
|    approx_kl            | 0.0016054511 |
|    clip_fraction        | 0.00518      |
|    clip_range           | 0.2          |
|    entropy_loss         | -1.07        |
|    explained_variance   | 0.879        |
|    learning_rate        | 0.0003       |
|    loss                 | 829          |
|    n_updates            | 1930         |
|    policy_gradient_loss | -0.00165     |
|    std                  | 0.704        |
|    value_loss           | 3.14e+03     |
------------------------------------------
Eval num_timesteps=1120000, episode_reward=-879.85 +/- 957.28
Episode length: 1001.00 +/- 0.00
------------------------------------------
| eval/                   |              |
|    mean_ep_length       | 1e+03        |
|    mean_reward          | -880         |
| time/                   |              |
|    total_timesteps      | 1120000      |
| train/                  |              |
|    approx_kl            | 0.0025986475 |
|    clip_fraction        | 0.00588      |
|    clip_range           | 0.2          |
|    entropy_loss         | -1.07        |
|    explained_variance   | 0.894        |
|    learning_rate        | 0.0003       |
|    loss                 | 479          |
|    n_updates            | 1940         |
|    policy_gradient_loss | -0.00113     |
|    std                  | 0.704        |
|    value_loss           | 2.13e+03     |
------------------------------------------
----------------------------------
| rollout/           |           |
|    ep_len_mean     | 855       |
|    ep_rew_mean     | -1.08e+03 |
| time/              |           |
|    fps             | 3129      |
|    iterations      | 137       |
|    time_elapsed    | 358       |
|    total_timesteps | 1122304   |
----------------------------------
------------------------------------------
| rollout/                |              |
|    ep_len_mean          | 855          |
|    ep_rew_mean          | -1.11e+03    |
| time/                   |              |
|    fps                  | 3131         |
|    iterations           | 138          |
|    time_elapsed         | 360          |
|    total_timesteps      | 1130496      |
| train/                  |              |
|    approx_kl            | 0.0027197313 |
|    clip_fraction        | 0.00682      |
|    clip_range           | 0.2          |
|    entropy_loss         | -1.07        |
|    explained_variance   | 0.979        |
|    learning_rate        | 0.0003       |
|    loss                 | 3.13         |
|    n_updates            | 1950         |
|    policy_gradient_loss | -0.00115     |
|    std                  | 0.707        |
|    value_loss           | 75.3         |
------------------------------------------
-----------------------------------------
| rollout/                |             |
|    ep_len_mean          | 892         |
|    ep_rew_mean          | -988        |
| time/                   |             |
|    fps                  | 3134        |
|    iterations           | 139         |
|    time_elapsed         | 363         |
|    total_timesteps      | 1138688     |
| train/                  |             |
|    approx_kl            | 0.000490322 |
|    clip_fraction        | 0.00277     |
|    clip_range           | 0.2         |
|    entropy_loss         | -1.08       |
|    explained_variance   | 0.877       |
|    learning_rate        | 0.0003      |
|    loss                 | 390         |
|    n_updates            | 1960        |
|    policy_gradient_loss | -0.000743   |
|    std                  | 0.713       |
|    value_loss           | 1.75e+03    |
-----------------------------------------
------------------------------------------
| rollout/                |              |
|    ep_len_mean          | 892          |
|    ep_rew_mean          | -1.03e+03    |
| time/                   |              |
|    fps                  | 3136         |
|    iterations           | 140          |
|    time_elapsed         | 365          |
|    total_timesteps      | 1146880      |
| train/                  |              |
|    approx_kl            | 0.0007603451 |
|    clip_fraction        | 0.00347      |
|    clip_range           | 0.2          |
|    entropy_loss         | -1.08        |
|    explained_variance   | 0.911        |
|    learning_rate        | 0.0003       |
|    loss                 | 1.17e+03     |
|    n_updates            | 1970         |
|    policy_gradient_loss | -0.00111     |
|    std                  | 0.716        |
|    value_loss           | 2.39e+03     |
------------------------------------------
------------------------------------------
| rollout/                |              |
|    ep_len_mean          | 892          |
|    ep_rew_mean          | -1.05e+03    |
| time/                   |              |
|    fps                  | 3138         |
|    iterations           | 141          |
|    time_elapsed         | 367          |
|    total_timesteps      | 1155072      |
| train/                  |              |
|    approx_kl            | 0.0016849306 |
|    clip_fraction        | 0.00242      |
|    clip_range           | 0.2          |
|    entropy_loss         | -1.09        |
|    explained_variance   | 0.855        |
|    learning_rate        | 0.0003       |
|    loss                 | 519          |
|    n_updates            | 1980         |
|    policy_gradient_loss | -0.000587    |
|    std                  | 0.719        |
|    value_loss           | 2.44e+03     |
------------------------------------------
------------------------------------------
| rollout/                |              |
|    ep_len_mean          | 892          |
|    ep_rew_mean          | -1.07e+03    |
| time/                   |              |
|    fps                  | 3141         |
|    iterations           | 142          |
|    time_elapsed         | 370          |
|    total_timesteps      | 1163264      |
| train/                  |              |
|    approx_kl            | 0.0032714028 |
|    clip_fraction        | 0.00773      |
|    clip_range           | 0.2          |
|    entropy_loss         | -1.09        |
|    explained_variance   | 0.908        |
|    learning_rate        | 0.0003       |
|    loss                 | 87.3         |
|    n_updates            | 1990         |
|    policy_gradient_loss | -0.000918    |
|    std                  | 0.72         |
|    value_loss           | 645          |
------------------------------------------
-------------------------------------------
| rollout/                |               |
|    ep_len_mean          | 910           |
|    ep_rew_mean          | -1.1e+03      |
| time/                   |               |
|    fps                  | 3144          |
|    iterations           | 143           |
|    time_elapsed         | 372           |
|    total_timesteps      | 1171456       |
| train/                  |               |
|    approx_kl            | 0.00040100078 |
|    clip_fraction        | 0.00201       |
|    clip_range           | 0.2           |
|    entropy_loss         | -1.09         |
|    explained_variance   | 0.855         |
|    learning_rate        | 0.0003        |
|    loss                 | 1.4e+03       |
|    n_updates            | 2000          |
|    policy_gradient_loss | -0.00104      |
|    std                  | 0.722         |
|    value_loss           | 2.45e+03      |
-------------------------------------------
------------------------------------------
| rollout/                |              |
|    ep_len_mean          | 901          |
|    ep_rew_mean          | -1.14e+03    |
| time/                   |              |
|    fps                  | 3146         |
|    iterations           | 144          |
|    time_elapsed         | 374          |
|    total_timesteps      | 1179648      |
| train/                  |              |
|    approx_kl            | 0.0012898913 |
|    clip_fraction        | 0.0025       |
|    clip_range           | 0.2          |
|    entropy_loss         | -1.09        |
|    explained_variance   | 0.841        |
|    learning_rate        | 0.0003       |
|    loss                 | 2.88e+03     |
|    n_updates            | 2010         |
|    policy_gradient_loss | -0.000352    |
|    std                  | 0.722        |
|    value_loss           | 5.34e+03     |
------------------------------------------
-----------------------------------------
| rollout/                |             |
|    ep_len_mean          | 901         |
|    ep_rew_mean          | -1.14e+03   |
| time/                   |             |
|    fps                  | 3148        |
|    iterations           | 145         |
|    time_elapsed         | 377         |
|    total_timesteps      | 1187840     |
| train/                  |             |
|    approx_kl            | 0.000501663 |
|    clip_fraction        | 0.00331     |
|    clip_range           | 0.2         |
|    entropy_loss         | -1.09       |
|    explained_variance   | 0.83        |
|    learning_rate        | 0.0003      |
|    loss                 | 547         |
|    n_updates            | 2020        |
|    policy_gradient_loss | -0.00109    |
|    std                  | 0.724       |
|    value_loss           | 1.68e+03    |
-----------------------------------------
-----------------------------------------
| rollout/                |             |
|    ep_len_mean          | 901         |
|    ep_rew_mean          | -1.12e+03   |
| time/                   |             |
|    fps                  | 3151        |
|    iterations           | 146         |
|    time_elapsed         | 379         |
|    total_timesteps      | 1196032     |
| train/                  |             |
|    approx_kl            | 0.004877261 |
|    clip_fraction        | 0.0172      |
|    clip_range           | 0.2         |
|    entropy_loss         | -1.09       |
|    explained_variance   | 0.959       |
|    learning_rate        | 0.0003      |
|    loss                 | 13.9        |
|    n_updates            | 2030        |
|    policy_gradient_loss | 0.000218    |
|    std                  | 0.713       |
|    value_loss           | 166         |
-----------------------------------------
------------------------------------------
| rollout/                |              |
|    ep_len_mean          | 929          |
|    ep_rew_mean          | -1e+03       |
| time/                   |              |
|    fps                  | 3152         |
|    iterations           | 147          |
|    time_elapsed         | 381          |
|    total_timesteps      | 1204224      |
| train/                  |              |
|    approx_kl            | 0.0013017927 |
|    clip_fraction        | 0.00145      |
|    clip_range           | 0.2          |
|    entropy_loss         | -1.08        |
|    explained_variance   | 0.9          |
|    learning_rate        | 0.0003       |
|    loss                 | 516          |
|    n_updates            | 2040         |
|    policy_gradient_loss | -0.000222    |
|    std                  | 0.712        |
|    value_loss           | 873          |
------------------------------------------
------------------------------------------
| rollout/                |              |
|    ep_len_mean          | 929          |
|    ep_rew_mean          | -1e+03       |
| time/                   |              |
|    fps                  | 3154         |
|    iterations           | 148          |
|    time_elapsed         | 384          |
|    total_timesteps      | 1212416      |
| train/                  |              |
|    approx_kl            | 0.0010561768 |
|    clip_fraction        | 0.00208      |
|    clip_range           | 0.2          |
|    entropy_loss         | -1.08        |
|    explained_variance   | 0.895        |
|    learning_rate        | 0.0003       |
|    loss                 | 250          |
|    n_updates            | 2050         |
|    policy_gradient_loss | -0.000743    |
|    std                  | 0.718        |
|    value_loss           | 1.81e+03     |
------------------------------------------
------------------------------------------
| rollout/                |              |
|    ep_len_mean          | 929          |
|    ep_rew_mean          | -983         |
| time/                   |              |
|    fps                  | 3156         |
|    iterations           | 149          |
|    time_elapsed         | 386          |
|    total_timesteps      | 1220608      |
| train/                  |              |
|    approx_kl            | 0.0010995289 |
|    clip_fraction        | 0.00848      |
|    clip_range           | 0.2          |
|    entropy_loss         | -1.09        |
|    explained_variance   | 0.984        |
|    learning_rate        | 0.0003       |
|    loss                 | 3.44         |
|    n_updates            | 2060         |
|    policy_gradient_loss | -4.94e-05    |
|    std                  | 0.722        |
|    value_loss           | 8.1          |
------------------------------------------
-------------------------------------------
| rollout/                |               |
|    ep_len_mean          | 929           |
|    ep_rew_mean          | -999          |
| time/                   |               |
|    fps                  | 3159          |
|    iterations           | 150           |
|    time_elapsed         | 388           |
|    total_timesteps      | 1228800       |
| train/                  |               |
|    approx_kl            | 0.00027985757 |
|    clip_fraction        | 0.00192       |
|    clip_range           | 0.2           |
|    entropy_loss         | -1.1          |
|    explained_variance   | 0.95          |
|    learning_rate        | 0.0003        |
|    loss                 | 50.1          |
|    n_updates            | 2070          |
|    policy_gradient_loss | -0.000126     |
|    std                  | 0.727         |
|    value_loss           | 453           |
-------------------------------------------
-----------------------------------------
| rollout/                |             |
|    ep_len_mean          | 919         |
|    ep_rew_mean          | -957        |
| time/                   |             |
|    fps                  | 3161        |
|    iterations           | 151         |
|    time_elapsed         | 391         |
|    total_timesteps      | 1236992     |
| train/                  |             |
|    approx_kl            | 0.002116404 |
|    clip_fraction        | 0.0145      |
|    clip_range           | 0.2         |
|    entropy_loss         | -1.1        |
|    explained_variance   | 0.924       |
|    learning_rate        | 0.0003      |
|    loss                 | 261         |
|    n_updates            | 2080        |
|    policy_gradient_loss | 2.39e-05    |
|    std                  | 0.73        |
|    value_loss           | 1e+03       |
-----------------------------------------
------------------------------------------
| rollout/                |              |
|    ep_len_mean          | 919          |
|    ep_rew_mean          | -923         |
| time/                   |              |
|    fps                  | 3163         |
|    iterations           | 152          |
|    time_elapsed         | 393          |
|    total_timesteps      | 1245184      |
| train/                  |              |
|    approx_kl            | 0.0010866486 |
|    clip_fraction        | 0.00436      |
|    clip_range           | 0.2          |
|    entropy_loss         | -1.1         |
|    explained_variance   | 0.896        |
|    learning_rate        | 0.0003       |
|    loss                 | 1.46e+03     |
|    n_updates            | 2090         |
|    policy_gradient_loss | -0.00189     |
|    std                  | 0.73         |
|    value_loss           | 2.81e+03     |
------------------------------------------
------------------------------------------
| rollout/                |              |
|    ep_len_mean          | 928          |
|    ep_rew_mean          | -893         |
| time/                   |              |
|    fps                  | 3165         |
|    iterations           | 153          |
|    time_elapsed         | 395          |
|    total_timesteps      | 1253376      |
| train/                  |              |
|    approx_kl            | 0.0028670332 |
|    clip_fraction        | 0.012        |
|    clip_range           | 0.2          |
|    entropy_loss         | -1.11        |
|    explained_variance   | 0.952        |
|    learning_rate        | 0.0003       |
|    loss                 | 108          |
|    n_updates            | 2100         |
|    policy_gradient_loss | -7.84e-05    |
|    std                  | 0.736        |
|    value_loss           | 211          |
------------------------------------------
-------------------------------------------
| rollout/                |               |
|    ep_len_mean          | 928           |
|    ep_rew_mean          | -878          |
| time/                   |               |
|    fps                  | 3167          |
|    iterations           | 154           |
|    time_elapsed         | 398           |
|    total_timesteps      | 1261568       |
| train/                  |               |
|    approx_kl            | 0.00060078787 |
|    clip_fraction        | 0.0049        |
|    clip_range           | 0.2           |
|    entropy_loss         | -1.12         |
|    explained_variance   | 0.917         |
|    learning_rate        | 0.0003        |
|    loss                 | 676           |
|    n_updates            | 2110          |
|    policy_gradient_loss | -0.00027      |
|    std                  | 0.745         |
|    value_loss           | 647           |
-------------------------------------------
------------------------------------------
| rollout/                |              |
|    ep_len_mean          | 928          |
|    ep_rew_mean          | -823         |
| time/                   |              |
|    fps                  | 3170         |
|    iterations           | 155          |
|    time_elapsed         | 400          |
|    total_timesteps      | 1269760      |
| train/                  |              |
|    approx_kl            | 0.0010128418 |
|    clip_fraction        | 0.00577      |
|    clip_range           | 0.2          |
|    entropy_loss         | -1.13        |
|    explained_variance   | 0.816        |
|    learning_rate        | 0.0003       |
|    loss                 | 29.4         |
|    n_updates            | 2120         |
|    policy_gradient_loss | 0.000183     |
|    std                  | 0.744        |
|    value_loss           | 163          |
------------------------------------------
------------------------------------------
| rollout/                |              |
|    ep_len_mean          | 928          |
|    ep_rew_mean          | -808         |
| time/                   |              |
|    fps                  | 3172         |
|    iterations           | 156          |
|    time_elapsed         | 402          |
|    total_timesteps      | 1277952      |
| train/                  |              |
|    approx_kl            | 0.0010396524 |
|    clip_fraction        | 0.00569      |
|    clip_range           | 0.2          |
|    entropy_loss         | -1.13        |
|    explained_variance   | 0.925        |
|    learning_rate        | 0.0003       |
|    loss                 | 1.54e+03     |
|    n_updates            | 2130         |
|    policy_gradient_loss | -0.00123     |
|    std                  | 0.747        |
|    value_loss           | 2.45e+03     |
------------------------------------------
Eval num_timesteps=1280000, episode_reward=-716.51 +/- 390.28
Episode length: 1001.00 +/- 0.00
------------------------------------------
| eval/                   |              |
|    mean_ep_length       | 1e+03        |
|    mean_reward          | -717         |
| time/                   |              |
|    total_timesteps      | 1280000      |
| train/                  |              |
|    approx_kl            | 0.0012346687 |
|    clip_fraction        | 0.0109       |
|    clip_range           | 0.2          |
|    entropy_loss         | -1.12        |
|    explained_variance   | 0.969        |
|    learning_rate        | 0.0003       |
|    loss                 | 151          |
|    n_updates            | 2140         |
|    policy_gradient_loss | 0.000129     |
|    std                  | 0.735        |
|    value_loss           | 288          |
------------------------------------------
---------------------------------
| rollout/           |          |
|    ep_len_mean     | 928      |
|    ep_rew_mean     | -834     |
| time/              |          |
|    fps             | 3131     |
|    iterations      | 157      |
|    time_elapsed    | 410      |
|    total_timesteps | 1286144  |
---------------------------------
------------------------------------------
| rollout/                |              |
|    ep_len_mean          | 937          |
|    ep_rew_mean          | -811         |
| time/                   |              |
|    fps                  | 3133         |
|    iterations           | 158          |
|    time_elapsed         | 413          |
|    total_timesteps      | 1294336      |
| train/                  |              |
|    approx_kl            | 0.0011920551 |
|    clip_fraction        | 0.014        |
|    clip_range           | 0.2          |
|    entropy_loss         | -1.11        |
|    explained_variance   | 0.912        |
|    learning_rate        | 0.0003       |
|    loss                 | 333          |
|    n_updates            | 2150         |
|    policy_gradient_loss | -4.74e-06    |
|    std                  | 0.737        |
|    value_loss           | 777          |
------------------------------------------
------------------------------------------
| rollout/                |              |
|    ep_len_mean          | 928          |
|    ep_rew_mean          | -898         |
| time/                   |              |
|    fps                  | 3135         |
|    iterations           | 159          |
|    time_elapsed         | 415          |
|    total_timesteps      | 1302528      |
| train/                  |              |
|    approx_kl            | 0.0021073162 |
|    clip_fraction        | 0.0156       |
|    clip_range           | 0.2          |
|    entropy_loss         | -1.11        |
|    explained_variance   | 0.983        |
|    learning_rate        | 0.0003       |
|    loss                 | 7.22         |
|    n_updates            | 2160         |
|    policy_gradient_loss | -0.000153    |
|    std                  | 0.731        |
|    value_loss           | 13.7         |
------------------------------------------
------------------------------------------
| rollout/                |              |
|    ep_len_mean          | 928          |
|    ep_rew_mean          | -906         |
| time/                   |              |
|    fps                  | 3137         |
|    iterations           | 160          |
|    time_elapsed         | 417          |
|    total_timesteps      | 1310720      |
| train/                  |              |
|    approx_kl            | 0.0006427646 |
|    clip_fraction        | 0.00654      |
|    clip_range           | 0.2          |
|    entropy_loss         | -1.11        |
|    explained_variance   | 0.917        |
|    learning_rate        | 0.0003       |
|    loss                 | 760          |
|    n_updates            | 2170         |
|    policy_gradient_loss | -0.000711    |
|    std                  | 0.735        |
|    value_loss           | 2.08e+03     |
------------------------------------------
------------------------------------------
| rollout/                |              |
|    ep_len_mean          | 928          |
|    ep_rew_mean          | -913         |
| time/                   |              |
|    fps                  | 3139         |
|    iterations           | 161          |
|    time_elapsed         | 420          |
|    total_timesteps      | 1318912      |
| train/                  |              |
|    approx_kl            | 0.0023367926 |
|    clip_fraction        | 0.041        |
|    clip_range           | 0.2          |
|    entropy_loss         | -1.11        |
|    explained_variance   | 0.99         |
|    learning_rate        | 0.0003       |
|    loss                 | 2.09         |
|    n_updates            | 2180         |
|    policy_gradient_loss | 0.000239     |
|    std                  | 0.727        |
|    value_loss           | 10.3         |
------------------------------------------
------------------------------------------
| rollout/                |              |
|    ep_len_mean          | 946          |
|    ep_rew_mean          | -870         |
| time/                   |              |
|    fps                  | 3142         |
|    iterations           | 162          |
|    time_elapsed         | 422          |
|    total_timesteps      | 1327104      |
| train/                  |              |
|    approx_kl            | 0.0074875876 |
|    clip_fraction        | 0.0445       |
|    clip_range           | 0.2          |
|    entropy_loss         | -1.11        |
|    explained_variance   | 0.994        |
|    learning_rate        | 0.0003       |
|    loss                 | 1.32         |
|    n_updates            | 2190         |
|    policy_gradient_loss | 0.000657     |
|    std                  | 0.734        |
|    value_loss           | 5.55         |
------------------------------------------
------------------------------------------
| rollout/                |              |
|    ep_len_mean          | 964          |
|    ep_rew_mean          | -873         |
| time/                   |              |
|    fps                  | 3144         |
|    iterations           | 163          |
|    time_elapsed         | 424          |
|    total_timesteps      | 1335296      |
| train/                  |              |
|    approx_kl            | 0.0004985372 |
|    clip_fraction        | 0.0119       |
|    clip_range           | 0.2          |
|    entropy_loss         | -1.11        |
|    explained_variance   | 0.873        |
|    learning_rate        | 0.0003       |
|    loss                 | 2.53e+03     |
|    n_updates            | 2200         |
|    policy_gradient_loss | -0.00147     |
|    std                  | 0.74         |
|    value_loss           | 1.66e+03     |
------------------------------------------
-------------------------------------------
| rollout/                |               |
|    ep_len_mean          | 955           |
|    ep_rew_mean          | -885          |
| time/                   |               |
|    fps                  | 3145          |
|    iterations           | 164           |
|    time_elapsed         | 427           |
|    total_timesteps      | 1343488       |
| train/                  |               |
|    approx_kl            | 0.00057935494 |
|    clip_fraction        | 0.00156       |
|    clip_range           | 0.2           |
|    entropy_loss         | -1.12         |
|    explained_variance   | 0.924         |
|    learning_rate        | 0.0003        |
|    loss                 | 1.01e+03      |
|    n_updates            | 2210          |
|    policy_gradient_loss | -0.000547     |
|    std                  | 0.743         |
|    value_loss           | 2.33e+03      |
-------------------------------------------
------------------------------------------
| rollout/                |              |
|    ep_len_mean          | 964          |
|    ep_rew_mean          | -872         |
| time/                   |              |
|    fps                  | 3147         |
|    iterations           | 165          |
|    time_elapsed         | 429          |
|    total_timesteps      | 1351680      |
| train/                  |              |
|    approx_kl            | 0.0028849079 |
|    clip_fraction        | 0.00197      |
|    clip_range           | 0.2          |
|    entropy_loss         | -1.12        |
|    explained_variance   | 0.884        |
|    learning_rate        | 0.0003       |
|    loss                 | 269          |
|    n_updates            | 2220         |
|    policy_gradient_loss | -0.00023     |
|    std                  | 0.742        |
|    value_loss           | 1.32e+03     |
------------------------------------------
------------------------------------------
| rollout/                |              |
|    ep_len_mean          | 964          |
|    ep_rew_mean          | -860         |
| time/                   |              |
|    fps                  | 3149         |
|    iterations           | 166          |
|    time_elapsed         | 431          |
|    total_timesteps      | 1359872      |
| train/                  |              |
|    approx_kl            | 0.0028841603 |
|    clip_fraction        | 0.00603      |
|    clip_range           | 0.2          |
|    entropy_loss         | -1.12        |
|    explained_variance   | 0.929        |
|    learning_rate        | 0.0003       |
|    loss                 | 527          |
|    n_updates            | 2230         |
|    policy_gradient_loss | -0.00216     |
|    std                  | 0.747        |
|    value_loss           | 856          |
------------------------------------------
----------------------------------------
| rollout/                |            |
|    ep_len_mean          | 974        |
|    ep_rew_mean          | -910       |
| time/                   |            |
|    fps                  | 3151       |
|    iterations           | 167        |
|    time_elapsed         | 434        |
|    total_timesteps      | 1368064    |
| train/                  |            |
|    approx_kl            | 0.00392419 |
|    clip_fraction        | 0.00905    |
|    clip_range           | 0.2        |
|    entropy_loss         | -1.13      |
|    explained_variance   | 0.891      |
|    learning_rate        | 0.0003     |
|    loss                 | 749        |
|    n_updates            | 2240       |
|    policy_gradient_loss | -0.000164  |
|    std                  | 0.748      |
|    value_loss           | 1.53e+03   |
----------------------------------------
-----------------------------------------
| rollout/                |             |
|    ep_len_mean          | 965         |
|    ep_rew_mean          | -960        |
| time/                   |             |
|    fps                  | 3153        |
|    iterations           | 168         |
|    time_elapsed         | 436         |
|    total_timesteps      | 1376256     |
| train/                  |             |
|    approx_kl            | 0.001083081 |
|    clip_fraction        | 0.00448     |
|    clip_range           | 0.2         |
|    entropy_loss         | -1.13       |
|    explained_variance   | 0.937       |
|    learning_rate        | 0.0003      |
|    loss                 | 255         |
|    n_updates            | 2250        |
|    policy_gradient_loss | -0.00114    |
|    std                  | 0.752       |
|    value_loss           | 1.55e+03    |
-----------------------------------------
-------------------------------------------
| rollout/                |               |
|    ep_len_mean          | 965           |
|    ep_rew_mean          | -978          |
| time/                   |               |
|    fps                  | 3155          |
|    iterations           | 169           |
|    time_elapsed         | 438           |
|    total_timesteps      | 1384448       |
| train/                  |               |
|    approx_kl            | 0.00064589374 |
|    clip_fraction        | 0.00148       |
|    clip_range           | 0.2           |
|    entropy_loss         | -1.13         |
|    explained_variance   | 0.943         |
|    learning_rate        | 0.0003        |
|    loss                 | 578           |
|    n_updates            | 2260          |
|    policy_gradient_loss | -0.00124      |
|    std                  | 0.753         |
|    value_loss           | 492           |
-------------------------------------------
-----------------------------------------
| rollout/                |             |
|    ep_len_mean          | 965         |
|    ep_rew_mean          | -1.01e+03   |
| time/                   |             |
|    fps                  | 3157        |
|    iterations           | 170         |
|    time_elapsed         | 441         |
|    total_timesteps      | 1392640     |
| train/                  |             |
|    approx_kl            | 0.005952673 |
|    clip_fraction        | 0.0174      |
|    clip_range           | 0.2         |
|    entropy_loss         | -1.14       |
|    explained_variance   | 0.942       |
|    learning_rate        | 0.0003      |
|    loss                 | 140         |
|    n_updates            | 2270        |
|    policy_gradient_loss | -0.00206    |
|    std                  | 0.757       |
|    value_loss           | 282         |
-----------------------------------------
------------------------------------------
| rollout/                |              |
|    ep_len_mean          | 965          |
|    ep_rew_mean          | -971         |
| time/                   |              |
|    fps                  | 3159         |
|    iterations           | 171          |
|    time_elapsed         | 443          |
|    total_timesteps      | 1400832      |
| train/                  |              |
|    approx_kl            | 0.0005584869 |
|    clip_fraction        | 8.54e-05     |
|    clip_range           | 0.2          |
|    entropy_loss         | -1.14        |
|    explained_variance   | 0.968        |
|    learning_rate        | 0.0003       |
|    loss                 | 424          |
|    n_updates            | 2280         |
|    policy_gradient_loss | -0.000125    |
|    std                  | 0.761        |
|    value_loss           | 523          |
------------------------------------------
------------------------------------------
| rollout/                |              |
|    ep_len_mean          | 965          |
|    ep_rew_mean          | -967         |
| time/                   |              |
|    fps                  | 3161         |
|    iterations           | 172          |
|    time_elapsed         | 445          |
|    total_timesteps      | 1409024      |
| train/                  |              |
|    approx_kl            | 0.0009621182 |
|    clip_fraction        | 0.0019       |
|    clip_range           | 0.2          |
|    entropy_loss         | -1.15        |
|    explained_variance   | 0.926        |
|    learning_rate        | 0.0003       |
|    loss                 | 1.13e+03     |
|    n_updates            | 2290         |
|    policy_gradient_loss | -0.000638    |
|    std                  | 0.762        |
|    value_loss           | 2.11e+03     |
------------------------------------------
------------------------------------------
| rollout/                |              |
|    ep_len_mean          | 965          |
|    ep_rew_mean          | -953         |
| time/                   |              |
|    fps                  | 3163         |
|    iterations           | 173          |
|    time_elapsed         | 447          |
|    total_timesteps      | 1417216      |
| train/                  |              |
|    approx_kl            | 0.0042893244 |
|    clip_fraction        | 0.0639       |
|    clip_range           | 0.2          |
|    entropy_loss         | -1.11        |
|    explained_variance   | 0.987        |
|    learning_rate        | 0.0003       |
|    loss                 | 0.262        |
|    n_updates            | 2300         |
|    policy_gradient_loss | -0.000873    |
|    std                  | 0.723        |
|    value_loss           | 0.877        |
------------------------------------------
------------------------------------------
| rollout/                |              |
|    ep_len_mean          | 965          |
|    ep_rew_mean          | -980         |
| time/                   |              |
|    fps                  | 3165         |
|    iterations           | 174          |
|    time_elapsed         | 450          |
|    total_timesteps      | 1425408      |
| train/                  |              |
|    approx_kl            | 0.0028316248 |
|    clip_fraction        | 0.0121       |
|    clip_range           | 0.2          |
|    entropy_loss         | -1.1         |
|    explained_variance   | 0.959        |
|    learning_rate        | 0.0003       |
|    loss                 | 3.14         |
|    n_updates            | 2310         |
|    policy_gradient_loss | -0.000739    |
|    std                  | 0.725        |
|    value_loss           | 266          |
------------------------------------------
------------------------------------------
| rollout/                |              |
|    ep_len_mean          | 965          |
|    ep_rew_mean          | -1.02e+03    |
| time/                   |              |
|    fps                  | 3166         |
|    iterations           | 175          |
|    time_elapsed         | 452          |
|    total_timesteps      | 1433600      |
| train/                  |              |
|    approx_kl            | 0.0003120463 |
|    clip_fraction        | 0.00145      |
|    clip_range           | 0.2          |
|    entropy_loss         | -1.1         |
|    explained_variance   | 0.933        |
|    learning_rate        | 0.0003       |
|    loss                 | 115          |
|    n_updates            | 2320         |
|    policy_gradient_loss | -0.000482    |
|    std                  | 0.726        |
|    value_loss           | 1.13e+03     |
------------------------------------------
Eval num_timesteps=1440000, episode_reward=-484.78 +/- 652.12
Episode length: 1001.00 +/- 0.00
-------------------------------------------
| eval/                   |               |
|    mean_ep_length       | 1e+03         |
|    mean_reward          | -485          |
| time/                   |               |
|    total_timesteps      | 1440000       |
| train/                  |               |
|    approx_kl            | 0.00035770662 |
|    clip_fraction        | 0.000903      |
|    clip_range           | 0.2           |
|    entropy_loss         | -1.1          |
|    explained_variance   | 0.976         |
|    learning_rate        | 0.0003        |
|    loss                 | 191           |
|    n_updates            | 2330          |
|    policy_gradient_loss | -0.000292     |
|    std                  | 0.726         |
|    value_loss           | 426           |
-------------------------------------------
---------------------------------
| rollout/           |          |
|    ep_len_mean     | 974      |
|    ep_rew_mean     | -975     |
| time/              |          |
|    fps             | 3131     |
|    iterations      | 176      |
|    time_elapsed    | 460      |
|    total_timesteps | 1441792  |
---------------------------------
------------------------------------------
| rollout/                |              |
|    ep_len_mean          | 974          |
|    ep_rew_mean          | -1e+03       |
| time/                   |              |
|    fps                  | 3133         |
|    iterations           | 177          |
|    time_elapsed         | 462          |
|    total_timesteps      | 1449984      |
| train/                  |              |
|    approx_kl            | 0.0017996079 |
|    clip_fraction        | 0.053        |
|    clip_range           | 0.2          |
|    entropy_loss         | -1.1         |
|    explained_variance   | 0.939        |
|    learning_rate        | 0.0003       |
|    loss                 | 0.88         |
|    n_updates            | 2340         |
|    policy_gradient_loss | 0.000608     |
|    std                  | 0.725        |
|    value_loss           | 7.51         |
------------------------------------------
------------------------------------------
| rollout/                |              |
|    ep_len_mean          | 974          |
|    ep_rew_mean          | -997         |
| time/                   |              |
|    fps                  | 3135         |
|    iterations           | 178          |
|    time_elapsed         | 465          |
|    total_timesteps      | 1458176      |
| train/                  |              |
|    approx_kl            | 0.0036826418 |
|    clip_fraction        | 0.00865      |
|    clip_range           | 0.2          |
|    entropy_loss         | -1.1         |
|    explained_variance   | 0.981        |
|    learning_rate        | 0.0003       |
|    loss                 | 22.1         |
|    n_updates            | 2350         |
|    policy_gradient_loss | -0.000429    |
|    std                  | 0.724        |
|    value_loss           | 27.1         |
------------------------------------------
------------------------------------------
| rollout/                |              |
|    ep_len_mean          | 974          |
|    ep_rew_mean          | -998         |
| time/                   |              |
|    fps                  | 3137         |
|    iterations           | 179          |
|    time_elapsed         | 467          |
|    total_timesteps      | 1466368      |
| train/                  |              |
|    approx_kl            | 0.0004179047 |
|    clip_fraction        | 8.54e-05     |
|    clip_range           | 0.2          |
|    entropy_loss         | -1.1         |
|    explained_variance   | 0.953        |
|    learning_rate        | 0.0003       |
|    loss                 | 97.8         |
|    n_updates            | 2360         |
|    policy_gradient_loss | -4.39e-05    |
|    std                  | 0.724        |
|    value_loss           | 562          |
------------------------------------------
------------------------------------------
| rollout/                |              |
|    ep_len_mean          | 983          |
|    ep_rew_mean          | -940         |
| time/                   |              |
|    fps                  | 3139         |
|    iterations           | 180          |
|    time_elapsed         | 469          |
|    total_timesteps      | 1474560      |
| train/                  |              |
|    approx_kl            | 0.0006569433 |
|    clip_fraction        | 0.00546      |
|    clip_range           | 0.2          |
|    entropy_loss         | -1.1         |
|    explained_variance   | 0.898        |
|    learning_rate        | 0.0003       |
|    loss                 | 872          |
|    n_updates            | 2370         |
|    policy_gradient_loss | -0.00125     |
|    std                  | 0.725        |
|    value_loss           | 2.14e+03     |
------------------------------------------
-----------------------------------------
| rollout/                |             |
|    ep_len_mean          | 983         |
|    ep_rew_mean          | -899        |
| time/                   |             |
|    fps                  | 3141        |
|    iterations           | 181         |
|    time_elapsed         | 472         |
|    total_timesteps      | 1482752     |
| train/                  |             |
|    approx_kl            | 0.003385553 |
|    clip_fraction        | 0.0428      |
|    clip_range           | 0.2         |
|    entropy_loss         | -1.1        |
|    explained_variance   | 0.984       |
|    learning_rate        | 0.0003      |
|    loss                 | 0.267       |
|    n_updates            | 2380        |
|    policy_gradient_loss | -0.000579   |
|    std                  | 0.724       |
|    value_loss           | 11.4        |
-----------------------------------------
------------------------------------------
| rollout/                |              |
|    ep_len_mean          | 992          |
|    ep_rew_mean          | -843         |
| time/                   |              |
|    fps                  | 3141         |
|    iterations           | 182          |
|    time_elapsed         | 474          |
|    total_timesteps      | 1490944      |
| train/                  |              |
|    approx_kl            | 0.0028074563 |
|    clip_fraction        | 0.0391       |
|    clip_range           | 0.2          |
|    entropy_loss         | -1.1         |
|    explained_variance   | 0.897        |
|    learning_rate        | 0.0003       |
|    loss                 | 1.55e+03     |
|    n_updates            | 2390         |
|    policy_gradient_loss | 0.000577     |
|    std                  | 0.724        |
|    value_loss           | 1e+03        |
------------------------------------------
-------------------------------------------
| rollout/                |               |
|    ep_len_mean          | 983           |
|    ep_rew_mean          | -893          |
| time/                   |               |
|    fps                  | 3142          |
|    iterations           | 183           |
|    time_elapsed         | 477           |
|    total_timesteps      | 1499136       |
| train/                  |               |
|    approx_kl            | 0.00065166777 |
|    clip_fraction        | 0.00148       |
|    clip_range           | 0.2           |
|    entropy_loss         | -1.1          |
|    explained_variance   | 0.936         |
|    learning_rate        | 0.0003        |
|    loss                 | 359           |
|    n_updates            | 2400          |
|    policy_gradient_loss | -0.000714     |
|    std                  | 0.725         |
|    value_loss           | 644           |
-------------------------------------------
--------------------------------------------
| rollout/                |                |
|    ep_len_mean          | 983            |
|    ep_rew_mean          | -863           |
| time/                   |                |
|    fps                  | 3144           |
|    iterations           | 184            |
|    time_elapsed         | 479            |
|    total_timesteps      | 1507328        |
| train/                  |                |
|    approx_kl            | 0.000113540984 |
|    clip_fraction        | 0              |
|    clip_range           | 0.2            |
|    entropy_loss         | -1.1           |
|    explained_variance   | 0.944          |
|    learning_rate        | 0.0003         |
|    loss                 | 425            |
|    n_updates            | 2410           |
|    policy_gradient_loss | -3.98e-05      |
|    std                  | 0.725          |
|    value_loss           | 725            |
--------------------------------------------
------------------------------------------
| rollout/                |              |
|    ep_len_mean          | 983          |
|    ep_rew_mean          | -863         |
| time/                   |              |
|    fps                  | 3145         |
|    iterations           | 185          |
|    time_elapsed         | 481          |
|    total_timesteps      | 1515520      |
| train/                  |              |
|    approx_kl            | 0.0007007898 |
|    clip_fraction        | 0.000232     |
|    clip_range           | 0.2          |
|    entropy_loss         | -1.1         |
|    explained_variance   | 0.91         |
|    learning_rate        | 0.0003       |
|    loss                 | 1.07e+03     |
|    n_updates            | 2420         |
|    policy_gradient_loss | -0.000253    |
|    std                  | 0.726        |
|    value_loss           | 1.26e+03     |
------------------------------------------
------------------------------------------
| rollout/                |              |
|    ep_len_mean          | 983          |
|    ep_rew_mean          | -833         |
| time/                   |              |
|    fps                  | 3147         |
|    iterations           | 186          |
|    time_elapsed         | 484          |
|    total_timesteps      | 1523712      |
| train/                  |              |
|    approx_kl            | 0.0002817623 |
|    clip_fraction        | 0.00199      |
|    clip_range           | 0.2          |
|    entropy_loss         | -1.1         |
|    explained_variance   | 0.957        |
|    learning_rate        | 0.0003       |
|    loss                 | 1.04         |
|    n_updates            | 2430         |
|    policy_gradient_loss | -0.00211     |
|    std                  | 0.728        |
|    value_loss           | 203          |
------------------------------------------
------------------------------------------
| rollout/                |              |
|    ep_len_mean          | 983          |
|    ep_rew_mean          | -777         |
| time/                   |              |
|    fps                  | 3149         |
|    iterations           | 187          |
|    time_elapsed         | 486          |
|    total_timesteps      | 1531904      |
| train/                  |              |
|    approx_kl            | 0.0004957455 |
|    clip_fraction        | 0.00261      |
|    clip_range           | 0.2          |
|    entropy_loss         | -1.1         |
|    explained_variance   | 0.986        |
|    learning_rate        | 0.0003       |
|    loss                 | 90.4         |
|    n_updates            | 2440         |
|    policy_gradient_loss | -0.0017      |
|    std                  | 0.728        |
|    value_loss           | 124          |
------------------------------------------
------------------------------------------
| rollout/                |              |
|    ep_len_mean          | 983          |
|    ep_rew_mean          | -847         |
| time/                   |              |
|    fps                  | 3151         |
|    iterations           | 188          |
|    time_elapsed         | 488          |
|    total_timesteps      | 1540096      |
| train/                  |              |
|    approx_kl            | 0.0018518096 |
|    clip_fraction        | 0.00138      |
|    clip_range           | 0.2          |
|    entropy_loss         | -1.1         |
|    explained_variance   | 0.943        |
|    learning_rate        | 0.0003       |
|    loss                 | 249          |
|    n_updates            | 2450         |
|    policy_gradient_loss | -0.000196    |
|    std                  | 0.729        |
|    value_loss           | 587          |
------------------------------------------
------------------------------------------
| rollout/                |              |
|    ep_len_mean          | 983          |
|    ep_rew_mean          | -826         |
| time/                   |              |
|    fps                  | 3153         |
|    iterations           | 189          |
|    time_elapsed         | 491          |
|    total_timesteps      | 1548288      |
| train/                  |              |
|    approx_kl            | 0.0006360265 |
|    clip_fraction        | 0.00166      |
|    clip_range           | 0.2          |
|    entropy_loss         | -1.1         |
|    explained_variance   | 0.946        |
|    learning_rate        | 0.0003       |
|    loss                 | 19.2         |
|    n_updates            | 2460         |
|    policy_gradient_loss | -0.00069     |
|    std                  | 0.731        |
|    value_loss           | 392          |
------------------------------------------
------------------------------------------
| rollout/                |              |
|    ep_len_mean          | 983          |
|    ep_rew_mean          | -781         |
| time/                   |              |
|    fps                  | 3154         |
|    iterations           | 190          |
|    time_elapsed         | 493          |
|    total_timesteps      | 1556480      |
| train/                  |              |
|    approx_kl            | 0.0017394475 |
|    clip_fraction        | 0.011        |
|    clip_range           | 0.2          |
|    entropy_loss         | -1.11        |
|    explained_variance   | 0.981        |
|    learning_rate        | 0.0003       |
|    loss                 | 31.7         |
|    n_updates            | 2470         |
|    policy_gradient_loss | -0.00103     |
|    std                  | 0.74         |
|    value_loss           | 43.6         |
------------------------------------------
-----------------------------------------
| rollout/                |             |
|    ep_len_mean          | 992         |
|    ep_rew_mean          | -738        |
| time/                   |             |
|    fps                  | 3156        |
|    iterations           | 191         |
|    time_elapsed         | 495         |
|    total_timesteps      | 1564672     |
| train/                  |             |
|    approx_kl            | 0.000317114 |
|    clip_fraction        | 0.000317    |
|    clip_range           | 0.2         |
|    entropy_loss         | -1.12       |
|    explained_variance   | 0.94        |
|    learning_rate        | 0.0003      |
|    loss                 | 574         |
|    n_updates            | 2480        |
|    policy_gradient_loss | -0.000489   |
|    std                  | 0.741       |
|    value_loss           | 1.69e+03    |
-----------------------------------------
------------------------------------------
| rollout/                |              |
|    ep_len_mean          | 992          |
|    ep_rew_mean          | -756         |
| time/                   |              |
|    fps                  | 3157         |
|    iterations           | 192          |
|    time_elapsed         | 498          |
|    total_timesteps      | 1572864      |
| train/                  |              |
|    approx_kl            | 0.0005929313 |
|    clip_fraction        | 0            |
|    clip_range           | 0.2          |
|    entropy_loss         | -1.12        |
|    explained_variance   | 0.97         |
|    learning_rate        | 0.0003       |
|    loss                 | 104          |
|    n_updates            | 2490         |
|    policy_gradient_loss | 1.61e-05     |
|    std                  | 0.743        |
|    value_loss           | 315          |
------------------------------------------
------------------------------------------
| rollout/                |              |
|    ep_len_mean          | 992          |
|    ep_rew_mean          | -754         |
| time/                   |              |
|    fps                  | 3159         |
|    iterations           | 193          |
|    time_elapsed         | 500          |
|    total_timesteps      | 1581056      |
| train/                  |              |
|    approx_kl            | 0.0038848529 |
|    clip_fraction        | 0.0149       |
|    clip_range           | 0.2          |
|    entropy_loss         | -1.12        |
|    explained_variance   | 0.971        |
|    learning_rate        | 0.0003       |
|    loss                 | 23.4         |
|    n_updates            | 2500         |
|    policy_gradient_loss | 0.000263     |
|    std                  | 0.745        |
|    value_loss           | 125          |
------------------------------------------
-----------------------------------------
| rollout/                |             |
|    ep_len_mean          | 992         |
|    ep_rew_mean          | -822        |
| time/                   |             |
|    fps                  | 3160        |
|    iterations           | 194         |
|    time_elapsed         | 502         |
|    total_timesteps      | 1589248     |
| train/                  |             |
|    approx_kl            | 0.004268375 |
|    clip_fraction        | 0.0307      |
|    clip_range           | 0.2         |
|    entropy_loss         | -1.12       |
|    explained_variance   | 0.983       |
|    learning_rate        | 0.0003      |
|    loss                 | 0.299       |
|    n_updates            | 2510        |
|    policy_gradient_loss | -0.000373   |
|    std                  | 0.74        |
|    value_loss           | 13.3        |
-----------------------------------------
-----------------------------------------
| rollout/                |             |
|    ep_len_mean          | 992         |
|    ep_rew_mean          | -829        |
| time/                   |             |
|    fps                  | 3162        |
|    iterations           | 195         |
|    time_elapsed         | 505         |
|    total_timesteps      | 1597440     |
| train/                  |             |
|    approx_kl            | 0.002302078 |
|    clip_fraction        | 0.0275      |
|    clip_range           | 0.2         |
|    entropy_loss         | -1.12       |
|    explained_variance   | 0.984       |
|    learning_rate        | 0.0003      |
|    loss                 | 48.3        |
|    n_updates            | 2520        |
|    policy_gradient_loss | -0.00072    |
|    std                  | 0.74        |
|    value_loss           | 95.1        |
-----------------------------------------
Eval num_timesteps=1600000, episode_reward=-784.73 +/- 1030.82
Episode length: 1001.00 +/- 0.00
-------------------------------------------
| eval/                   |               |
|    mean_ep_length       | 1e+03         |
|    mean_reward          | -785          |
| time/                   |               |
|    total_timesteps      | 1600000       |
| train/                  |               |
|    approx_kl            | 0.00027092412 |
|    clip_fraction        | 0.000513      |
|    clip_range           | 0.2           |
|    entropy_loss         | -1.12         |
|    explained_variance   | 0.935         |
|    learning_rate        | 0.0003        |
|    loss                 | 336           |
|    n_updates            | 2530          |
|    policy_gradient_loss | -0.000647     |
|    std                  | 0.74          |
|    value_loss           | 496           |
-------------------------------------------
---------------------------------
| rollout/           |          |
|    ep_len_mean     | 983      |
|    ep_rew_mean     | -835     |
| time/              |          |
|    fps             | 3129     |
|    iterations      | 196      |
|    time_elapsed    | 513      |
|    total_timesteps | 1605632  |
---------------------------------
------------------------------------------
| rollout/                |              |
|    ep_len_mean          | 983          |
|    ep_rew_mean          | -812         |
| time/                   |              |
|    fps                  | 3131         |
|    iterations           | 197          |
|    time_elapsed         | 515          |
|    total_timesteps      | 1613824      |
| train/                  |              |
|    approx_kl            | 0.0005568076 |
|    clip_fraction        | 0.000354     |
|    clip_range           | 0.2          |
|    entropy_loss         | -1.12        |
|    explained_variance   | 0.909        |
|    learning_rate        | 0.0003       |
|    loss                 | 767          |
|    n_updates            | 2540         |
|    policy_gradient_loss | -0.000733    |
|    std                  | 0.741        |
|    value_loss           | 2.16e+03     |
------------------------------------------
------------------------------------------
| rollout/                |              |
|    ep_len_mean          | 974          |
|    ep_rew_mean          | -787         |
| time/                   |              |
|    fps                  | 3132         |
|    iterations           | 198          |
|    time_elapsed         | 517          |
|    total_timesteps      | 1622016      |
| train/                  |              |
|    approx_kl            | 0.0041743875 |
|    clip_fraction        | 0.019        |
|    clip_range           | 0.2          |
|    entropy_loss         | -1.12        |
|    explained_variance   | 0.991        |
|    learning_rate        | 0.0003       |
|    loss                 | 3.36         |
|    n_updates            | 2550         |
|    policy_gradient_loss | -0.0011      |
|    std                  | 0.743        |
|    value_loss           | 25.3         |
------------------------------------------
-------------------------------------------
| rollout/                |               |
|    ep_len_mean          | 965           |
|    ep_rew_mean          | -829          |
| time/                   |               |
|    fps                  | 3134          |
|    iterations           | 199           |
|    time_elapsed         | 520           |
|    total_timesteps      | 1630208       |
| train/                  |               |
|    approx_kl            | 0.00011738045 |
|    clip_fraction        | 0             |
|    clip_range           | 0.2           |
|    entropy_loss         | -1.12         |
|    explained_variance   | 0.931         |
|    learning_rate        | 0.0003        |
|    loss                 | 1.44e+03      |
|    n_updates            | 2560          |
|    policy_gradient_loss | -1.18e-05     |
|    std                  | 0.743         |
|    value_loss           | 2.06e+03      |
-------------------------------------------
------------------------------------------
| rollout/                |              |
|    ep_len_mean          | 965          |
|    ep_rew_mean          | -799         |
| time/                   |              |
|    fps                  | 3135         |
|    iterations           | 200          |
|    time_elapsed         | 522          |
|    total_timesteps      | 1638400      |
| train/                  |              |
|    approx_kl            | 0.0003676772 |
|    clip_fraction        | 9.77e-05     |
|    clip_range           | 0.2          |
|    entropy_loss         | -1.12        |
|    explained_variance   | 0.922        |
|    learning_rate        | 0.0003       |
|    loss                 | 1.62e+03     |
|    n_updates            | 2570         |
|    policy_gradient_loss | -0.0001      |
|    std                  | 0.744        |
|    value_loss           | 1.77e+03     |
------------------------------------------
-------------------------------------------
| rollout/                |               |
|    ep_len_mean          | 965           |
|    ep_rew_mean          | -828          |
| time/                   |               |
|    fps                  | 3137          |
|    iterations           | 201           |
|    time_elapsed         | 524           |
|    total_timesteps      | 1646592       |
| train/                  |               |
|    approx_kl            | 0.00075462414 |
|    clip_fraction        | 0.00138       |
|    clip_range           | 0.2           |
|    entropy_loss         | -1.12         |
|    explained_variance   | 0.977         |
|    learning_rate        | 0.0003        |
|    loss                 | 7.94          |
|    n_updates            | 2580          |
|    policy_gradient_loss | -0.000901     |
|    std                  | 0.744         |
|    value_loss           | 100           |
-------------------------------------------
-----------------------------------------
| rollout/                |             |
|    ep_len_mean          | 965         |
|    ep_rew_mean          | -858        |
| time/                   |             |
|    fps                  | 3139        |
|    iterations           | 202         |
|    time_elapsed         | 527         |
|    total_timesteps      | 1654784     |
| train/                  |             |
|    approx_kl            | 0.006207946 |
|    clip_fraction        | 0.0184      |
|    clip_range           | 0.2         |
|    entropy_loss         | -1.12       |
|    explained_variance   | 0.965       |
|    learning_rate        | 0.0003      |
|    loss                 | 51.1        |
|    n_updates            | 2590        |
|    policy_gradient_loss | -7.07e-05   |
|    std                  | 0.744       |
|    value_loss           | 30          |
-----------------------------------------
----------------------------------------
| rollout/                |            |
|    ep_len_mean          | 965        |
|    ep_rew_mean          | -876       |
| time/                   |            |
|    fps                  | 3140       |
|    iterations           | 203        |
|    time_elapsed         | 529        |
|    total_timesteps      | 1662976    |
| train/                  |            |
|    approx_kl            | 0.00087815 |
|    clip_fraction        | 0.00205    |
|    clip_range           | 0.2        |
|    entropy_loss         | -1.12      |
|    explained_variance   | 0.956      |
|    learning_rate        | 0.0003     |
|    loss                 | 290        |
|    n_updates            | 2600       |
|    policy_gradient_loss | 7.73e-06   |
|    std                  | 0.746      |
|    value_loss           | 1.45e+03   |
----------------------------------------
------------------------------------------
| rollout/                |              |
|    ep_len_mean          | 965          |
|    ep_rew_mean          | -850         |
| time/                   |              |
|    fps                  | 3142         |
|    iterations           | 204          |
|    time_elapsed         | 531          |
|    total_timesteps      | 1671168      |
| train/                  |              |
|    approx_kl            | 0.0031583633 |
|    clip_fraction        | 0.0153       |
|    clip_range           | 0.2          |
|    entropy_loss         | -1.13        |
|    explained_variance   | 0.971        |
|    learning_rate        | 0.0003       |
|    loss                 | 5.23         |
|    n_updates            | 2610         |
|    policy_gradient_loss | -0.000787    |
|    std                  | 0.749        |
|    value_loss           | 115          |
------------------------------------------
-----------------------------------------
| rollout/                |             |
|    ep_len_mean          | 965         |
|    ep_rew_mean          | -831        |
| time/                   |             |
|    fps                  | 3144        |
|    iterations           | 205         |
|    time_elapsed         | 534         |
|    total_timesteps      | 1679360     |
| train/                  |             |
|    approx_kl            | 0.009239661 |
|    clip_fraction        | 0.0582      |
|    clip_range           | 0.2         |
|    entropy_loss         | -1.14       |
|    explained_variance   | 0.954       |
|    learning_rate        | 0.0003      |
|    loss                 | 2.74        |
|    n_updates            | 2620        |
|    policy_gradient_loss | -0.000278   |
|    std                  | 0.76        |
|    value_loss           | 1.82        |
-----------------------------------------
-----------------------------------------
| rollout/                |             |
|    ep_len_mean          | 965         |
|    ep_rew_mean          | -862        |
| time/                   |             |
|    fps                  | 3145        |
|    iterations           | 206         |
|    time_elapsed         | 536         |
|    total_timesteps      | 1687552     |
| train/                  |             |
|    approx_kl            | 0.002014421 |
|    clip_fraction        | 0.016       |
|    clip_range           | 0.2         |
|    entropy_loss         | -1.15       |
|    explained_variance   | 0.952       |
|    learning_rate        | 0.0003      |
|    loss                 | 105         |
|    n_updates            | 2630        |
|    policy_gradient_loss | -0.000314   |
|    std                  | 0.761       |
|    value_loss           | 390         |
-----------------------------------------
-------------------------------------------
| rollout/                |               |
|    ep_len_mean          | 974           |
|    ep_rew_mean          | -820          |
| time/                   |               |
|    fps                  | 3147          |
|    iterations           | 207           |
|    time_elapsed         | 538           |
|    total_timesteps      | 1695744       |
| train/                  |               |
|    approx_kl            | 0.00034847687 |
|    clip_fraction        | 0.000806      |
|    clip_range           | 0.2           |
|    entropy_loss         | -1.15         |
|    explained_variance   | 0.954         |
|    learning_rate        | 0.0003        |
|    loss                 | 402           |
|    n_updates            | 2640          |
|    policy_gradient_loss | -0.000676     |
|    std                  | 0.761         |
|    value_loss           | 1.52e+03      |
-------------------------------------------
-----------------------------------------
| rollout/                |             |
|    ep_len_mean          | 974         |
|    ep_rew_mean          | -812        |
| time/                   |             |
|    fps                  | 3148        |
|    iterations           | 208         |
|    time_elapsed         | 541         |
|    total_timesteps      | 1703936     |
| train/                  |             |
|    approx_kl            | 0.009968342 |
|    clip_fraction        | 0.0495      |
|    clip_range           | 0.2         |
|    entropy_loss         | -1.14       |
|    explained_variance   | 0.97        |
|    learning_rate        | 0.0003      |
|    loss                 | 0.828       |
|    n_updates            | 2650        |
|    policy_gradient_loss | 0.000615    |
|    std                  | 0.757       |
|    value_loss           | 2.61        |
-----------------------------------------
----------------------------------------
| rollout/                |            |
|    ep_len_mean          | 974        |
|    ep_rew_mean          | -871       |
| time/                   |            |
|    fps                  | 3150       |
|    iterations           | 209        |
|    time_elapsed         | 543        |
|    total_timesteps      | 1712128    |
| train/                  |            |
|    approx_kl            | 0.00479839 |
|    clip_fraction        | 0.0517     |
|    clip_range           | 0.2        |
|    entropy_loss         | -1.14      |
|    explained_variance   | 0.969      |
|    learning_rate        | 0.0003     |
|    loss                 | 90.5       |
|    n_updates            | 2660       |
|    policy_gradient_loss | -0.000834  |
|    std                  | 0.76       |
|    value_loss           | 137        |
----------------------------------------
------------------------------------------
| rollout/                |              |
|    ep_len_mean          | 983          |
|    ep_rew_mean          | -904         |
| time/                   |              |
|    fps                  | 3151         |
|    iterations           | 210          |
|    time_elapsed         | 545          |
|    total_timesteps      | 1720320      |
| train/                  |              |
|    approx_kl            | 0.0008616445 |
|    clip_fraction        | 3.66e-05     |
|    clip_range           | 0.2          |
|    entropy_loss         | -1.15        |
|    explained_variance   | 0.964        |
|    learning_rate        | 0.0003       |
|    loss                 | 132          |
|    n_updates            | 2670         |
|    policy_gradient_loss | -2.43e-05    |
|    std                  | 0.761        |
|    value_loss           | 295          |
------------------------------------------
-------------------------------------------
| rollout/                |               |
|    ep_len_mean          | 983           |
|    ep_rew_mean          | -874          |
| time/                   |               |
|    fps                  | 3152          |
|    iterations           | 211           |
|    time_elapsed         | 548           |
|    total_timesteps      | 1728512       |
| train/                  |               |
|    approx_kl            | 0.00012521911 |
|    clip_fraction        | 0             |
|    clip_range           | 0.2           |
|    entropy_loss         | -1.15         |
|    explained_variance   | 0.948         |
|    learning_rate        | 0.0003        |
|    loss                 | 627           |
|    n_updates            | 2680          |
|    policy_gradient_loss | -0.000211     |
|    std                  | 0.761         |
|    value_loss           | 1.37e+03      |
-------------------------------------------
------------------------------------------
| rollout/                |              |
|    ep_len_mean          | 992          |
|    ep_rew_mean          | -854         |
| time/                   |              |
|    fps                  | 3154         |
|    iterations           | 212          |
|    time_elapsed         | 550          |
|    total_timesteps      | 1736704      |
| train/                  |              |
|    approx_kl            | 0.0021053392 |
|    clip_fraction        | 0.0121       |
|    clip_range           | 0.2          |
|    entropy_loss         | -1.15        |
|    explained_variance   | 0.98         |
|    learning_rate        | 0.0003       |
|    loss                 | 1.59         |
|    n_updates            | 2690         |
|    policy_gradient_loss | -0.000989    |
|    std                  | 0.763        |
|    value_loss           | 12.5         |
------------------------------------------
-----------------------------------------
| rollout/                |             |
|    ep_len_mean          | 992         |
|    ep_rew_mean          | -820        |
| time/                   |             |
|    fps                  | 3156        |
|    iterations           | 213         |
|    time_elapsed         | 552         |
|    total_timesteps      | 1744896     |
| train/                  |             |
|    approx_kl            | 0.002477437 |
|    clip_fraction        | 0.00165     |
|    clip_range           | 0.2         |
|    entropy_loss         | -1.15       |
|    explained_variance   | 0.969       |
|    learning_rate        | 0.0003      |
|    loss                 | 393         |
|    n_updates            | 2700        |
|    policy_gradient_loss | -4.54e-05   |
|    std                  | 0.764       |
|    value_loss           | 260         |
-----------------------------------------
---------------------------------------
| rollout/                |           |
|    ep_len_mean          | 992       |
|    ep_rew_mean          | -856      |
| time/                   |           |
|    fps                  | 3157      |
|    iterations           | 214       |
|    time_elapsed         | 555       |
|    total_timesteps      | 1753088   |
| train/                  |           |
|    approx_kl            | 0.0035819 |
|    clip_fraction        | 0.00691   |
|    clip_range           | 0.2       |
|    entropy_loss         | -1.15     |
|    explained_variance   | 0.96      |
|    learning_rate        | 0.0003    |
|    loss                 | 9.35      |
|    n_updates            | 2710      |
|    policy_gradient_loss | -0.000952 |
|    std                  | 0.767     |
|    value_loss           | 364       |
---------------------------------------
Eval num_timesteps=1760000, episode_reward=-740.52 +/- 879.80
Episode length: 1001.00 +/- 0.00
-------------------------------------------
| eval/                   |               |
|    mean_ep_length       | 1e+03         |
|    mean_reward          | -741          |
| time/                   |               |
|    total_timesteps      | 1760000       |
| train/                  |               |
|    approx_kl            | 0.00036440877 |
|    clip_fraction        | 0.00194       |
|    clip_range           | 0.2           |
|    entropy_loss         | -1.15         |
|    explained_variance   | 0.933         |
|    learning_rate        | 0.0003        |
|    loss                 | 58.5          |
|    n_updates            | 2720          |
|    policy_gradient_loss | -0.000526     |
|    std                  | 0.768         |
|    value_loss           | 2.17e+03      |
-------------------------------------------
---------------------------------
| rollout/           |          |
|    ep_len_mean     | 992      |
|    ep_rew_mean     | -822     |
| time/              |          |
|    fps             | 3128     |
|    iterations      | 215      |
|    time_elapsed    | 562      |
|    total_timesteps | 1761280  |
---------------------------------
------------------------------------------
| rollout/                |              |
|    ep_len_mean          | 992          |
|    ep_rew_mean          | -850         |
| time/                   |              |
|    fps                  | 3130         |
|    iterations           | 216          |
|    time_elapsed         | 565          |
|    total_timesteps      | 1769472      |
| train/                  |              |
|    approx_kl            | 0.0043149185 |
|    clip_fraction        | 0.0236       |
|    clip_range           | 0.2          |
|    entropy_loss         | -1.16        |
|    explained_variance   | 0.986        |
|    learning_rate        | 0.0003       |
|    loss                 | 8.16         |
|    n_updates            | 2730         |
|    policy_gradient_loss | 4.52e-05     |
|    std                  | 0.771        |
|    value_loss           | 24.1         |
------------------------------------------
------------------------------------------
| rollout/                |              |
|    ep_len_mean          | 992          |
|    ep_rew_mean          | -833         |
| time/                   |              |
|    fps                  | 3132         |
|    iterations           | 217          |
|    time_elapsed         | 567          |
|    total_timesteps      | 1777664      |
| train/                  |              |
|    approx_kl            | 0.0019008872 |
|    clip_fraction        | 0.00529      |
|    clip_range           | 0.2          |
|    entropy_loss         | -1.16        |
|    explained_variance   | 0.936        |
|    learning_rate        | 0.0003       |
|    loss                 | 170          |
|    n_updates            | 2740         |
|    policy_gradient_loss | -0.00194     |
|    std                  | 0.775        |
|    value_loss           | 940          |
------------------------------------------
-------------------------------------------
| rollout/                |               |
|    ep_len_mean          | 992           |
|    ep_rew_mean          | -828          |
| time/                   |               |
|    fps                  | 3133          |
|    iterations           | 218           |
|    time_elapsed         | 569           |
|    total_timesteps      | 1785856       |
| train/                  |               |
|    approx_kl            | 0.00014692359 |
|    clip_fraction        | 0.000195      |
|    clip_range           | 0.2           |
|    entropy_loss         | -1.16         |
|    explained_variance   | 0.957         |
|    learning_rate        | 0.0003        |
|    loss                 | 424           |
|    n_updates            | 2750          |
|    policy_gradient_loss | -0.000309     |
|    std                  | 0.774         |
|    value_loss           | 1.04e+03      |
-------------------------------------------
-------------------------------------------
| rollout/                |               |
|    ep_len_mean          | 992           |
|    ep_rew_mean          | -840          |
| time/                   |               |
|    fps                  | 3133          |
|    iterations           | 219           |
|    time_elapsed         | 572           |
|    total_timesteps      | 1794048       |
| train/                  |               |
|    approx_kl            | 0.00044747465 |
|    clip_fraction        | 0.00261       |
|    clip_range           | 0.2           |
|    entropy_loss         | -1.16         |
|    explained_variance   | 0.969         |
|    learning_rate        | 0.0003        |
|    loss                 | 781           |
|    n_updates            | 2760          |
|    policy_gradient_loss | -0.000975     |
|    std                  | 0.775         |
|    value_loss           | 769           |
-------------------------------------------
------------------------------------------
| rollout/                |              |
|    ep_len_mean          | 983          |
|    ep_rew_mean          | -906         |
| time/                   |              |
|    fps                  | 3135         |
|    iterations           | 220          |
|    time_elapsed         | 574          |
|    total_timesteps      | 1802240      |
| train/                  |              |
|    approx_kl            | 0.0021665453 |
|    clip_fraction        | 0.0315       |
|    clip_range           | 0.2          |
|    entropy_loss         | -1.16        |
|    explained_variance   | 0.995        |
|    learning_rate        | 0.0003       |
|    loss                 | 2.51         |
|    n_updates            | 2770         |
|    policy_gradient_loss | -0.000329    |
|    std                  | 0.769        |
|    value_loss           | 13           |
------------------------------------------
------------------------------------------
| rollout/                |              |
|    ep_len_mean          | 992          |
|    ep_rew_mean          | -931         |
| time/                   |              |
|    fps                  | 3136         |
|    iterations           | 221          |
|    time_elapsed         | 577          |
|    total_timesteps      | 1810432      |
| train/                  |              |
|    approx_kl            | 0.0023883707 |
|    clip_fraction        | 0.00791      |
|    clip_range           | 0.2          |
|    entropy_loss         | -1.16        |
|    explained_variance   | 0.952        |
|    learning_rate        | 0.0003       |
|    loss                 | 517          |
|    n_updates            | 2780         |
|    policy_gradient_loss | -0.00133     |
|    std                  | 0.77         |
|    value_loss           | 562          |
------------------------------------------
------------------------------------------
| rollout/                |              |
|    ep_len_mean          | 992          |
|    ep_rew_mean          | -932         |
| time/                   |              |
|    fps                  | 3137         |
|    iterations           | 222          |
|    time_elapsed         | 579          |
|    total_timesteps      | 1818624      |
| train/                  |              |
|    approx_kl            | 0.0020726519 |
|    clip_fraction        | 0.00344      |
|    clip_range           | 0.2          |
|    entropy_loss         | -1.16        |
|    explained_variance   | 0.931        |
|    learning_rate        | 0.0003       |
|    loss                 | 481          |
|    n_updates            | 2790         |
|    policy_gradient_loss | -0.00155     |
|    std                  | 0.771        |
|    value_loss           | 2.1e+03      |
------------------------------------------
-------------------------------------------
| rollout/                |               |
|    ep_len_mean          | 992           |
|    ep_rew_mean          | -967          |
| time/                   |               |
|    fps                  | 3139          |
|    iterations           | 223           |
|    time_elapsed         | 581           |
|    total_timesteps      | 1826816       |
| train/                  |               |
|    approx_kl            | 0.00066127203 |
|    clip_fraction        | 6.1e-05       |
|    clip_range           | 0.2           |
|    entropy_loss         | -1.16         |
|    explained_variance   | 0.96          |
|    learning_rate        | 0.0003        |
|    loss                 | 1.04e+03      |
|    n_updates            | 2800          |
|    policy_gradient_loss | 0.000114      |
|    std                  | 0.77          |
|    value_loss           | 825           |
-------------------------------------------
-------------------------------------------
| rollout/                |               |
|    ep_len_mean          | 992           |
|    ep_rew_mean          | -968          |
| time/                   |               |
|    fps                  | 3140          |
|    iterations           | 224           |
|    time_elapsed         | 584           |
|    total_timesteps      | 1835008       |
| train/                  |               |
|    approx_kl            | 0.00049122574 |
|    clip_fraction        | 0.00177       |
|    clip_range           | 0.2           |
|    entropy_loss         | -1.16         |
|    explained_variance   | 0.951         |
|    learning_rate        | 0.0003        |
|    loss                 | 301           |
|    n_updates            | 2810          |
|    policy_gradient_loss | 0.000759      |
|    std                  | 0.771         |
|    value_loss           | 378           |
-------------------------------------------
-------------------------------------------
| rollout/                |               |
|    ep_len_mean          | 992           |
|    ep_rew_mean          | -1.01e+03     |
| time/                   |               |
|    fps                  | 3141          |
|    iterations           | 225           |
|    time_elapsed         | 586           |
|    total_timesteps      | 1843200       |
| train/                  |               |
|    approx_kl            | 0.00014088184 |
|    clip_fraction        | 0.0242        |
|    clip_range           | 0.2           |
|    entropy_loss         | -1.16         |
|    explained_variance   | 0.988         |
|    learning_rate        | 0.0003        |
|    loss                 | 90            |
|    n_updates            | 2820          |
|    policy_gradient_loss | -0.000134     |
|    std                  | 0.771         |
|    value_loss           | 61.8          |
-------------------------------------------
------------------------------------------
| rollout/                |              |
|    ep_len_mean          | 992          |
|    ep_rew_mean          | -1e+03       |
| time/                   |              |
|    fps                  | 3143         |
|    iterations           | 226          |
|    time_elapsed         | 589          |
|    total_timesteps      | 1851392      |
| train/                  |              |
|    approx_kl            | 0.0004703734 |
|    clip_fraction        | 0.00341      |
|    clip_range           | 0.2          |
|    entropy_loss         | -1.16        |
|    explained_variance   | 0.973        |
|    learning_rate        | 0.0003       |
|    loss                 | 362          |
|    n_updates            | 2830         |
|    policy_gradient_loss | -0.00114     |
|    std                  | 0.779        |
|    value_loss           | 380          |
------------------------------------------
-------------------------------------------
| rollout/                |               |
|    ep_len_mean          | 992           |
|    ep_rew_mean          | -1.01e+03     |
| time/                   |               |
|    fps                  | 3144          |
|    iterations           | 227           |
|    time_elapsed         | 591           |
|    total_timesteps      | 1859584       |
| train/                  |               |
|    approx_kl            | 0.00034143613 |
|    clip_fraction        | 0.00179       |
|    clip_range           | 0.2           |
|    entropy_loss         | -1.17         |
|    explained_variance   | 0.949         |
|    learning_rate        | 0.0003        |
|    loss                 | 269           |
|    n_updates            | 2840          |
|    policy_gradient_loss | -0.000885     |
|    std                  | 0.782         |
|    value_loss           | 1.26e+03      |
-------------------------------------------
------------------------------------------
| rollout/                |              |
|    ep_len_mean          | 992          |
|    ep_rew_mean          | -1.03e+03    |
| time/                   |              |
|    fps                  | 3146         |
|    iterations           | 228          |
|    time_elapsed         | 593          |
|    total_timesteps      | 1867776      |
| train/                  |              |
|    approx_kl            | 0.0054241396 |
|    clip_fraction        | 0.032        |
|    clip_range           | 0.2          |
|    entropy_loss         | -1.17        |
|    explained_variance   | 0.932        |
|    learning_rate        | 0.0003       |
|    loss                 | 411          |
|    n_updates            | 2850         |
|    policy_gradient_loss | -0.000743    |
|    std                  | 0.779        |
|    value_loss           | 907          |
------------------------------------------
-----------------------------------------
| rollout/                |             |
|    ep_len_mean          | 973         |
|    ep_rew_mean          | -988        |
| time/                   |             |
|    fps                  | 3147        |
|    iterations           | 229         |
|    time_elapsed         | 595         |
|    total_timesteps      | 1875968     |
| train/                  |             |
|    approx_kl            | 0.009106543 |
|    clip_fraction        | 0.0577      |
|    clip_range           | 0.2         |
|    entropy_loss         | -1.16       |
|    explained_variance   | 0.986       |
|    learning_rate        | 0.0003      |
|    loss                 | 0.64        |
|    n_updates            | 2860        |
|    policy_gradient_loss | -0.000111   |
|    std                  | 0.772       |
|    value_loss           | 1.32        |
-----------------------------------------
------------------------------------------
| rollout/                |              |
|    ep_len_mean          | 973          |
|    ep_rew_mean          | -1e+03       |
| time/                   |              |
|    fps                  | 3149         |
|    iterations           | 230          |
|    time_elapsed         | 598          |
|    total_timesteps      | 1884160      |
| train/                  |              |
|    approx_kl            | 0.0026082606 |
|    clip_fraction        | 0.0642       |
|    clip_range           | 0.2          |
|    entropy_loss         | -1.16        |
|    explained_variance   | 0.947        |
|    learning_rate        | 0.0003       |
|    loss                 | 546          |
|    n_updates            | 2870         |
|    policy_gradient_loss | 0.00097      |
|    std                  | 0.77         |
|    value_loss           | 1.61e+03     |
------------------------------------------
------------------------------------------
| rollout/                |              |
|    ep_len_mean          | 964          |
|    ep_rew_mean          | -1.03e+03    |
| time/                   |              |
|    fps                  | 3150         |
|    iterations           | 231          |
|    time_elapsed         | 600          |
|    total_timesteps      | 1892352      |
| train/                  |              |
|    approx_kl            | 0.0045393677 |
|    clip_fraction        | 0.00898      |
|    clip_range           | 0.2          |
|    entropy_loss         | -1.16        |
|    explained_variance   | 0.973        |
|    learning_rate        | 0.0003       |
|    loss                 | 145          |
|    n_updates            | 2880         |
|    policy_gradient_loss | -0.00139     |
|    std                  | 0.772        |
|    value_loss           | 436          |
------------------------------------------
------------------------------------------
| rollout/                |              |
|    ep_len_mean          | 973          |
|    ep_rew_mean          | -964         |
| time/                   |              |
|    fps                  | 3152         |
|    iterations           | 232          |
|    time_elapsed         | 602          |
|    total_timesteps      | 1900544      |
| train/                  |              |
|    approx_kl            | 0.0011433372 |
|    clip_fraction        | 0.00022      |
|    clip_range           | 0.2          |
|    entropy_loss         | -1.16        |
|    explained_variance   | 0.966        |
|    learning_rate        | 0.0003       |
|    loss                 | 5.53         |
|    n_updates            | 2890         |
|    policy_gradient_loss | -0.000194    |
|    std                  | 0.774        |
|    value_loss           | 181          |
------------------------------------------
------------------------------------------
| rollout/                |              |
|    ep_len_mean          | 964          |
|    ep_rew_mean          | -945         |
| time/                   |              |
|    fps                  | 3153         |
|    iterations           | 233          |
|    time_elapsed         | 605          |
|    total_timesteps      | 1908736      |
| train/                  |              |
|    approx_kl            | 0.0017128779 |
|    clip_fraction        | 0.043        |
|    clip_range           | 0.2          |
|    entropy_loss         | -1.16        |
|    explained_variance   | 0.99         |
|    learning_rate        | 0.0003       |
|    loss                 | 1.38         |
|    n_updates            | 2900         |
|    policy_gradient_loss | -0.000369    |
|    std                  | 0.777        |
|    value_loss           | 3.47         |
------------------------------------------
------------------------------------------
| rollout/                |              |
|    ep_len_mean          | 937          |
|    ep_rew_mean          | -1.03e+03    |
| time/                   |              |
|    fps                  | 3155         |
|    iterations           | 234          |
|    time_elapsed         | 607          |
|    total_timesteps      | 1916928      |
| train/                  |              |
|    approx_kl            | 0.0005632187 |
|    clip_fraction        | 0.000232     |
|    clip_range           | 0.2          |
|    entropy_loss         | -1.17        |
|    explained_variance   | 0.953        |
|    learning_rate        | 0.0003       |
|    loss                 | 594          |
|    n_updates            | 2910         |
|    policy_gradient_loss | -0.000102    |
|    std                  | 0.778        |
|    value_loss           | 1.78e+03     |
------------------------------------------
Eval num_timesteps=1920000, episode_reward=-715.12 +/- 1067.45
Episode length: 1001.00 +/- 0.00
------------------------------------------
| eval/                   |              |
|    mean_ep_length       | 1e+03        |
|    mean_reward          | -715         |
| time/                   |              |
|    total_timesteps      | 1920000      |
| train/                  |              |
|    approx_kl            | 0.0020776596 |
|    clip_fraction        | 0.00354      |
|    clip_range           | 0.2          |
|    entropy_loss         | -1.17        |
|    explained_variance   | 0.935        |
|    learning_rate        | 0.0003       |
|    loss                 | 548          |
|    n_updates            | 2920         |
|    policy_gradient_loss | -0.00103     |
|    std                  | 0.777        |
|    value_loss           | 979          |
------------------------------------------
----------------------------------
| rollout/           |           |
|    ep_len_mean     | 937       |
|    ep_rew_mean     | -1.03e+03 |
| time/              |           |
|    fps             | 3126      |
|    iterations      | 235       |
|    time_elapsed    | 615       |
|    total_timesteps | 1925120   |
----------------------------------
------------------------------------------
| rollout/                |              |
|    ep_len_mean          | 937          |
|    ep_rew_mean          | -985         |
| time/                   |              |
|    fps                  | 3126         |
|    iterations           | 236          |
|    time_elapsed         | 618          |
|    total_timesteps      | 1933312      |
| train/                  |              |
|    approx_kl            | 0.0033891308 |
|    clip_fraction        | 0.0121       |
|    clip_range           | 0.2          |
|    entropy_loss         | -1.17        |
|    explained_variance   | 0.975        |
|    learning_rate        | 0.0003       |
|    loss                 | 123          |
|    n_updates            | 2930         |
|    policy_gradient_loss | -0.000391    |
|    std                  | 0.774        |
|    value_loss           | 155          |
------------------------------------------
-------------------------------------------
| rollout/                |               |
|    ep_len_mean          | 937           |
|    ep_rew_mean          | -982          |
| time/                   |               |
|    fps                  | 3127          |
|    iterations           | 237           |
|    time_elapsed         | 620           |
|    total_timesteps      | 1941504       |
| train/                  |               |
|    approx_kl            | 0.00086267863 |
|    clip_fraction        | 0.00237       |
|    clip_range           | 0.2           |
|    entropy_loss         | -1.16         |
|    explained_variance   | 0.98          |
|    learning_rate        | 0.0003        |
|    loss                 | 8.79          |
|    n_updates            | 2940          |
|    policy_gradient_loss | -0.00132      |
|    std                  | 0.777         |
|    value_loss           | 63.1          |
-------------------------------------------
-------------------------------------------
| rollout/                |               |
|    ep_len_mean          | 937           |
|    ep_rew_mean          | -931          |
| time/                   |               |
|    fps                  | 3129          |
|    iterations           | 238           |
|    time_elapsed         | 623           |
|    total_timesteps      | 1949696       |
| train/                  |               |
|    approx_kl            | 0.00041634252 |
|    clip_fraction        | 0.00198       |
|    clip_range           | 0.2           |
|    entropy_loss         | -1.17         |
|    explained_variance   | 0.961         |
|    learning_rate        | 0.0003        |
|    loss                 | 331           |
|    n_updates            | 2950          |
|    policy_gradient_loss | -0.00106      |
|    std                  | 0.779         |
|    value_loss           | 761           |
-------------------------------------------
------------------------------------------
| rollout/                |              |
|    ep_len_mean          | 937          |
|    ep_rew_mean          | -936         |
| time/                   |              |
|    fps                  | 3130         |
|    iterations           | 239          |
|    time_elapsed         | 625          |
|    total_timesteps      | 1957888      |
| train/                  |              |
|    approx_kl            | 0.0017773532 |
|    clip_fraction        | 0.000854     |
|    clip_range           | 0.2          |
|    entropy_loss         | -1.17        |
|    explained_variance   | 0.988        |
|    learning_rate        | 0.0003       |
|    loss                 | 27.6         |
|    n_updates            | 2960         |
|    policy_gradient_loss | -7.46e-05    |
|    std                  | 0.778        |
|    value_loss           | 85.6         |
------------------------------------------
------------------------------------------
| rollout/                |              |
|    ep_len_mean          | 937          |
|    ep_rew_mean          | -973         |
| time/                   |              |
|    fps                  | 3132         |
|    iterations           | 240          |
|    time_elapsed         | 627          |
|    total_timesteps      | 1966080      |
| train/                  |              |
|    approx_kl            | 0.0012732116 |
|    clip_fraction        | 0.0775       |
|    clip_range           | 0.2          |
|    entropy_loss         | -1.16        |
|    explained_variance   | 0.984        |
|    learning_rate        | 0.0003       |
|    loss                 | 1.44         |
|    n_updates            | 2970         |
|    policy_gradient_loss | -0.000297    |
|    std                  | 0.767        |
|    value_loss           | 4.61         |
------------------------------------------
------------------------------------------
| rollout/                |              |
|    ep_len_mean          | 946          |
|    ep_rew_mean          | -945         |
| time/                   |              |
|    fps                  | 3133         |
|    iterations           | 241          |
|    time_elapsed         | 630          |
|    total_timesteps      | 1974272      |
| train/                  |              |
|    approx_kl            | 0.0038903793 |
|    clip_fraction        | 0.0433       |
|    clip_range           | 0.2          |
|    entropy_loss         | -1.15        |
|    explained_variance   | 0.937        |
|    learning_rate        | 0.0003       |
|    loss                 | 548          |
|    n_updates            | 2980         |
|    policy_gradient_loss | 0.000269     |
|    std                  | 0.768        |
|    value_loss           | 550          |
------------------------------------------
------------------------------------------
| rollout/                |              |
|    ep_len_mean          | 956          |
|    ep_rew_mean          | -903         |
| time/                   |              |
|    fps                  | 3134         |
|    iterations           | 242          |
|    time_elapsed         | 632          |
|    total_timesteps      | 1982464      |
| train/                  |              |
|    approx_kl            | 0.0009771074 |
|    clip_fraction        | 0.0058       |
|    clip_range           | 0.2          |
|    entropy_loss         | -1.16        |
|    explained_variance   | 0.958        |
|    learning_rate        | 0.0003       |
|    loss                 | 551          |
|    n_updates            | 2990         |
|    policy_gradient_loss | -0.00144     |
|    std                  | 0.77         |
|    value_loss           | 1.27e+03     |
------------------------------------------
-----------------------------------------
| rollout/                |             |
|    ep_len_mean          | 947         |
|    ep_rew_mean          | -936        |
| time/                   |             |
|    fps                  | 3136        |
|    iterations           | 243         |
|    time_elapsed         | 634         |
|    total_timesteps      | 1990656     |
| train/                  |             |
|    approx_kl            | 0.000937536 |
|    clip_fraction        | 0.00121     |
|    clip_range           | 0.2         |
|    entropy_loss         | -1.16       |
|    explained_variance   | 0.968       |
|    learning_rate        | 0.0003      |
|    loss                 | 96.4        |
|    n_updates            | 3000        |
|    policy_gradient_loss | -0.000425   |
|    std                  | 0.768       |
|    value_loss           | 697         |
-----------------------------------------
------------------------------------------
| rollout/                |              |
|    ep_len_mean          | 947          |
|    ep_rew_mean          | -910         |
| time/                   |              |
|    fps                  | 3137         |
|    iterations           | 244          |
|    time_elapsed         | 637          |
|    total_timesteps      | 1998848      |
| train/                  |              |
|    approx_kl            | 0.0020972714 |
|    clip_fraction        | 0.00145      |
|    clip_range           | 0.2          |
|    entropy_loss         | -1.15        |
|    explained_variance   | 0.955        |
|    learning_rate        | 0.0003       |
|    loss                 | 125          |
|    n_updates            | 3010         |
|    policy_gradient_loss | -0.000522    |
|    std                  | 0.768        |
|    value_loss           | 229          |
------------------------------------------
------------------------------------------
| rollout/                |              |
|    ep_len_mean          | 974          |
|    ep_rew_mean          | -856         |
| time/                   |              |
|    fps                  | 3138         |
|    iterations           | 245          |
|    time_elapsed         | 639          |
|    total_timesteps      | 2007040      |
| train/                  |              |
|    approx_kl            | 0.0033434713 |
|    clip_fraction        | 0.0102       |
|    clip_range           | 0.2          |
|    entropy_loss         | -1.15        |
|    explained_variance   | 0.978        |
|    learning_rate        | 0.0003       |
|    loss                 | 4.92         |
|    n_updates            | 3020         |
|    policy_gradient_loss | -0.000498    |
|    std                  | 0.765        |
|    value_loss           | 213          |
------------------------------------------
-------------------------------------------
| rollout/                |               |
|    ep_len_mean          | 983           |
|    ep_rew_mean          | -838          |
| time/                   |               |
|    fps                  | 3140          |
|    iterations           | 246           |
|    time_elapsed         | 641           |
|    total_timesteps      | 2015232       |
| train/                  |               |
|    approx_kl            | 0.00044766293 |
|    clip_fraction        | 0.00471       |
|    clip_range           | 0.2           |
|    entropy_loss         | -1.15         |
|    explained_variance   | 0.952         |
|    learning_rate        | 0.0003        |
|    loss                 | 1.18e+03      |
|    n_updates            | 3030          |
|    policy_gradient_loss | -0.00177      |
|    std                  | 0.767         |
|    value_loss           | 1.61e+03      |
-------------------------------------------
-----------------------------------------
| rollout/                |             |
|    ep_len_mean          | 983         |
|    ep_rew_mean          | -848        |
| time/                   |             |
|    fps                  | 3141        |
|    iterations           | 247         |
|    time_elapsed         | 644         |
|    total_timesteps      | 2023424     |
| train/                  |             |
|    approx_kl            | 9.39981e-06 |
|    clip_fraction        | 0           |
|    clip_range           | 0.2         |
|    entropy_loss         | -1.15       |
|    explained_variance   | 0.98        |
|    learning_rate        | 0.0003      |
|    loss                 | 55.2        |
|    n_updates            | 3040        |
|    policy_gradient_loss | -5.64e-06   |
|    std                  | 0.768       |
|    value_loss           | 236         |
-----------------------------------------
-----------------------------------------
| rollout/                |             |
|    ep_len_mean          | 983         |
|    ep_rew_mean          | -861        |
| time/                   |             |
|    fps                  | 3142        |
|    iterations           | 248         |
|    time_elapsed         | 646         |
|    total_timesteps      | 2031616     |
| train/                  |             |
|    approx_kl            | 0.005260839 |
|    clip_fraction        | 0.0555      |
|    clip_range           | 0.2         |
|    entropy_loss         | -1.16       |
|    explained_variance   | 0.991       |
|    learning_rate        | 0.0003      |
|    loss                 | 0.597       |
|    n_updates            | 3050        |
|    policy_gradient_loss | -0.000757   |
|    std                  | 0.771       |
|    value_loss           | 33.6        |
-----------------------------------------
------------------------------------------
| rollout/                |              |
|    ep_len_mean          | 974          |
|    ep_rew_mean          | -891         |
| time/                   |              |
|    fps                  | 3143         |
|    iterations           | 249          |
|    time_elapsed         | 648          |
|    total_timesteps      | 2039808      |
| train/                  |              |
|    approx_kl            | 0.0018740324 |
|    clip_fraction        | 0.00313      |
|    clip_range           | 0.2          |
|    entropy_loss         | -1.16        |
|    explained_variance   | 0.935        |
|    learning_rate        | 0.0003       |
|    loss                 | 464          |
|    n_updates            | 3060         |
|    policy_gradient_loss | -0.00225     |
|    std                  | 0.773        |
|    value_loss           | 735          |
------------------------------------------
-------------------------------------------
| rollout/                |               |
|    ep_len_mean          | 965           |
|    ep_rew_mean          | -954          |
| time/                   |               |
|    fps                  | 3144          |
|    iterations           | 250           |
|    time_elapsed         | 651           |
|    total_timesteps      | 2048000       |
| train/                  |               |
|    approx_kl            | 0.00033720426 |
|    clip_fraction        | 0.00022       |
|    clip_range           | 0.2           |
|    entropy_loss         | -1.16         |
|    explained_variance   | 0.958         |
|    learning_rate        | 0.0003        |
|    loss                 | 263           |
|    n_updates            | 3070          |
|    policy_gradient_loss | -0.000288     |
|    std                  | 0.774         |
|    value_loss           | 953           |
-------------------------------------------
-------------------------------------------
| rollout/                |               |
|    ep_len_mean          | 965           |
|    ep_rew_mean          | -950          |
| time/                   |               |
|    fps                  | 3145          |
|    iterations           | 251           |
|    time_elapsed         | 653           |
|    total_timesteps      | 2056192       |
| train/                  |               |
|    approx_kl            | 0.00028763612 |
|    clip_fraction        | 0.00116       |
|    clip_range           | 0.2           |
|    entropy_loss         | -1.16         |
|    explained_variance   | 0.942         |
|    learning_rate        | 0.0003        |
|    loss                 | 725           |
|    n_updates            | 3080          |
|    policy_gradient_loss | -0.000282     |
|    std                  | 0.776         |
|    value_loss           | 1.67e+03      |
-------------------------------------------
------------------------------------------
| rollout/                |              |
|    ep_len_mean          | 965          |
|    ep_rew_mean          | -933         |
| time/                   |              |
|    fps                  | 3147         |
|    iterations           | 252          |
|    time_elapsed         | 655          |
|    total_timesteps      | 2064384      |
| train/                  |              |
|    approx_kl            | 0.0033962093 |
|    clip_fraction        | 0.049        |
|    clip_range           | 0.2          |
|    entropy_loss         | -1.16        |
|    explained_variance   | 0.992        |
|    learning_rate        | 0.0003       |
|    loss                 | 1.71         |
|    n_updates            | 3090         |
|    policy_gradient_loss | -0.000396    |
|    std                  | 0.772        |
|    value_loss           | 3            |
------------------------------------------
------------------------------------------
| rollout/                |              |
|    ep_len_mean          | 974          |
|    ep_rew_mean          | -929         |
| time/                   |              |
|    fps                  | 3148         |
|    iterations           | 253          |
|    time_elapsed         | 658          |
|    total_timesteps      | 2072576      |
| train/                  |              |
|    approx_kl            | 0.0011832251 |
|    clip_fraction        | 0.00677      |
|    clip_range           | 0.2          |
|    entropy_loss         | -1.16        |
|    explained_variance   | 0.984        |
|    learning_rate        | 0.0003       |
|    loss                 | 30.9         |
|    n_updates            | 3100         |
|    policy_gradient_loss | 0.000297     |
|    std                  | 0.774        |
|    value_loss           | 132          |
------------------------------------------
Eval num_timesteps=2080000, episode_reward=-660.01 +/- 712.97
Episode length: 1001.00 +/- 0.00
------------------------------------------
| eval/                   |              |
|    mean_ep_length       | 1e+03        |
|    mean_reward          | -660         |
| time/                   |              |
|    total_timesteps      | 2080000      |
| train/                  |              |
|    approx_kl            | 0.0009479207 |
|    clip_fraction        | 0.00502      |
|    clip_range           | 0.2          |
|    entropy_loss         | -1.16        |
|    explained_variance   | 0.982        |
|    learning_rate        | 0.0003       |
|    loss                 | 290          |
|    n_updates            | 3110         |
|    policy_gradient_loss | -0.00109     |
|    std                  | 0.775        |
|    value_loss           | 564          |
------------------------------------------
---------------------------------
| rollout/           |          |
|    ep_len_mean     | 965      |
|    ep_rew_mean     | -987     |
| time/              |          |
|    fps             | 3123     |
|    iterations      | 254      |
|    time_elapsed    | 666      |
|    total_timesteps | 2080768  |
---------------------------------
------------------------------------------
| rollout/                |              |
|    ep_len_mean          | 974          |
|    ep_rew_mean          | -960         |
| time/                   |              |
|    fps                  | 3124         |
|    iterations           | 255          |
|    time_elapsed         | 668          |
|    total_timesteps      | 2088960      |
| train/                  |              |
|    approx_kl            | 0.0008962091 |
|    clip_fraction        | 0.000354     |
|    clip_range           | 0.2          |
|    entropy_loss         | -1.17        |
|    explained_variance   | 0.955        |
|    learning_rate        | 0.0003       |
|    loss                 | 74.7         |
|    n_updates            | 3120         |
|    policy_gradient_loss | -0.000346    |
|    std                  | 0.778        |
|    value_loss           | 532          |
------------------------------------------
------------------------------------------
| rollout/                |              |
|    ep_len_mean          | 965          |
|    ep_rew_mean          | -989         |
| time/                   |              |
|    fps                  | 3125         |
|    iterations           | 256          |
|    time_elapsed         | 670          |
|    total_timesteps      | 2097152      |
| train/                  |              |
|    approx_kl            | 4.640741e-05 |
|    clip_fraction        | 0            |
|    clip_range           | 0.2          |
|    entropy_loss         | -1.17        |
|    explained_variance   | 0.985        |
|    learning_rate        | 0.0003       |
|    loss                 | 9.67         |
|    n_updates            | 3130         |
|    policy_gradient_loss | 0.000159     |
|    std                  | 0.781        |
|    value_loss           | 60.8         |
------------------------------------------
------------------------------------------
| rollout/                |              |
|    ep_len_mean          | 965          |
|    ep_rew_mean          | -972         |
| time/                   |              |
|    fps                  | 3126         |
|    iterations           | 257          |
|    time_elapsed         | 673          |
|    total_timesteps      | 2105344      |
| train/                  |              |
|    approx_kl            | 0.0022627763 |
|    clip_fraction        | 0.00424      |
|    clip_range           | 0.2          |
|    entropy_loss         | -1.17        |
|    explained_variance   | 0.931        |
|    learning_rate        | 0.0003       |
|    loss                 | 148          |
|    n_updates            | 3140         |
|    policy_gradient_loss | -0.000972    |
|    std                  | 0.783        |
|    value_loss           | 187          |
------------------------------------------
------------------------------------------
| rollout/                |              |
|    ep_len_mean          | 965          |
|    ep_rew_mean          | -980         |
| time/                   |              |
|    fps                  | 3127         |
|    iterations           | 258          |
|    time_elapsed         | 675          |
|    total_timesteps      | 2113536      |
| train/                  |              |
|    approx_kl            | 0.0023254901 |
|    clip_fraction        | 0.00278      |
|    clip_range           | 0.2          |
|    entropy_loss         | -1.17        |
|    explained_variance   | 0.976        |
|    learning_rate        | 0.0003       |
|    loss                 | 211          |
|    n_updates            | 3150         |
|    policy_gradient_loss | -0.000454    |
|    std                  | 0.784        |
|    value_loss           | 799          |
------------------------------------------
------------------------------------------
| rollout/                |              |
|    ep_len_mean          | 965          |
|    ep_rew_mean          | -988         |
| time/                   |              |
|    fps                  | 3129         |
|    iterations           | 259          |
|    time_elapsed         | 678          |
|    total_timesteps      | 2121728      |
| train/                  |              |
|    approx_kl            | 0.0007570521 |
|    clip_fraction        | 0.00265      |
|    clip_range           | 0.2          |
|    entropy_loss         | -1.18        |
|    explained_variance   | 0.954        |
|    learning_rate        | 0.0003       |
|    loss                 | 2.73         |
|    n_updates            | 3160         |
|    policy_gradient_loss | -0.000533    |
|    std                  | 0.787        |
|    value_loss           | 317          |
------------------------------------------
------------------------------------------
| rollout/                |              |
|    ep_len_mean          | 974          |
|    ep_rew_mean          | -925         |
| time/                   |              |
|    fps                  | 3130         |
|    iterations           | 260          |
|    time_elapsed         | 680          |
|    total_timesteps      | 2129920      |
| train/                  |              |
|    approx_kl            | 0.0018074889 |
|    clip_fraction        | 0.00594      |
|    clip_range           | 0.2          |
|    entropy_loss         | -1.18        |
|    explained_variance   | 0.969        |
|    learning_rate        | 0.0003       |
|    loss                 | 289          |
|    n_updates            | 3170         |
|    policy_gradient_loss | -0.0029      |
|    std                  | 0.792        |
|    value_loss           | 348          |
------------------------------------------
-------------------------------------------
| rollout/                |               |
|    ep_len_mean          | 965           |
|    ep_rew_mean          | -1.02e+03     |
| time/                   |               |
|    fps                  | 3131          |
|    iterations           | 261           |
|    time_elapsed         | 682           |
|    total_timesteps      | 2138112       |
| train/                  |               |
|    approx_kl            | 0.00063658284 |
|    clip_fraction        | 0.000854      |
|    clip_range           | 0.2           |
|    entropy_loss         | -1.18         |
|    explained_variance   | 0.989         |
|    learning_rate        | 0.0003        |
|    loss                 | 4.3           |
|    n_updates            | 3180          |
|    policy_gradient_loss | -8.41e-06     |
|    std                  | 0.79          |
|    value_loss           | 113           |
-------------------------------------------
-------------------------------------------
| rollout/                |               |
|    ep_len_mean          | 974           |
|    ep_rew_mean          | -960          |
| time/                   |               |
|    fps                  | 3132          |
|    iterations           | 262           |
|    time_elapsed         | 685           |
|    total_timesteps      | 2146304       |
| train/                  |               |
|    approx_kl            | 0.00044818118 |
|    clip_fraction        | 0.00072       |
|    clip_range           | 0.2           |
|    entropy_loss         | -1.18         |
|    explained_variance   | 0.96          |
|    learning_rate        | 0.0003        |
|    loss                 | 865           |
|    n_updates            | 3190          |
|    policy_gradient_loss | -0.000471     |
|    std                  | 0.79          |
|    value_loss           | 1.2e+03       |
-------------------------------------------
-----------------------------------------
| rollout/                |             |
|    ep_len_mean          | 974         |
|    ep_rew_mean          | -946        |
| time/                   |             |
|    fps                  | 3133        |
|    iterations           | 263         |
|    time_elapsed         | 687         |
|    total_timesteps      | 2154496     |
| train/                  |             |
|    approx_kl            | 0.004901058 |
|    clip_fraction        | 0.0196      |
|    clip_range           | 0.2         |
|    entropy_loss         | -1.19       |
|    explained_variance   | 0.985       |
|    learning_rate        | 0.0003      |
|    loss                 | 10.2        |
|    n_updates            | 3200        |
|    policy_gradient_loss | -0.000427   |
|    std                  | 0.804       |
|    value_loss           | 23.3        |
-----------------------------------------
------------------------------------------
| rollout/                |              |
|    ep_len_mean          | 956          |
|    ep_rew_mean          | -956         |
| time/                   |              |
|    fps                  | 3134         |
|    iterations           | 264          |
|    time_elapsed         | 689          |
|    total_timesteps      | 2162688      |
| train/                  |              |
|    approx_kl            | 0.0004928256 |
|    clip_fraction        | 0.00387      |
|    clip_range           | 0.2          |
|    entropy_loss         | -1.21        |
|    explained_variance   | 0.975        |
|    learning_rate        | 0.0003       |
|    loss                 | 130          |
|    n_updates            | 3210         |
|    policy_gradient_loss | -0.00167     |
|    std                  | 0.814        |
|    value_loss           | 271          |
------------------------------------------
-----------------------------------------
| rollout/                |             |
|    ep_len_mean          | 956         |
|    ep_rew_mean          | -1.01e+03   |
| time/                   |             |
|    fps                  | 3136        |
|    iterations           | 265         |
|    time_elapsed         | 692         |
|    total_timesteps      | 2170880     |
| train/                  |             |
|    approx_kl            | 0.002116385 |
|    clip_fraction        | 0.00316     |
|    clip_range           | 0.2         |
|    entropy_loss         | -1.21       |
|    explained_variance   | 0.963       |
|    learning_rate        | 0.0003      |
|    loss                 | 95.3        |
|    n_updates            | 3220        |
|    policy_gradient_loss | -0.000903   |
|    std                  | 0.816       |
|    value_loss           | 1.03e+03    |
-----------------------------------------
------------------------------------------
| rollout/                |              |
|    ep_len_mean          | 947          |
|    ep_rew_mean          | -1.02e+03    |
| time/                   |              |
|    fps                  | 3137         |
|    iterations           | 266          |
|    time_elapsed         | 694          |
|    total_timesteps      | 2179072      |
| train/                  |              |
|    approx_kl            | 0.0014428352 |
|    clip_fraction        | 0.00658      |
|    clip_range           | 0.2          |
|    entropy_loss         | -1.22        |
|    explained_variance   | 0.959        |
|    learning_rate        | 0.0003       |
|    loss                 | 231          |
|    n_updates            | 3230         |
|    policy_gradient_loss | -0.00194     |
|    std                  | 0.818        |
|    value_loss           | 1.18e+03     |
------------------------------------------
------------------------------------------
| rollout/                |              |
|    ep_len_mean          | 947          |
|    ep_rew_mean          | -1.04e+03    |
| time/                   |              |
|    fps                  | 3138         |
|    iterations           | 267          |
|    time_elapsed         | 696          |
|    total_timesteps      | 2187264      |
| train/                  |              |
|    approx_kl            | 0.0026535518 |
|    clip_fraction        | 0.00347      |
|    clip_range           | 0.2          |
|    entropy_loss         | -1.22        |
|    explained_variance   | 0.975        |
|    learning_rate        | 0.0003       |
|    loss                 | 40.5         |
|    n_updates            | 3240         |
|    policy_gradient_loss | -0.000396    |
|    std                  | 0.817        |
|    value_loss           | 167          |
------------------------------------------
------------------------------------------
| rollout/                |              |
|    ep_len_mean          | 956          |
|    ep_rew_mean          | -1.04e+03    |
| time/                   |              |
|    fps                  | 3139         |
|    iterations           | 268          |
|    time_elapsed         | 699          |
|    total_timesteps      | 2195456      |
| train/                  |              |
|    approx_kl            | 0.0019972424 |
|    clip_fraction        | 0.00122      |
|    clip_range           | 0.2          |
|    entropy_loss         | -1.22        |
|    explained_variance   | 0.951        |
|    learning_rate        | 0.0003       |
|    loss                 | 214          |
|    n_updates            | 3250         |
|    policy_gradient_loss | 0.000346     |
|    std                  | 0.817        |
|    value_loss           | 747          |
------------------------------------------
------------------------------------------
| rollout/                |              |
|    ep_len_mean          | 956          |
|    ep_rew_mean          | -1.02e+03    |
| time/                   |              |
|    fps                  | 3140         |
|    iterations           | 269          |
|    time_elapsed         | 701          |
|    total_timesteps      | 2203648      |
| train/                  |              |
|    approx_kl            | 0.0027634352 |
|    clip_fraction        | 0.0113       |
|    clip_range           | 0.2          |
|    entropy_loss         | -1.22        |
|    explained_variance   | 0.982        |
|    learning_rate        | 0.0003       |
|    loss                 | 45.7         |
|    n_updates            | 3260         |
|    policy_gradient_loss | -6.33e-05    |
|    std                  | 0.819        |
|    value_loss           | 197          |
------------------------------------------
------------------------------------------
| rollout/                |              |
|    ep_len_mean          | 947          |
|    ep_rew_mean          | -1.03e+03    |
| time/                   |              |
|    fps                  | 3141         |
|    iterations           | 270          |
|    time_elapsed         | 703          |
|    total_timesteps      | 2211840      |
| train/                  |              |
|    approx_kl            | 0.0007791078 |
|    clip_fraction        | 0.00166      |
|    clip_range           | 0.2          |
|    entropy_loss         | -1.22        |
|    explained_variance   | 0.972        |
|    learning_rate        | 0.0003       |
|    loss                 | 8.69         |
|    n_updates            | 3270         |
|    policy_gradient_loss | -0.000565    |
|    std                  | 0.822        |
|    value_loss           | 496          |
------------------------------------------
------------------------------------------
| rollout/                |              |
|    ep_len_mean          | 947          |
|    ep_rew_mean          | -1.07e+03    |
| time/                   |              |
|    fps                  | 3143         |
|    iterations           | 271          |
|    time_elapsed         | 706          |
|    total_timesteps      | 2220032      |
| train/                  |              |
|    approx_kl            | 0.0028261342 |
|    clip_fraction        | 0.00382      |
|    clip_range           | 0.2          |
|    entropy_loss         | -1.23        |
|    explained_variance   | 0.951        |
|    learning_rate        | 0.0003       |
|    loss                 | 134          |
|    n_updates            | 3280         |
|    policy_gradient_loss | -0.000595    |
|    std                  | 0.828        |
|    value_loss           | 553          |
------------------------------------------
-----------------------------------------
| rollout/                |             |
|    ep_len_mean          | 947         |
|    ep_rew_mean          | -1.04e+03   |
| time/                   |             |
|    fps                  | 3143        |
|    iterations           | 272         |
|    time_elapsed         | 708         |
|    total_timesteps      | 2228224     |
| train/                  |             |
|    approx_kl            | 0.001331524 |
|    clip_fraction        | 0.025       |
|    clip_range           | 0.2         |
|    entropy_loss         | -1.23       |
|    explained_variance   | 0.991       |
|    learning_rate        | 0.0003      |
|    loss                 | 0.47        |
|    n_updates            | 3290        |
|    policy_gradient_loss | 0.000718    |
|    std                  | 0.823       |
|    value_loss           | 5.75        |
-----------------------------------------
------------------------------------------
| rollout/                |              |
|    ep_len_mean          | 956          |
|    ep_rew_mean          | -1.03e+03    |
| time/                   |              |
|    fps                  | 3145         |
|    iterations           | 273          |
|    time_elapsed         | 711          |
|    total_timesteps      | 2236416      |
| train/                  |              |
|    approx_kl            | 0.0010516767 |
|    clip_fraction        | 0.00634      |
|    clip_range           | 0.2          |
|    entropy_loss         | -1.22        |
|    explained_variance   | 0.963        |
|    learning_rate        | 0.0003       |
|    loss                 | 158          |
|    n_updates            | 3300         |
|    policy_gradient_loss | -2.07e-05    |
|    std                  | 0.823        |
|    value_loss           | 710          |
------------------------------------------
Eval num_timesteps=2240000, episode_reward=-1102.61 +/- 909.77
Episode length: 1001.00 +/- 0.00
-------------------------------------------
| eval/                   |               |
|    mean_ep_length       | 1e+03         |
|    mean_reward          | -1.1e+03      |
| time/                   |               |
|    total_timesteps      | 2240000       |
| train/                  |               |
|    approx_kl            | 0.00048834836 |
|    clip_fraction        | 0.00251       |
|    clip_range           | 0.2           |
|    entropy_loss         | -1.22         |
|    explained_variance   | 0.987         |
|    learning_rate        | 0.0003        |
|    loss                 | 47.1          |
|    n_updates            | 3310          |
|    policy_gradient_loss | -0.00171      |
|    std                  | 0.823         |
|    value_loss           | 261           |
-------------------------------------------
----------------------------------
| rollout/           |           |
|    ep_len_mean     | 956       |
|    ep_rew_mean     | -1.01e+03 |
| time/              |           |
|    fps             | 3121      |
|    iterations      | 274       |
|    time_elapsed    | 719       |
|    total_timesteps | 2244608   |
----------------------------------
------------------------------------------
| rollout/                |              |
|    ep_len_mean          | 965          |
|    ep_rew_mean          | -980         |
| time/                   |              |
|    fps                  | 3122         |
|    iterations           | 275          |
|    time_elapsed         | 721          |
|    total_timesteps      | 2252800      |
| train/                  |              |
|    approx_kl            | 0.0017080214 |
|    clip_fraction        | 0.0192       |
|    clip_range           | 0.2          |
|    entropy_loss         | -1.23        |
|    explained_variance   | 0.996        |
|    learning_rate        | 0.0003       |
|    loss                 | 4.74         |
|    n_updates            | 3320         |
|    policy_gradient_loss | -0.000958    |
|    std                  | 0.833        |
|    value_loss           | 10.2         |
------------------------------------------
------------------------------------------
| rollout/                |              |
|    ep_len_mean          | 974          |
|    ep_rew_mean          | -988         |
| time/                   |              |
|    fps                  | 3123         |
|    iterations           | 276          |
|    time_elapsed         | 723          |
|    total_timesteps      | 2260992      |
| train/                  |              |
|    approx_kl            | 0.0023829453 |
|    clip_fraction        | 0.011        |
|    clip_range           | 0.2          |
|    entropy_loss         | -1.24        |
|    explained_variance   | 0.98         |
|    learning_rate        | 0.0003       |
|    loss                 | 9.44         |
|    n_updates            | 3330         |
|    policy_gradient_loss | -0.000276    |
|    std                  | 0.841        |
|    value_loss           | 121          |
------------------------------------------
-------------------------------------------
| rollout/                |               |
|    ep_len_mean          | 983           |
|    ep_rew_mean          | -965          |
| time/                   |               |
|    fps                  | 3124          |
|    iterations           | 277           |
|    time_elapsed         | 726           |
|    total_timesteps      | 2269184       |
| train/                  |               |
|    approx_kl            | 0.00049698236 |
|    clip_fraction        | 0.00061       |
|    clip_range           | 0.2           |
|    entropy_loss         | -1.25         |
|    explained_variance   | 0.936         |
|    learning_rate        | 0.0003        |
|    loss                 | 447           |
|    n_updates            | 3340          |
|    policy_gradient_loss | -0.000122     |
|    std                  | 0.845         |
|    value_loss           | 1.14e+03      |
-------------------------------------------
------------------------------------------
| rollout/                |              |
|    ep_len_mean          | 983          |
|    ep_rew_mean          | -964         |
| time/                   |              |
|    fps                  | 3125         |
|    iterations           | 278          |
|    time_elapsed         | 728          |
|    total_timesteps      | 2277376      |
| train/                  |              |
|    approx_kl            | 0.0030585858 |
|    clip_fraction        | 0.0113       |
|    clip_range           | 0.2          |
|    entropy_loss         | -1.25        |
|    explained_variance   | 0.976        |
|    learning_rate        | 0.0003       |
|    loss                 | 7.25         |
|    n_updates            | 3350         |
|    policy_gradient_loss | -0.000939    |
|    std                  | 0.849        |
|    value_loss           | 301          |
------------------------------------------
------------------------------------------
| rollout/                |              |
|    ep_len_mean          | 983          |
|    ep_rew_mean          | -957         |
| time/                   |              |
|    fps                  | 3127         |
|    iterations           | 279          |
|    time_elapsed         | 730          |
|    total_timesteps      | 2285568      |
| train/                  |              |
|    approx_kl            | 0.0023496067 |
|    clip_fraction        | 0.00245      |
|    clip_range           | 0.2          |
|    entropy_loss         | -1.26        |
|    explained_variance   | 0.966        |
|    learning_rate        | 0.0003       |
|    loss                 | 81.8         |
|    n_updates            | 3360         |
|    policy_gradient_loss | -0.000371    |
|    std                  | 0.852        |
|    value_loss           | 188          |
------------------------------------------
------------------------------------------
| rollout/                |              |
|    ep_len_mean          | 973          |
|    ep_rew_mean          | -886         |
| time/                   |              |
|    fps                  | 3128         |
|    iterations           | 280          |
|    time_elapsed         | 733          |
|    total_timesteps      | 2293760      |
| train/                  |              |
|    approx_kl            | 0.0013788596 |
|    clip_fraction        | 0.0343       |
|    clip_range           | 0.2          |
|    entropy_loss         | -1.26        |
|    explained_variance   | 0.928        |
|    learning_rate        | 0.0003       |
|    loss                 | 866          |
|    n_updates            | 3370         |
|    policy_gradient_loss | -0.00166     |
|    std                  | 0.863        |
|    value_loss           | 885          |
------------------------------------------
------------------------------------------
| rollout/                |              |
|    ep_len_mean          | 983          |
|    ep_rew_mean          | -896         |
| time/                   |              |
|    fps                  | 3129         |
|    iterations           | 281          |
|    time_elapsed         | 735          |
|    total_timesteps      | 2301952      |
| train/                  |              |
|    approx_kl            | 0.0044551436 |
|    clip_fraction        | 0.0249       |
|    clip_range           | 0.2          |
|    entropy_loss         | -1.27        |
|    explained_variance   | 0.971        |
|    learning_rate        | 0.0003       |
|    loss                 | 344          |
|    n_updates            | 3380         |
|    policy_gradient_loss | -0.00132     |
|    std                  | 0.865        |
|    value_loss           | 634          |
------------------------------------------
------------------------------------------
| rollout/                |              |
|    ep_len_mean          | 983          |
|    ep_rew_mean          | -884         |
| time/                   |              |
|    fps                  | 3130         |
|    iterations           | 282          |
|    time_elapsed         | 738          |
|    total_timesteps      | 2310144      |
| train/                  |              |
|    approx_kl            | 0.0035607985 |
|    clip_fraction        | 0.0166       |
|    clip_range           | 0.2          |
|    entropy_loss         | -1.27        |
|    explained_variance   | 0.953        |
|    learning_rate        | 0.0003       |
|    loss                 | 107          |
|    n_updates            | 3390         |
|    policy_gradient_loss | -0.00133     |
|    std                  | 0.865        |
|    value_loss           | 1.03e+03     |
------------------------------------------
-----------------------------------------
| rollout/                |             |
|    ep_len_mean          | 974         |
|    ep_rew_mean          | -894        |
| time/                   |             |
|    fps                  | 3130        |
|    iterations           | 283         |
|    time_elapsed         | 740         |
|    total_timesteps      | 2318336     |
| train/                  |             |
|    approx_kl            | 0.005805058 |
|    clip_fraction        | 0.0567      |
|    clip_range           | 0.2         |
|    entropy_loss         | -1.27       |
|    explained_variance   | 0.965       |
|    learning_rate        | 0.0003      |
|    loss                 | 0.801       |
|    n_updates            | 3400        |
|    policy_gradient_loss | -0.000563   |
|    std                  | 0.859       |
|    value_loss           | 1.89        |
-----------------------------------------
-------------------------------------------
| rollout/                |               |
|    ep_len_mean          | 974           |
|    ep_rew_mean          | -901          |
| time/                   |               |
|    fps                  | 3131          |
|    iterations           | 284           |
|    time_elapsed         | 742           |
|    total_timesteps      | 2326528       |
| train/                  |               |
|    approx_kl            | 0.00078190566 |
|    clip_fraction        | 0.00186       |
|    clip_range           | 0.2           |
|    entropy_loss         | -1.27         |
|    explained_variance   | 0.954         |
|    learning_rate        | 0.0003        |
|    loss                 | 17.6          |
|    n_updates            | 3410          |
|    policy_gradient_loss | -4.45e-05     |
|    std                  | 0.86          |
|    value_loss           | 563           |
-------------------------------------------
------------------------------------------
| rollout/                |              |
|    ep_len_mean          | 974          |
|    ep_rew_mean          | -871         |
| time/                   |              |
|    fps                  | 3132         |
|    iterations           | 285          |
|    time_elapsed         | 745          |
|    total_timesteps      | 2334720      |
| train/                  |              |
|    approx_kl            | 0.0008372581 |
|    clip_fraction        | 0            |
|    clip_range           | 0.2          |
|    entropy_loss         | -1.27        |
|    explained_variance   | 0.984        |
|    learning_rate        | 0.0003       |
|    loss                 | 41.4         |
|    n_updates            | 3420         |
|    policy_gradient_loss | -9.8e-05     |
|    std                  | 0.861        |
|    value_loss           | 207          |
------------------------------------------
-------------------------------------------
| rollout/                |               |
|    ep_len_mean          | 974           |
|    ep_rew_mean          | -874          |
| time/                   |               |
|    fps                  | 3133          |
|    iterations           | 286           |
|    time_elapsed         | 747           |
|    total_timesteps      | 2342912       |
| train/                  |               |
|    approx_kl            | 0.00063839223 |
|    clip_fraction        | 0.00106       |
|    clip_range           | 0.2           |
|    entropy_loss         | -1.27         |
|    explained_variance   | 0.959         |
|    learning_rate        | 0.0003        |
|    loss                 | 1.51e+03      |
|    n_updates            | 3430          |
|    policy_gradient_loss | -0.000593     |
|    std                  | 0.862         |
|    value_loss           | 1.87e+03      |
-------------------------------------------
------------------------------------------
| rollout/                |              |
|    ep_len_mean          | 974          |
|    ep_rew_mean          | -890         |
| time/                   |              |
|    fps                  | 3134         |
|    iterations           | 287          |
|    time_elapsed         | 749          |
|    total_timesteps      | 2351104      |
| train/                  |              |
|    approx_kl            | 0.0036254784 |
|    clip_fraction        | 0.017        |
|    clip_range           | 0.2          |
|    entropy_loss         | -1.27        |
|    explained_variance   | 0.988        |
|    learning_rate        | 0.0003       |
|    loss                 | 4.17         |
|    n_updates            | 3440         |
|    policy_gradient_loss | -0.000851    |
|    std                  | 0.865        |
|    value_loss           | 41.4         |
------------------------------------------
-----------------------------------------
| rollout/                |             |
|    ep_len_mean          | 974         |
|    ep_rew_mean          | -886        |
| time/                   |             |
|    fps                  | 3135        |
|    iterations           | 288         |
|    time_elapsed         | 752         |
|    total_timesteps      | 2359296     |
| train/                  |             |
|    approx_kl            | 0.001351413 |
|    clip_fraction        | 0.00294     |
|    clip_range           | 0.2         |
|    entropy_loss         | -1.28       |
|    explained_variance   | 0.986       |
|    learning_rate        | 0.0003      |
|    loss                 | 5.63        |
|    n_updates            | 3450        |
|    policy_gradient_loss | 0.000143    |
|    std                  | 0.87        |
|    value_loss           | 19.4        |
-----------------------------------------
--------------------------------------------
| rollout/                |                |
|    ep_len_mean          | 974            |
|    ep_rew_mean          | -914           |
| time/                   |                |
|    fps                  | 3136           |
|    iterations           | 289            |
|    time_elapsed         | 754            |
|    total_timesteps      | 2367488        |
| train/                  |                |
|    approx_kl            | 0.000100547324 |
|    clip_fraction        | 2.44e-05       |
|    clip_range           | 0.2            |
|    entropy_loss         | -1.28          |
|    explained_variance   | 0.974          |
|    learning_rate        | 0.0003         |
|    loss                 | 80.8           |
|    n_updates            | 3460           |
|    policy_gradient_loss | -8.98e-05      |
|    std                  | 0.867          |
|    value_loss           | 552            |
--------------------------------------------
-------------------------------------------
| rollout/                |               |
|    ep_len_mean          | 974           |
|    ep_rew_mean          | -924          |
| time/                   |               |
|    fps                  | 3137          |
|    iterations           | 290           |
|    time_elapsed         | 757           |
|    total_timesteps      | 2375680       |
| train/                  |               |
|    approx_kl            | 0.00028212732 |
|    clip_fraction        | 0.000293      |
|    clip_range           | 0.2           |
|    entropy_loss         | -1.28         |
|    explained_variance   | 0.936         |
|    learning_rate        | 0.0003        |
|    loss                 | 329           |
|    n_updates            | 3470          |
|    policy_gradient_loss | -0.000446     |
|    std                  | 0.871         |
|    value_loss           | 1.04e+03      |
-------------------------------------------
-----------------------------------------
| rollout/                |             |
|    ep_len_mean          | 983         |
|    ep_rew_mean          | -898        |
| time/                   |             |
|    fps                  | 3138        |
|    iterations           | 291         |
|    time_elapsed         | 759         |
|    total_timesteps      | 2383872     |
| train/                  |             |
|    approx_kl            | 0.003213117 |
|    clip_fraction        | 0.0366      |
|    clip_range           | 0.2         |
|    entropy_loss         | -1.28       |
|    explained_variance   | 0.995       |
|    learning_rate        | 0.0003      |
|    loss                 | 0.415       |
|    n_updates            | 3480        |
|    policy_gradient_loss | 0.00205     |
|    std                  | 0.88        |
|    value_loss           | 2.71        |
-----------------------------------------
-------------------------------------------
| rollout/                |               |
|    ep_len_mean          | 992           |
|    ep_rew_mean          | -908          |
| time/                   |               |
|    fps                  | 3139          |
|    iterations           | 292           |
|    time_elapsed         | 761           |
|    total_timesteps      | 2392064       |
| train/                  |               |
|    approx_kl            | 0.00018078907 |
|    clip_fraction        | 0.0201        |
|    clip_range           | 0.2           |
|    entropy_loss         | -1.3          |
|    explained_variance   | 0.965         |
|    learning_rate        | 0.0003        |
|    loss                 | 1.23          |
|    n_updates            | 3490          |
|    policy_gradient_loss | -1.5e-05      |
|    std                  | 0.887         |
|    value_loss           | 305           |
-------------------------------------------
Eval num_timesteps=2400000, episode_reward=-578.98 +/- 694.00
Episode length: 1001.00 +/- 0.00
------------------------------------------
| eval/                   |              |
|    mean_ep_length       | 1e+03        |
|    mean_reward          | -579         |
| time/                   |              |
|    total_timesteps      | 2400000      |
| train/                  |              |
|    approx_kl            | 2.455726e-05 |
|    clip_fraction        | 0            |
|    clip_range           | 0.2          |
|    entropy_loss         | -1.3         |
|    explained_variance   | 0.97         |
|    learning_rate        | 0.0003       |
|    loss                 | 65.9         |
|    n_updates            | 3500         |
|    policy_gradient_loss | 5.53e-05     |
|    std                  | 0.886        |
|    value_loss           | 689          |
------------------------------------------
---------------------------------
| rollout/           |          |
|    ep_len_mean     | 983      |
|    ep_rew_mean     | -912     |
| time/              |          |
|    fps             | 3118     |
|    iterations      | 293      |
|    time_elapsed    | 769      |
|    total_timesteps | 2400256  |
---------------------------------
------------------------------------------
| rollout/                |              |
|    ep_len_mean          | 983          |
|    ep_rew_mean          | -936         |
| time/                   |              |
|    fps                  | 3119         |
|    iterations           | 294          |
|    time_elapsed         | 772          |
|    total_timesteps      | 2408448      |
| train/                  |              |
|    approx_kl            | 0.0009797541 |
|    clip_fraction        | 0.00166      |
|    clip_range           | 0.2          |
|    entropy_loss         | -1.3         |
|    explained_variance   | 0.976        |
|    learning_rate        | 0.0003       |
|    loss                 | 137          |
|    n_updates            | 3510         |
|    policy_gradient_loss | -0.000872    |
|    std                  | 0.886        |
|    value_loss           | 225          |
------------------------------------------
------------------------------------------
| rollout/                |              |
|    ep_len_mean          | 992          |
|    ep_rew_mean          | -923         |
| time/                   |              |
|    fps                  | 3120         |
|    iterations           | 295          |
|    time_elapsed         | 774          |
|    total_timesteps      | 2416640      |
| train/                  |              |
|    approx_kl            | 0.0005625059 |
|    clip_fraction        | 0.000208     |
|    clip_range           | 0.2          |
|    entropy_loss         | -1.3         |
|    explained_variance   | 0.983        |
|    learning_rate        | 0.0003       |
|    loss                 | 4.63         |
|    n_updates            | 3520         |
|    policy_gradient_loss | -0.00029     |
|    std                  | 0.885        |
|    value_loss           | 144          |
------------------------------------------
------------------------------------------
| rollout/                |              |
|    ep_len_mean          | 992          |
|    ep_rew_mean          | -855         |
| time/                   |              |
|    fps                  | 3121         |
|    iterations           | 296          |
|    time_elapsed         | 776          |
|    total_timesteps      | 2424832      |
| train/                  |              |
|    approx_kl            | 0.0015615266 |
|    clip_fraction        | 0.0983       |
|    clip_range           | 0.2          |
|    entropy_loss         | -1.3         |
|    explained_variance   | 0.975        |
|    learning_rate        | 0.0003       |
|    loss                 | 3.51         |
|    n_updates            | 3530         |
|    policy_gradient_loss | 0.000618     |
|    std                  | 0.887        |
|    value_loss           | 291          |
------------------------------------------
------------------------------------------
| rollout/                |              |
|    ep_len_mean          | 983          |
|    ep_rew_mean          | -878         |
| time/                   |              |
|    fps                  | 3122         |
|    iterations           | 297          |
|    time_elapsed         | 779          |
|    total_timesteps      | 2433024      |
| train/                  |              |
|    approx_kl            | 0.0004955827 |
|    clip_fraction        | 0.00022      |
|    clip_range           | 0.2          |
|    entropy_loss         | -1.3         |
|    explained_variance   | 0.985        |
|    learning_rate        | 0.0003       |
|    loss                 | 58.2         |
|    n_updates            | 3540         |
|    policy_gradient_loss | -0.000306    |
|    std                  | 0.888        |
|    value_loss           | 237          |
------------------------------------------
------------------------------------------
| rollout/                |              |
|    ep_len_mean          | 983          |
|    ep_rew_mean          | -899         |
| time/                   |              |
|    fps                  | 3122         |
|    iterations           | 298          |
|    time_elapsed         | 781          |
|    total_timesteps      | 2441216      |
| train/                  |              |
|    approx_kl            | 0.0005676748 |
|    clip_fraction        | 0.00303      |
|    clip_range           | 0.2          |
|    entropy_loss         | -1.3         |
|    explained_variance   | 0.961        |
|    learning_rate        | 0.0003       |
|    loss                 | 370          |
|    n_updates            | 3550         |
|    policy_gradient_loss | -0.00143     |
|    std                  | 0.888        |
|    value_loss           | 906          |
------------------------------------------
-----------------------------------------
| rollout/                |             |
|    ep_len_mean          | 983         |
|    ep_rew_mean          | -909        |
| time/                   |             |
|    fps                  | 3123        |
|    iterations           | 299         |
|    time_elapsed         | 784         |
|    total_timesteps      | 2449408     |
| train/                  |             |
|    approx_kl            | 0.043008827 |
|    clip_fraction        | 0.108       |
|    clip_range           | 0.2         |
|    entropy_loss         | -1.31       |
|    explained_variance   | 0.991       |
|    learning_rate        | 0.0003      |
|    loss                 | 0.811       |
|    n_updates            | 3560        |
|    policy_gradient_loss | -0.000812   |
|    std                  | 0.906       |
|    value_loss           | 11.1        |
-----------------------------------------
------------------------------------------
| rollout/                |              |
|    ep_len_mean          | 983          |
|    ep_rew_mean          | -892         |
| time/                   |              |
|    fps                  | 3124         |
|    iterations           | 300          |
|    time_elapsed         | 786          |
|    total_timesteps      | 2457600      |
| train/                  |              |
|    approx_kl            | 0.0006889795 |
|    clip_fraction        | 0.0841       |
|    clip_range           | 0.2          |
|    entropy_loss         | -1.32        |
|    explained_variance   | 0.994        |
|    learning_rate        | 0.0003       |
|    loss                 | 2.32         |
|    n_updates            | 3570         |
|    policy_gradient_loss | 0.000349     |
|    std                  | 0.909        |
|    value_loss           | 23.7         |
------------------------------------------
-------------------------------------------
| rollout/                |               |
|    ep_len_mean          | 956           |
|    ep_rew_mean          | -909          |
| time/                   |               |
|    fps                  | 3125          |
|    iterations           | 301           |
|    time_elapsed         | 789           |
|    total_timesteps      | 2465792       |
| train/                  |               |
|    approx_kl            | 0.00034023367 |
|    clip_fraction        | 0.000232      |
|    clip_range           | 0.2           |
|    entropy_loss         | -1.32         |
|    explained_variance   | 0.988         |
|    learning_rate        | 0.0003        |
|    loss                 | 71.9          |
|    n_updates            | 3580          |
|    policy_gradient_loss | -0.000253     |
|    std                  | 0.909         |
|    value_loss           | 134           |
-------------------------------------------
------------------------------------------
| rollout/                |              |
|    ep_len_mean          | 956          |
|    ep_rew_mean          | -900         |
| time/                   |              |
|    fps                  | 3125         |
|    iterations           | 302          |
|    time_elapsed         | 791          |
|    total_timesteps      | 2473984      |
| train/                  |              |
|    approx_kl            | 4.938066e-05 |
|    clip_fraction        | 0            |
|    clip_range           | 0.2          |
|    entropy_loss         | -1.32        |
|    explained_variance   | 0.961        |
|    learning_rate        | 0.0003       |
|    loss                 | 915          |
|    n_updates            | 3590         |
|    policy_gradient_loss | -5.45e-05    |
|    std                  | 0.91         |
|    value_loss           | 787          |
------------------------------------------
------------------------------------------
| rollout/                |              |
|    ep_len_mean          | 956          |
|    ep_rew_mean          | -903         |
| time/                   |              |
|    fps                  | 3126         |
|    iterations           | 303          |
|    time_elapsed         | 793          |
|    total_timesteps      | 2482176      |
| train/                  |              |
|    approx_kl            | 0.0025322493 |
|    clip_fraction        | 0.101        |
|    clip_range           | 0.2          |
|    entropy_loss         | -1.32        |
|    explained_variance   | 0.991        |
|    learning_rate        | 0.0003       |
|    loss                 | 2.69         |
|    n_updates            | 3600         |
|    policy_gradient_loss | -0.0016      |
|    std                  | 0.911        |
|    value_loss           | 6.23         |
------------------------------------------
------------------------------------------
| rollout/                |              |
|    ep_len_mean          | 956          |
|    ep_rew_mean          | -902         |
| time/                   |              |
|    fps                  | 3127         |
|    iterations           | 304          |
|    time_elapsed         | 796          |
|    total_timesteps      | 2490368      |
| train/                  |              |
|    approx_kl            | 0.0005590541 |
|    clip_fraction        | 0.0118       |
|    clip_range           | 0.2          |
|    entropy_loss         | -1.33        |
|    explained_variance   | 0.964        |
|    learning_rate        | 0.0003       |
|    loss                 | 95.8         |
|    n_updates            | 3610         |
|    policy_gradient_loss | -0.000283    |
|    std                  | 0.921        |
|    value_loss           | 337          |
------------------------------------------
------------------------------------------
| rollout/                |              |
|    ep_len_mean          | 956          |
|    ep_rew_mean          | -895         |
| time/                   |              |
|    fps                  | 3129         |
|    iterations           | 305          |
|    time_elapsed         | 798          |
|    total_timesteps      | 2498560      |
| train/                  |              |
|    approx_kl            | 5.743972e-05 |
|    clip_fraction        | 0            |
|    clip_range           | 0.2          |
|    entropy_loss         | -1.34        |
|    explained_variance   | 0.989        |
|    learning_rate        | 0.0003       |
|    loss                 | 5.54         |
|    n_updates            | 3620         |
|    policy_gradient_loss | 0.000156     |
|    std                  | 0.921        |
|    value_loss           | 39.2         |
------------------------------------------
-----------------------------------------
| rollout/                |             |
|    ep_len_mean          | 956         |
|    ep_rew_mean          | -876        |
| time/                   |             |
|    fps                  | 3130        |
|    iterations           | 306         |
|    time_elapsed         | 800         |
|    total_timesteps      | 2506752     |
| train/                  |             |
|    approx_kl            | 0.001604188 |
|    clip_fraction        | 0.00275     |
|    clip_range           | 0.2         |
|    entropy_loss         | -1.34       |
|    explained_variance   | 0.963       |
|    learning_rate        | 0.0003      |
|    loss                 | 118         |
|    n_updates            | 3630        |
|    policy_gradient_loss | -0.000491   |
|    std                  | 0.921       |
|    value_loss           | 286         |
-----------------------------------------
------------------------------------------
| rollout/                |              |
|    ep_len_mean          | 956          |
|    ep_rew_mean          | -895         |
| time/                   |              |
|    fps                  | 3131         |
|    iterations           | 307          |
|    time_elapsed         | 803          |
|    total_timesteps      | 2514944      |
| train/                  |              |
|    approx_kl            | 0.0012705359 |
|    clip_fraction        | 0.00245      |
|    clip_range           | 0.2          |
|    entropy_loss         | -1.34        |
|    explained_variance   | 0.982        |
|    learning_rate        | 0.0003       |
|    loss                 | 34.2         |
|    n_updates            | 3640         |
|    policy_gradient_loss | -0.00118     |
|    std                  | 0.924        |
|    value_loss           | 133          |
------------------------------------------
------------------------------------------
| rollout/                |              |
|    ep_len_mean          | 956          |
|    ep_rew_mean          | -895         |
| time/                   |              |
|    fps                  | 3132         |
|    iterations           | 308          |
|    time_elapsed         | 805          |
|    total_timesteps      | 2523136      |
| train/                  |              |
|    approx_kl            | 0.0041129193 |
|    clip_fraction        | 0.0395       |
|    clip_range           | 0.2          |
|    entropy_loss         | -1.34        |
|    explained_variance   | 0.985        |
|    learning_rate        | 0.0003       |
|    loss                 | 3.98         |
|    n_updates            | 3650         |
|    policy_gradient_loss | -0.00137     |
|    std                  | 0.923        |
|    value_loss           | 12.2         |
------------------------------------------
-------------------------------------------
| rollout/                |               |
|    ep_len_mean          | 956           |
|    ep_rew_mean          | -845          |
| time/                   |               |
|    fps                  | 3133          |
|    iterations           | 309           |
|    time_elapsed         | 807           |
|    total_timesteps      | 2531328       |
| train/                  |               |
|    approx_kl            | 0.00025382664 |
|    clip_fraction        | 0.00106       |
|    clip_range           | 0.2           |
|    entropy_loss         | -1.34         |
|    explained_variance   | 0.967         |
|    learning_rate        | 0.0003        |
|    loss                 | 285           |
|    n_updates            | 3660          |
|    policy_gradient_loss | -0.00108      |
|    std                  | 0.92          |
|    value_loss           | 740           |
-------------------------------------------
------------------------------------------
| rollout/                |              |
|    ep_len_mean          | 956          |
|    ep_rew_mean          | -866         |
| time/                   |              |
|    fps                  | 3134         |
|    iterations           | 310          |
|    time_elapsed         | 810          |
|    total_timesteps      | 2539520      |
| train/                  |              |
|    approx_kl            | 0.0006834308 |
|    clip_fraction        | 0.00228      |
|    clip_range           | 0.2          |
|    entropy_loss         | -1.34        |
|    explained_variance   | 0.976        |
|    learning_rate        | 0.0003       |
|    loss                 | 62.9         |
|    n_updates            | 3670         |
|    policy_gradient_loss | -0.000954    |
|    std                  | 0.92         |
|    value_loss           | 360          |
------------------------------------------
------------------------------------------
| rollout/                |              |
|    ep_len_mean          | 956          |
|    ep_rew_mean          | -859         |
| time/                   |              |
|    fps                  | 3135         |
|    iterations           | 311          |
|    time_elapsed         | 812          |
|    total_timesteps      | 2547712      |
| train/                  |              |
|    approx_kl            | 0.0020033459 |
|    clip_fraction        | 0.0011       |
|    clip_range           | 0.2          |
|    entropy_loss         | -1.34        |
|    explained_variance   | 0.987        |
|    learning_rate        | 0.0003       |
|    loss                 | 4.98         |
|    n_updates            | 3680         |
|    policy_gradient_loss | -0.000294    |
|    std                  | 0.922        |
|    value_loss           | 63.8         |
------------------------------------------
------------------------------------------
| rollout/                |              |
|    ep_len_mean          | 946          |
|    ep_rew_mean          | -880         |
| time/                   |              |
|    fps                  | 3137         |
|    iterations           | 312          |
|    time_elapsed         | 814          |
|    total_timesteps      | 2555904      |
| train/                  |              |
|    approx_kl            | 0.0009097182 |
|    clip_fraction        | 0.000293     |
|    clip_range           | 0.2          |
|    entropy_loss         | -1.34        |
|    explained_variance   | 0.988        |
|    learning_rate        | 0.0003       |
|    loss                 | 13.3         |
|    n_updates            | 3690         |
|    policy_gradient_loss | -4.15e-05    |
|    std                  | 0.923        |
|    value_loss           | 68.6         |
------------------------------------------
Eval num_timesteps=2560000, episode_reward=-619.81 +/- 522.69
Episode length: 1001.00 +/- 0.00
------------------------------------------
| eval/                   |              |
|    mean_ep_length       | 1e+03        |
|    mean_reward          | -620         |
| time/                   |              |
|    total_timesteps      | 2560000      |
| train/                  |              |
|    approx_kl            | 0.0008089014 |
|    clip_fraction        | 0.00486      |
|    clip_range           | 0.2          |
|    entropy_loss         | -1.34        |
|    explained_variance   | 0.973        |
|    learning_rate        | 0.0003       |
|    loss                 | 196          |
|    n_updates            | 3700         |
|    policy_gradient_loss | -0.00258     |
|    std                  | 0.925        |
|    value_loss           | 744          |
------------------------------------------
---------------------------------
| rollout/           |          |
|    ep_len_mean     | 974      |
|    ep_rew_mean     | -786     |
| time/              |          |
|    fps             | 3117     |
|    iterations      | 313      |
|    time_elapsed    | 822      |
|    total_timesteps | 2564096  |
---------------------------------
-------------------------------------------
| rollout/                |               |
|    ep_len_mean          | 974           |
|    ep_rew_mean          | -803          |
| time/                   |               |
|    fps                  | 3118          |
|    iterations           | 314           |
|    time_elapsed         | 824           |
|    total_timesteps      | 2572288       |
| train/                  |               |
|    approx_kl            | 0.00053613493 |
|    clip_fraction        | 0.00166       |
|    clip_range           | 0.2           |
|    entropy_loss         | -1.34         |
|    explained_variance   | 0.955         |
|    learning_rate        | 0.0003        |
|    loss                 | 234           |
|    n_updates            | 3710          |
|    policy_gradient_loss | -0.00124      |
|    std                  | 0.927         |
|    value_loss           | 1.29e+03      |
-------------------------------------------
------------------------------------------
| rollout/                |              |
|    ep_len_mean          | 974          |
|    ep_rew_mean          | -787         |
| time/                   |              |
|    fps                  | 3119         |
|    iterations           | 315          |
|    time_elapsed         | 827          |
|    total_timesteps      | 2580480      |
| train/                  |              |
|    approx_kl            | 0.0014093268 |
|    clip_fraction        | 0.035        |
|    clip_range           | 0.2          |
|    entropy_loss         | -1.33        |
|    explained_variance   | 0.954        |
|    learning_rate        | 0.0003       |
|    loss                 | 1.12         |
|    n_updates            | 3720         |
|    policy_gradient_loss | -5.93e-05    |
|    std                  | 0.917        |
|    value_loss           | 19           |
------------------------------------------
-----------------------------------------
| rollout/                |             |
|    ep_len_mean          | 965         |
|    ep_rew_mean          | -868        |
| time/                   |             |
|    fps                  | 3120        |
|    iterations           | 316         |
|    time_elapsed         | 829         |
|    total_timesteps      | 2588672     |
| train/                  |             |
|    approx_kl            | 0.000306108 |
|    clip_fraction        | 4.88e-05    |
|    clip_range           | 0.2         |
|    entropy_loss         | -1.33       |
|    explained_variance   | 0.984       |
|    learning_rate        | 0.0003      |
|    loss                 | 373         |
|    n_updates            | 3730        |
|    policy_gradient_loss | 1.01e-05    |
|    std                  | 0.92        |
|    value_loss           | 322         |
-----------------------------------------
-------------------------------------------
| rollout/                |               |
|    ep_len_mean          | 974           |
|    ep_rew_mean          | -888          |
| time/                   |               |
|    fps                  | 3121          |
|    iterations           | 317           |
|    time_elapsed         | 831           |
|    total_timesteps      | 2596864       |
| train/                  |               |
|    approx_kl            | 0.00016065975 |
|    clip_fraction        | 3.66e-05      |
|    clip_range           | 0.2           |
|    entropy_loss         | -1.33         |
|    explained_variance   | 0.973         |
|    learning_rate        | 0.0003        |
|    loss                 | 340           |
|    n_updates            | 3740          |
|    policy_gradient_loss | -4e-05        |
|    std                  | 0.917         |
|    value_loss           | 1.05e+03      |
-------------------------------------------
------------------------------------------
| rollout/                |              |
|    ep_len_mean          | 965          |
|    ep_rew_mean          | -899         |
| time/                   |              |
|    fps                  | 3122         |
|    iterations           | 318          |
|    time_elapsed         | 834          |
|    total_timesteps      | 2605056      |
| train/                  |              |
|    approx_kl            | 0.0006058909 |
|    clip_fraction        | 0.00374      |
|    clip_range           | 0.2          |
|    entropy_loss         | -1.33        |
|    explained_variance   | 0.97         |
|    learning_rate        | 0.0003       |
|    loss                 | 597          |
|    n_updates            | 3750         |
|    policy_gradient_loss | -1.2e-06     |
|    std                  | 0.912        |
|    value_loss           | 339          |
------------------------------------------
------------------------------------------
| rollout/                |              |
|    ep_len_mean          | 965          |
|    ep_rew_mean          | -913         |
| time/                   |              |
|    fps                  | 3123         |
|    iterations           | 319          |
|    time_elapsed         | 836          |
|    total_timesteps      | 2613248      |
| train/                  |              |
|    approx_kl            | 0.0005880637 |
|    clip_fraction        | 0.000513     |
|    clip_range           | 0.2          |
|    entropy_loss         | -1.33        |
|    explained_variance   | 0.971        |
|    learning_rate        | 0.0003       |
|    loss                 | 115          |
|    n_updates            | 3760         |
|    policy_gradient_loss | -0.000782    |
|    std                  | 0.913        |
|    value_loss           | 220          |
------------------------------------------
------------------------------------------
| rollout/                |              |
|    ep_len_mean          | 965          |
|    ep_rew_mean          | -1.02e+03    |
| time/                   |              |
|    fps                  | 3125         |
|    iterations           | 320          |
|    time_elapsed         | 838          |
|    total_timesteps      | 2621440      |
| train/                  |              |
|    approx_kl            | 0.0005802795 |
|    clip_fraction        | 8.54e-05     |
|    clip_range           | 0.2          |
|    entropy_loss         | -1.33        |
|    explained_variance   | 0.978        |
|    learning_rate        | 0.0003       |
|    loss                 | 98.1         |
|    n_updates            | 3770         |
|    policy_gradient_loss | -0.000213    |
|    std                  | 0.913        |
|    value_loss           | 523          |
------------------------------------------
-------------------------------------------
| rollout/                |               |
|    ep_len_mean          | 974           |
|    ep_rew_mean          | -1.02e+03     |
| time/                   |               |
|    fps                  | 3126          |
|    iterations           | 321           |
|    time_elapsed         | 841           |
|    total_timesteps      | 2629632       |
| train/                  |               |
|    approx_kl            | 0.00085024093 |
|    clip_fraction        | 0.00374       |
|    clip_range           | 0.2           |
|    entropy_loss         | -1.33         |
|    explained_variance   | 0.982         |
|    learning_rate        | 0.0003        |
|    loss                 | 5.73          |
|    n_updates            | 3780          |
|    policy_gradient_loss | -0.00112      |
|    std                  | 0.913         |
|    value_loss           | 197           |
-------------------------------------------
------------------------------------------
| rollout/                |              |
|    ep_len_mean          | 974          |
|    ep_rew_mean          | -1.02e+03    |
| time/                   |              |
|    fps                  | 3127         |
|    iterations           | 322          |
|    time_elapsed         | 843          |
|    total_timesteps      | 2637824      |
| train/                  |              |
|    approx_kl            | 0.0033060005 |
|    clip_fraction        | 0.0358       |
|    clip_range           | 0.2          |
|    entropy_loss         | -1.33        |
|    explained_variance   | 0.996        |
|    learning_rate        | 0.0003       |
|    loss                 | 1.35         |
|    n_updates            | 3790         |
|    policy_gradient_loss | -0.000971    |
|    std                  | 0.924        |
|    value_loss           | 12.5         |
------------------------------------------
------------------------------------------
| rollout/                |              |
|    ep_len_mean          | 974          |
|    ep_rew_mean          | -1.08e+03    |
| time/                   |              |
|    fps                  | 3128         |
|    iterations           | 323          |
|    time_elapsed         | 845          |
|    total_timesteps      | 2646016      |
| train/                  |              |
|    approx_kl            | 0.0017024346 |
|    clip_fraction        | 0.00116      |
|    clip_range           | 0.2          |
|    entropy_loss         | -1.34        |
|    explained_variance   | 0.981        |
|    learning_rate        | 0.0003       |
|    loss                 | 3.57         |
|    n_updates            | 3800         |
|    policy_gradient_loss | -0.000173    |
|    std                  | 0.926        |
|    value_loss           | 211          |
------------------------------------------
------------------------------------------
| rollout/                |              |
|    ep_len_mean          | 974          |
|    ep_rew_mean          | -1.06e+03    |
| time/                   |              |
|    fps                  | 3129         |
|    iterations           | 324          |
|    time_elapsed         | 848          |
|    total_timesteps      | 2654208      |
| train/                  |              |
|    approx_kl            | 0.0014335299 |
|    clip_fraction        | 0.000464     |
|    clip_range           | 0.2          |
|    entropy_loss         | -1.34        |
|    explained_variance   | 0.969        |
|    learning_rate        | 0.0003       |
|    loss                 | 9.24         |
|    n_updates            | 3810         |
|    policy_gradient_loss | 8.1e-05      |
|    std                  | 0.921        |
|    value_loss           | 23.2         |
------------------------------------------
------------------------------------------
| rollout/                |              |
|    ep_len_mean          | 965          |
|    ep_rew_mean          | -1.06e+03    |
| time/                   |              |
|    fps                  | 3130         |
|    iterations           | 325          |
|    time_elapsed         | 850          |
|    total_timesteps      | 2662400      |
| train/                  |              |
|    approx_kl            | 0.0014092079 |
|    clip_fraction        | 0.00232      |
|    clip_range           | 0.2          |
|    entropy_loss         | -1.34        |
|    explained_variance   | 0.963        |
|    learning_rate        | 0.0003       |
|    loss                 | 1.22e+03     |
|    n_updates            | 3820         |
|    policy_gradient_loss | -0.000851    |
|    std                  | 0.922        |
|    value_loss           | 1.8e+03      |
------------------------------------------
------------------------------------------
| rollout/                |              |
|    ep_len_mean          | 965          |
|    ep_rew_mean          | -1.08e+03    |
| time/                   |              |
|    fps                  | 3131         |
|    iterations           | 326          |
|    time_elapsed         | 852          |
|    total_timesteps      | 2670592      |
| train/                  |              |
|    approx_kl            | 0.0014856252 |
|    clip_fraction        | 0.00216      |
|    clip_range           | 0.2          |
|    entropy_loss         | -1.34        |
|    explained_variance   | 0.957        |
|    learning_rate        | 0.0003       |
|    loss                 | 99.3         |
|    n_updates            | 3830         |
|    policy_gradient_loss | -0.000374    |
|    std                  | 0.923        |
|    value_loss           | 219          |
------------------------------------------
------------------------------------------
| rollout/                |              |
|    ep_len_mean          | 956          |
|    ep_rew_mean          | -1.07e+03    |
| time/                   |              |
|    fps                  | 3132         |
|    iterations           | 327          |
|    time_elapsed         | 855          |
|    total_timesteps      | 2678784      |
| train/                  |              |
|    approx_kl            | 0.0007046029 |
|    clip_fraction        | 0.0266       |
|    clip_range           | 0.2          |
|    entropy_loss         | -1.34        |
|    explained_variance   | 0.985        |
|    learning_rate        | 0.0003       |
|    loss                 | 2.11         |
|    n_updates            | 3840         |
|    policy_gradient_loss | -4.11e-05    |
|    std                  | 0.925        |
|    value_loss           | 14.7         |
------------------------------------------
-------------------------------------------
| rollout/                |               |
|    ep_len_mean          | 965           |
|    ep_rew_mean          | -1.04e+03     |
| time/                   |               |
|    fps                  | 3133          |
|    iterations           | 328           |
|    time_elapsed         | 857           |
|    total_timesteps      | 2686976       |
| train/                  |               |
|    approx_kl            | 0.00087876606 |
|    clip_fraction        | 0.00137       |
|    clip_range           | 0.2           |
|    entropy_loss         | -1.34         |
|    explained_variance   | 0.976         |
|    learning_rate        | 0.0003        |
|    loss                 | 122           |
|    n_updates            | 3850          |
|    policy_gradient_loss | 0.000283      |
|    std                  | 0.926         |
|    value_loss           | 299           |
-------------------------------------------
------------------------------------------
| rollout/                |              |
|    ep_len_mean          | 965          |
|    ep_rew_mean          | -1.02e+03    |
| time/                   |              |
|    fps                  | 3134         |
|    iterations           | 329          |
|    time_elapsed         | 859          |
|    total_timesteps      | 2695168      |
| train/                  |              |
|    approx_kl            | 0.0030287034 |
|    clip_fraction        | 0.00272      |
|    clip_range           | 0.2          |
|    entropy_loss         | -1.34        |
|    explained_variance   | 0.968        |
|    learning_rate        | 0.0003       |
|    loss                 | 260          |
|    n_updates            | 3860         |
|    policy_gradient_loss | -3.69e-05    |
|    std                  | 0.926        |
|    value_loss           | 747          |
------------------------------------------
-----------------------------------------
| rollout/                |             |
|    ep_len_mean          | 974         |
|    ep_rew_mean          | -1.02e+03   |
| time/                   |             |
|    fps                  | 3135        |
|    iterations           | 330         |
|    time_elapsed         | 862         |
|    total_timesteps      | 2703360     |
| train/                  |             |
|    approx_kl            | 0.003925624 |
|    clip_fraction        | 0.0356      |
|    clip_range           | 0.2         |
|    entropy_loss         | -1.32       |
|    explained_variance   | 0.947       |
|    learning_rate        | 0.0003      |
|    loss                 | 0.574       |
|    n_updates            | 3870        |
|    policy_gradient_loss | -0.000234   |
|    std                  | 0.899       |
|    value_loss           | 0.998       |
-----------------------------------------
------------------------------------------
| rollout/                |              |
|    ep_len_mean          | 974          |
|    ep_rew_mean          | -1e+03       |
| time/                   |              |
|    fps                  | 3136         |
|    iterations           | 331          |
|    time_elapsed         | 864          |
|    total_timesteps      | 2711552      |
| train/                  |              |
|    approx_kl            | 0.0033653434 |
|    clip_fraction        | 0.0102       |
|    clip_range           | 0.2          |
|    entropy_loss         | -1.31        |
|    explained_variance   | 0.986        |
|    learning_rate        | 0.0003       |
|    loss                 | 5.8          |
|    n_updates            | 3880         |
|    policy_gradient_loss | -0.000534    |
|    std                  | 0.899        |
|    value_loss           | 16.3         |
------------------------------------------
-------------------------------------------
| rollout/                |               |
|    ep_len_mean          | 974           |
|    ep_rew_mean          | -949          |
| time/                   |               |
|    fps                  | 3137          |
|    iterations           | 332           |
|    time_elapsed         | 866           |
|    total_timesteps      | 2719744       |
| train/                  |               |
|    approx_kl            | 1.6780337e-05 |
|    clip_fraction        | 0             |
|    clip_range           | 0.2           |
|    entropy_loss         | -1.31         |
|    explained_variance   | 0.974         |
|    learning_rate        | 0.0003        |
|    loss                 | 42.5          |
|    n_updates            | 3890          |
|    policy_gradient_loss | 0.000448      |
|    std                  | 0.899         |
|    value_loss           | 151           |
-------------------------------------------
Eval num_timesteps=2720000, episode_reward=-1220.27 +/- 1203.24
Episode length: 1001.00 +/- 0.00
------------------------------------------
| eval/                   |              |
|    mean_ep_length       | 1e+03        |
|    mean_reward          | -1.22e+03    |
| time/                   |              |
|    total_timesteps      | 2720000      |
| train/                  |              |
|    approx_kl            | 0.0002390153 |
|    clip_fraction        | 1.22e-05     |
|    clip_range           | 0.2          |
|    entropy_loss         | -1.31        |
|    explained_variance   | 0.991        |
|    learning_rate        | 0.0003       |
|    loss                 | 23.7         |
|    n_updates            | 3900         |
|    policy_gradient_loss | -0.000157    |
|    std                  | 0.899        |
|    value_loss           | 97.6         |
------------------------------------------
---------------------------------
| rollout/           |          |
|    ep_len_mean     | 974      |
|    ep_rew_mean     | -906     |
| time/              |          |
|    fps             | 3118     |
|    iterations      | 333      |
|    time_elapsed    | 874      |
|    total_timesteps | 2727936  |
---------------------------------
-----------------------------------------
| rollout/                |             |
|    ep_len_mean          | 974         |
|    ep_rew_mean          | -885        |
| time/                   |             |
|    fps                  | 3119        |
|    iterations           | 334         |
|    time_elapsed         | 876         |
|    total_timesteps      | 2736128     |
| train/                  |             |
|    approx_kl            | 0.015122284 |
|    clip_fraction        | 0.0438      |
|    clip_range           | 0.2         |
|    entropy_loss         | -1.31       |
|    explained_variance   | 0.977       |
|    learning_rate        | 0.0003      |
|    loss                 | 191         |
|    n_updates            | 3910        |
|    policy_gradient_loss | -0.00238    |
|    std                  | 0.902       |
|    value_loss           | 167         |
-----------------------------------------
-----------------------------------------
| rollout/                |             |
|    ep_len_mean          | 974         |
|    ep_rew_mean          | -843        |
| time/                   |             |
|    fps                  | 3120        |
|    iterations           | 335         |
|    time_elapsed         | 879         |
|    total_timesteps      | 2744320     |
| train/                  |             |
|    approx_kl            | 0.002443228 |
|    clip_fraction        | 0.0071      |
|    clip_range           | 0.2         |
|    entropy_loss         | -1.32       |
|    explained_variance   | 0.995       |
|    learning_rate        | 0.0003      |
|    loss                 | 1.78        |
|    n_updates            | 3920        |
|    policy_gradient_loss | -0.00233    |
|    std                  | 0.906       |
|    value_loss           | 15          |
-----------------------------------------
-------------------------------------------
| rollout/                |               |
|    ep_len_mean          | 983           |
|    ep_rew_mean          | -816          |
| time/                   |               |
|    fps                  | 3122          |
|    iterations           | 336           |
|    time_elapsed         | 881           |
|    total_timesteps      | 2752512       |
| train/                  |               |
|    approx_kl            | 0.00011746521 |
|    clip_fraction        | 0.00111       |
|    clip_range           | 0.2           |
|    entropy_loss         | -1.32         |
|    explained_variance   | 0.989         |
|    learning_rate        | 0.0003        |
|    loss                 | 98.3          |
|    n_updates            | 3930          |
|    policy_gradient_loss | -0.000787     |
|    std                  | 0.908         |
|    value_loss           | 226           |
-------------------------------------------
------------------------------------------
| rollout/                |              |
|    ep_len_mean          | 983          |
|    ep_rew_mean          | -841         |
| time/                   |              |
|    fps                  | 3123         |
|    iterations           | 337          |
|    time_elapsed         | 883          |
|    total_timesteps      | 2760704      |
| train/                  |              |
|    approx_kl            | 0.0005945951 |
|    clip_fraction        | 0.00466      |
|    clip_range           | 0.2          |
|    entropy_loss         | -1.32        |
|    explained_variance   | 0.994        |
|    learning_rate        | 0.0003       |
|    loss                 | 112          |
|    n_updates            | 3940         |
|    policy_gradient_loss | -0.00149     |
|    std                  | 0.909        |
|    value_loss           | 153          |
------------------------------------------
-------------------------------------------
| rollout/                |               |
|    ep_len_mean          | 992           |
|    ep_rew_mean          | -802          |
| time/                   |               |
|    fps                  | 3123          |
|    iterations           | 338           |
|    time_elapsed         | 886           |
|    total_timesteps      | 2768896       |
| train/                  |               |
|    approx_kl            | 0.00042033283 |
|    clip_fraction        | 0.000732      |
|    clip_range           | 0.2           |
|    entropy_loss         | -1.32         |
|    explained_variance   | 0.978         |
|    learning_rate        | 0.0003        |
|    loss                 | 146           |
|    n_updates            | 3950          |
|    policy_gradient_loss | -0.00063      |
|    std                  | 0.91          |
|    value_loss           | 307           |
-------------------------------------------
-------------------------------------------
| rollout/                |               |
|    ep_len_mean          | 974           |
|    ep_rew_mean          | -876          |
| time/                   |               |
|    fps                  | 3125          |
|    iterations           | 339           |
|    time_elapsed         | 888           |
|    total_timesteps      | 2777088       |
| train/                  |               |
|    approx_kl            | 0.00029664754 |
|    clip_fraction        | 0.102         |
|    clip_range           | 0.2           |
|    entropy_loss         | -1.33         |
|    explained_variance   | 0.959         |
|    learning_rate        | 0.0003        |
|    loss                 | 299           |
|    n_updates            | 3960          |
|    policy_gradient_loss | -0.00028      |
|    std                  | 0.918         |
|    value_loss           | 404           |
-------------------------------------------
-------------------------------------------
| rollout/                |               |
|    ep_len_mean          | 983           |
|    ep_rew_mean          | -877          |
| time/                   |               |
|    fps                  | 3126          |
|    iterations           | 340           |
|    time_elapsed         | 890           |
|    total_timesteps      | 2785280       |
| train/                  |               |
|    approx_kl            | 0.00013934291 |
|    clip_fraction        | 9.77e-05      |
|    clip_range           | 0.2           |
|    entropy_loss         | -1.33         |
|    explained_variance   | 0.962         |
|    learning_rate        | 0.0003        |
|    loss                 | 480           |
|    n_updates            | 3970          |
|    policy_gradient_loss | -0.000149     |
|    std                  | 0.919         |
|    value_loss           | 740           |
-------------------------------------------
-----------------------------------------
| rollout/                |             |
|    ep_len_mean          | 983         |
|    ep_rew_mean          | -906        |
| time/                   |             |
|    fps                  | 3127        |
|    iterations           | 341         |
|    time_elapsed         | 893         |
|    total_timesteps      | 2793472     |
| train/                  |             |
|    approx_kl            | 0.004145194 |
|    clip_fraction        | 0.0178      |
|    clip_range           | 0.2         |
|    entropy_loss         | -1.34       |
|    explained_variance   | 0.971       |
|    learning_rate        | 0.0003      |
|    loss                 | 230         |
|    n_updates            | 3980        |
|    policy_gradient_loss | -0.00093    |
|    std                  | 0.92        |
|    value_loss           | 388         |
-----------------------------------------
------------------------------------------
| rollout/                |              |
|    ep_len_mean          | 983          |
|    ep_rew_mean          | -902         |
| time/                   |              |
|    fps                  | 3128         |
|    iterations           | 342          |
|    time_elapsed         | 895          |
|    total_timesteps      | 2801664      |
| train/                  |              |
|    approx_kl            | 0.0019843397 |
|    clip_fraction        | 0.0137       |
|    clip_range           | 0.2          |
|    entropy_loss         | -1.34        |
|    explained_variance   | 0.997        |
|    learning_rate        | 0.0003       |
|    loss                 | 0.375        |
|    n_updates            | 3990         |
|    policy_gradient_loss | -0.00185     |
|    std                  | 0.925        |
|    value_loss           | 2.3          |
------------------------------------------
------------------------------------------
| rollout/                |              |
|    ep_len_mean          | 983          |
|    ep_rew_mean          | -899         |
| time/                   |              |
|    fps                  | 3129         |
|    iterations           | 343          |
|    time_elapsed         | 897          |
|    total_timesteps      | 2809856      |
| train/                  |              |
|    approx_kl            | 0.0011584326 |
|    clip_fraction        | 0.00607      |
|    clip_range           | 0.2          |
|    entropy_loss         | -1.34        |
|    explained_variance   | 0.977        |
|    learning_rate        | 0.0003       |
|    loss                 | 0.715        |
|    n_updates            | 4000         |
|    policy_gradient_loss | -0.000811    |
|    std                  | 0.93         |
|    value_loss           | 21.7         |
------------------------------------------
-------------------------------------------
| rollout/                |               |
|    ep_len_mean          | 983           |
|    ep_rew_mean          | -896          |
| time/                   |               |
|    fps                  | 3130          |
|    iterations           | 344           |
|    time_elapsed         | 900           |
|    total_timesteps      | 2818048       |
| train/                  |               |
|    approx_kl            | 0.00035805895 |
|    clip_fraction        | 0.00171       |
|    clip_range           | 0.2           |
|    entropy_loss         | -1.35         |
|    explained_variance   | 0.954         |
|    learning_rate        | 0.0003        |
|    loss                 | 335           |
|    n_updates            | 4010          |
|    policy_gradient_loss | -0.000469     |
|    std                  | 0.931         |
|    value_loss           | 802           |
-------------------------------------------
------------------------------------------
| rollout/                |              |
|    ep_len_mean          | 983          |
|    ep_rew_mean          | -911         |
| time/                   |              |
|    fps                  | 3131         |
|    iterations           | 345          |
|    time_elapsed         | 902          |
|    total_timesteps      | 2826240      |
| train/                  |              |
|    approx_kl            | 0.0006777067 |
|    clip_fraction        | 0.00223      |
|    clip_range           | 0.2          |
|    entropy_loss         | -1.35        |
|    explained_variance   | 0.975        |
|    learning_rate        | 0.0003       |
|    loss                 | 2.31         |
|    n_updates            | 4020         |
|    policy_gradient_loss | -0.00135     |
|    std                  | 0.932        |
|    value_loss           | 309          |
------------------------------------------
------------------------------------------
| rollout/                |              |
|    ep_len_mean          | 983          |
|    ep_rew_mean          | -910         |
| time/                   |              |
|    fps                  | 3132         |
|    iterations           | 346          |
|    time_elapsed         | 904          |
|    total_timesteps      | 2834432      |
| train/                  |              |
|    approx_kl            | 0.0006483683 |
|    clip_fraction        | 0.00829      |
|    clip_range           | 0.2          |
|    entropy_loss         | -1.35        |
|    explained_variance   | 0.99         |
|    learning_rate        | 0.0003       |
|    loss                 | 1.65         |
|    n_updates            | 4030         |
|    policy_gradient_loss | 2.61e-05     |
|    std                  | 0.934        |
|    value_loss           | 54.4         |
------------------------------------------
------------------------------------------
| rollout/                |              |
|    ep_len_mean          | 983          |
|    ep_rew_mean          | -914         |
| time/                   |              |
|    fps                  | 3133         |
|    iterations           | 347          |
|    time_elapsed         | 907          |
|    total_timesteps      | 2842624      |
| train/                  |              |
|    approx_kl            | 0.0029104708 |
|    clip_fraction        | 0.00748      |
|    clip_range           | 0.2          |
|    entropy_loss         | -1.35        |
|    explained_variance   | 0.992        |
|    learning_rate        | 0.0003       |
|    loss                 | 7.16         |
|    n_updates            | 4040         |
|    policy_gradient_loss | 0.00015      |
|    std                  | 0.938        |
|    value_loss           | 9.95         |
------------------------------------------
-------------------------------------------
| rollout/                |               |
|    ep_len_mean          | 983           |
|    ep_rew_mean          | -889          |
| time/                   |               |
|    fps                  | 3134          |
|    iterations           | 348           |
|    time_elapsed         | 909           |
|    total_timesteps      | 2850816       |
| train/                  |               |
|    approx_kl            | 0.00012283218 |
|    clip_fraction        | 1.22e-05      |
|    clip_range           | 0.2           |
|    entropy_loss         | -1.36         |
|    explained_variance   | 0.984         |
|    learning_rate        | 0.0003        |
|    loss                 | 10.4          |
|    n_updates            | 4050          |
|    policy_gradient_loss | -1.44e-05     |
|    std                  | 0.941         |
|    value_loss           | 355           |
-------------------------------------------
-------------------------------------------
| rollout/                |               |
|    ep_len_mean          | 983           |
|    ep_rew_mean          | -906          |
| time/                   |               |
|    fps                  | 3135          |
|    iterations           | 349           |
|    time_elapsed         | 911           |
|    total_timesteps      | 2859008       |
| train/                  |               |
|    approx_kl            | 0.00036758164 |
|    clip_fraction        | 0.00022       |
|    clip_range           | 0.2           |
|    entropy_loss         | -1.36         |
|    explained_variance   | 0.989         |
|    learning_rate        | 0.0003        |
|    loss                 | 16.6          |
|    n_updates            | 4060          |
|    policy_gradient_loss | -0.000149     |
|    std                  | 0.945         |
|    value_loss           | 36.3          |
-------------------------------------------
----------------------------------------
| rollout/                |            |
|    ep_len_mean          | 973        |
|    ep_rew_mean          | -873       |
| time/                   |            |
|    fps                  | 3135       |
|    iterations           | 350        |
|    time_elapsed         | 914        |
|    total_timesteps      | 2867200    |
| train/                  |            |
|    approx_kl            | 0.01665812 |
|    clip_fraction        | 0.0576     |
|    clip_range           | 0.2        |
|    entropy_loss         | -1.36      |
|    explained_variance   | 0.986      |
|    learning_rate        | 0.0003     |
|    loss                 | 1.06       |
|    n_updates            | 4070       |
|    policy_gradient_loss | 0.000131   |
|    std                  | 0.941      |
|    value_loss           | 6.23       |
----------------------------------------
----------------------------------------
| rollout/                |            |
|    ep_len_mean          | 992        |
|    ep_rew_mean          | -856       |
| time/                   |            |
|    fps                  | 3136       |
|    iterations           | 351        |
|    time_elapsed         | 916        |
|    total_timesteps      | 2875392    |
| train/                  |            |
|    approx_kl            | 0.00303113 |
|    clip_fraction        | 0.0185     |
|    clip_range           | 0.2        |
|    entropy_loss         | -1.36      |
|    explained_variance   | 0.977      |
|    learning_rate        | 0.0003     |
|    loss                 | 116        |
|    n_updates            | 4080       |
|    policy_gradient_loss | 0.000239   |
|    std                  | 0.94       |
|    value_loss           | 350        |
----------------------------------------
Eval num_timesteps=2880000, episode_reward=-763.96 +/- 595.19
Episode length: 1001.00 +/- 0.00
------------------------------------------
| eval/                   |              |
|    mean_ep_length       | 1e+03        |
|    mean_reward          | -764         |
| time/                   |              |
|    total_timesteps      | 2880000      |
| train/                  |              |
|    approx_kl            | 0.0024172477 |
|    clip_fraction        | 0.000903     |
|    clip_range           | 0.2          |
|    entropy_loss         | -1.36        |
|    explained_variance   | 0.98         |
|    learning_rate        | 0.0003       |
|    loss                 | 19.8         |
|    n_updates            | 4090         |
|    policy_gradient_loss | -0.000763    |
|    std                  | 0.943        |
|    value_loss           | 284          |
------------------------------------------
---------------------------------
| rollout/           |          |
|    ep_len_mean     | 992      |
|    ep_rew_mean     | -811     |
| time/              |          |
|    fps             | 3118     |
|    iterations      | 352      |
|    time_elapsed    | 924      |
|    total_timesteps | 2883584  |
---------------------------------
-------------------------------------------
| rollout/                |               |
|    ep_len_mean          | 992           |
|    ep_rew_mean          | -785          |
| time/                   |               |
|    fps                  | 3119          |
|    iterations           | 353           |
|    time_elapsed         | 926           |
|    total_timesteps      | 2891776       |
| train/                  |               |
|    approx_kl            | 0.00082912005 |
|    clip_fraction        | 0.00331       |
|    clip_range           | 0.2           |
|    entropy_loss         | -1.36         |
|    explained_variance   | 0.943         |
|    learning_rate        | 0.0003        |
|    loss                 | 1.07e+03      |
|    n_updates            | 4100          |
|    policy_gradient_loss | -0.00185      |
|    std                  | 0.944         |
|    value_loss           | 1.21e+03      |
-------------------------------------------
-----------------------------------------
| rollout/                |             |
|    ep_len_mean          | 992         |
|    ep_rew_mean          | -761        |
| time/                   |             |
|    fps                  | 3120        |
|    iterations           | 354         |
|    time_elapsed         | 929         |
|    total_timesteps      | 2899968     |
| train/                  |             |
|    approx_kl            | 0.012581522 |
|    clip_fraction        | 0.0245      |
|    clip_range           | 0.2         |
|    entropy_loss         | -1.36       |
|    explained_variance   | 0.989       |
|    learning_rate        | 0.0003      |
|    loss                 | 0.171       |
|    n_updates            | 4110        |
|    policy_gradient_loss | 6.58e-05    |
|    std                  | 0.941       |
|    value_loss           | 72.4        |
-----------------------------------------
-------------------------------------------
| rollout/                |               |
|    ep_len_mean          | 992           |
|    ep_rew_mean          | -784          |
| time/                   |               |
|    fps                  | 3121          |
|    iterations           | 355           |
|    time_elapsed         | 931           |
|    total_timesteps      | 2908160       |
| train/                  |               |
|    approx_kl            | 0.00092612073 |
|    clip_fraction        | 0.0212        |
|    clip_range           | 0.2           |
|    entropy_loss         | -1.36         |
|    explained_variance   | 0.974         |
|    learning_rate        | 0.0003        |
|    loss                 | 2.67          |
|    n_updates            | 4120          |
|    policy_gradient_loss | -0.00174      |
|    std                  | 0.949         |
|    value_loss           | 260           |
-------------------------------------------
-------------------------------------------
| rollout/                |               |
|    ep_len_mean          | 992           |
|    ep_rew_mean          | -781          |
| time/                   |               |
|    fps                  | 3122          |
|    iterations           | 356           |
|    time_elapsed         | 934           |
|    total_timesteps      | 2916352       |
| train/                  |               |
|    approx_kl            | 0.00019540425 |
|    clip_fraction        | 0.000427      |
|    clip_range           | 0.2           |
|    entropy_loss         | -1.37         |
|    explained_variance   | 0.994         |
|    learning_rate        | 0.0003        |
|    loss                 | 45.8          |
|    n_updates            | 4130          |
|    policy_gradient_loss | -7.77e-05     |
|    std                  | 0.951         |
|    value_loss           | 74.5          |
-------------------------------------------
-------------------------------------------
| rollout/                |               |
|    ep_len_mean          | 992           |
|    ep_rew_mean          | -795          |
| time/                   |               |
|    fps                  | 3123          |
|    iterations           | 357           |
|    time_elapsed         | 936           |
|    total_timesteps      | 2924544       |
| train/                  |               |
|    approx_kl            | 0.00037908382 |
|    clip_fraction        | 0.000916      |
|    clip_range           | 0.2           |
|    entropy_loss         | -1.37         |
|    explained_variance   | 0.983         |
|    learning_rate        | 0.0003        |
|    loss                 | 168           |
|    n_updates            | 4140          |
|    policy_gradient_loss | -0.00124      |
|    std                  | 0.952         |
|    value_loss           | 513           |
-------------------------------------------
------------------------------------------
| rollout/                |              |
|    ep_len_mean          | 992          |
|    ep_rew_mean          | -833         |
| time/                   |              |
|    fps                  | 3124         |
|    iterations           | 358          |
|    time_elapsed         | 938          |
|    total_timesteps      | 2932736      |
| train/                  |              |
|    approx_kl            | 0.0016943594 |
|    clip_fraction        | 0.0021       |
|    clip_range           | 0.2          |
|    entropy_loss         | -1.37        |
|    explained_variance   | 0.958        |
|    learning_rate        | 0.0003       |
|    loss                 | 389          |
|    n_updates            | 4150         |
|    policy_gradient_loss | -0.000143    |
|    std                  | 0.958        |
|    value_loss           | 937          |
------------------------------------------
-------------------------------------------
| rollout/                |               |
|    ep_len_mean          | 992           |
|    ep_rew_mean          | -844          |
| time/                   |               |
|    fps                  | 3125          |
|    iterations           | 359           |
|    time_elapsed         | 940           |
|    total_timesteps      | 2940928       |
| train/                  |               |
|    approx_kl            | 0.00033048174 |
|    clip_fraction        | 0.00413       |
|    clip_range           | 0.2           |
|    entropy_loss         | -1.38         |
|    explained_variance   | 0.993         |
|    learning_rate        | 0.0003        |
|    loss                 | 17.9          |
|    n_updates            | 4160          |
|    policy_gradient_loss | -0.00137      |
|    std                  | 0.959         |
|    value_loss           | 31.8          |
-------------------------------------------
------------------------------------------
| rollout/                |              |
|    ep_len_mean          | 992          |
|    ep_rew_mean          | -871         |
| time/                   |              |
|    fps                  | 3126         |
|    iterations           | 360          |
|    time_elapsed         | 943          |
|    total_timesteps      | 2949120      |
| train/                  |              |
|    approx_kl            | 0.0005931021 |
|    clip_fraction        | 0.000757     |
|    clip_range           | 0.2          |
|    entropy_loss         | -1.38        |
|    explained_variance   | 0.992        |
|    learning_rate        | 0.0003       |
|    loss                 | 88.8         |
|    n_updates            | 4170         |
|    policy_gradient_loss | -0.000534    |
|    std                  | 0.962        |
|    value_loss           | 95.9         |
------------------------------------------
------------------------------------------
| rollout/                |              |
|    ep_len_mean          | 992          |
|    ep_rew_mean          | -890         |
| time/                   |              |
|    fps                  | 3127         |
|    iterations           | 361          |
|    time_elapsed         | 945          |
|    total_timesteps      | 2957312      |
| train/                  |              |
|    approx_kl            | 0.0032912346 |
|    clip_fraction        | 0.00632      |
|    clip_range           | 0.2          |
|    entropy_loss         | -1.38        |
|    explained_variance   | 0.993        |
|    learning_rate        | 0.0003       |
|    loss                 | 7.99         |
|    n_updates            | 4180         |
|    policy_gradient_loss | -0.00044     |
|    std                  | 0.961        |
|    value_loss           | 12.4         |
------------------------------------------
------------------------------------------
| rollout/                |              |
|    ep_len_mean          | 992          |
|    ep_rew_mean          | -910         |
| time/                   |              |
|    fps                  | 3128         |
|    iterations           | 362          |
|    time_elapsed         | 948          |
|    total_timesteps      | 2965504      |
| train/                  |              |
|    approx_kl            | 0.0026790625 |
|    clip_fraction        | 0.00487      |
|    clip_range           | 0.2          |
|    entropy_loss         | -1.38        |
|    explained_variance   | 0.996        |
|    learning_rate        | 0.0003       |
|    loss                 | 18.2         |
|    n_updates            | 4190         |
|    policy_gradient_loss | -0.00127     |
|    std                  | 0.961        |
|    value_loss           | 24.7         |
------------------------------------------
-----------------------------------------
| rollout/                |             |
|    ep_len_mean          | 992         |
|    ep_rew_mean          | -879        |
| time/                   |             |
|    fps                  | 3129        |
|    iterations           | 363         |
|    time_elapsed         | 950         |
|    total_timesteps      | 2973696     |
| train/                  |             |
|    approx_kl            | 0.000577161 |
|    clip_fraction        | 0.000281    |
|    clip_range           | 0.2         |
|    entropy_loss         | -1.38       |
|    explained_variance   | 0.988       |
|    learning_rate        | 0.0003      |
|    loss                 | 3.82        |
|    n_updates            | 4200        |
|    policy_gradient_loss | -2.16e-05   |
|    std                  | 0.964       |
|    value_loss           | 99.3        |
-----------------------------------------
------------------------------------------
| rollout/                |              |
|    ep_len_mean          | 992          |
|    ep_rew_mean          | -879         |
| time/                   |              |
|    fps                  | 3130         |
|    iterations           | 364          |
|    time_elapsed         | 952          |
|    total_timesteps      | 2981888      |
| train/                  |              |
|    approx_kl            | 0.0025945287 |
|    clip_fraction        | 0.00433      |
|    clip_range           | 0.2          |
|    entropy_loss         | -1.38        |
|    explained_variance   | 0.974        |
|    learning_rate        | 0.0003       |
|    loss                 | 284          |
|    n_updates            | 4210         |
|    policy_gradient_loss | -0.000574    |
|    std                  | 0.964        |
|    value_loss           | 445          |
------------------------------------------
------------------------------------------
| rollout/                |              |
|    ep_len_mean          | 992          |
|    ep_rew_mean          | -900         |
| time/                   |              |
|    fps                  | 3130         |
|    iterations           | 365          |
|    time_elapsed         | 955          |
|    total_timesteps      | 2990080      |
| train/                  |              |
|    approx_kl            | 0.0077398894 |
|    clip_fraction        | 0.0594       |
|    clip_range           | 0.2          |
|    entropy_loss         | -1.38        |
|    explained_variance   | 0.991        |
|    learning_rate        | 0.0003       |
|    loss                 | 2.59         |
|    n_updates            | 4220         |
|    policy_gradient_loss | -0.00145     |
|    std                  | 0.968        |
|    value_loss           | 26.4         |
------------------------------------------
-----------------------------------------
| rollout/                |             |
|    ep_len_mean          | 992         |
|    ep_rew_mean          | -865        |
| time/                   |             |
|    fps                  | 3131        |
|    iterations           | 366         |
|    time_elapsed         | 957         |
|    total_timesteps      | 2998272     |
| train/                  |             |
|    approx_kl            | 0.003368608 |
|    clip_fraction        | 0.056       |
|    clip_range           | 0.2         |
|    entropy_loss         | -1.4        |
|    explained_variance   | 0.982       |
|    learning_rate        | 0.0003      |
|    loss                 | 165         |
|    n_updates            | 4230        |
|    policy_gradient_loss | -0.00248    |
|    std                  | 0.99        |
|    value_loss           | 118         |
-----------------------------------------
-------------------------------------------
| rollout/                |               |
|    ep_len_mean          | 992           |
|    ep_rew_mean          | -841          |
| time/                   |               |
|    fps                  | 3132          |
|    iterations           | 367           |
|    time_elapsed         | 959           |
|    total_timesteps      | 3006464       |
| train/                  |               |
|    approx_kl            | 0.00038812796 |
|    clip_fraction        | 0.00205       |
|    clip_range           | 0.2           |
|    entropy_loss         | -1.41         |
|    explained_variance   | 0.986         |
|    learning_rate        | 0.0003        |
|    loss                 | 192           |
|    n_updates            | 4240          |
|    policy_gradient_loss | -0.000966     |
|    std                  | 0.995         |
|    value_loss           | 287           |
-------------------------------------------
-------------------------------------------
| rollout/                |               |
|    ep_len_mean          | 992           |
|    ep_rew_mean          | -864          |
| time/                   |               |
|    fps                  | 3133          |
|    iterations           | 368           |
|    time_elapsed         | 962           |
|    total_timesteps      | 3014656       |
| train/                  |               |
|    approx_kl            | 0.00042105338 |
|    clip_fraction        | 0             |
|    clip_range           | 0.2           |
|    entropy_loss         | -1.41         |
|    explained_variance   | 0.995         |
|    learning_rate        | 0.0003        |
|    loss                 | 2.54          |
|    n_updates            | 4250          |
|    policy_gradient_loss | -7.16e-05     |
|    std                  | 0.993         |
|    value_loss           | 32.1          |
-------------------------------------------
------------------------------------------
| rollout/                |              |
|    ep_len_mean          | 983          |
|    ep_rew_mean          | -887         |
| time/                   |              |
|    fps                  | 3134         |
|    iterations           | 369          |
|    time_elapsed         | 964          |
|    total_timesteps      | 3022848      |
| train/                  |              |
|    approx_kl            | 0.0007523448 |
|    clip_fraction        | 0.00132      |
|    clip_range           | 0.2          |
|    entropy_loss         | -1.41        |
|    explained_variance   | 0.98         |
|    learning_rate        | 0.0003       |
|    loss                 | 3.27         |
|    n_updates            | 4260         |
|    policy_gradient_loss | -0.000463    |
|    std                  | 0.994        |
|    value_loss           | 200          |
------------------------------------------
------------------------------------------
| rollout/                |              |
|    ep_len_mean          | 983          |
|    ep_rew_mean          | -930         |
| time/                   |              |
|    fps                  | 3135         |
|    iterations           | 370          |
|    time_elapsed         | 966          |
|    total_timesteps      | 3031040      |
| train/                  |              |
|    approx_kl            | 0.0007105694 |
|    clip_fraction        | 0.00144      |
|    clip_range           | 0.2          |
|    entropy_loss         | -1.42        |
|    explained_variance   | 0.972        |
|    learning_rate        | 0.0003       |
|    loss                 | 103          |
|    n_updates            | 4270         |
|    policy_gradient_loss | -0.000773    |
|    std                  | 1            |
|    value_loss           | 230          |
------------------------------------------
-----------------------------------------
| rollout/                |             |
|    ep_len_mean          | 983         |
|    ep_rew_mean          | -894        |
| time/                   |             |
|    fps                  | 3136        |
|    iterations           | 371         |
|    time_elapsed         | 969         |
|    total_timesteps      | 3039232     |
| train/                  |             |
|    approx_kl            | 0.005198676 |
|    clip_fraction        | 0.0528      |
|    clip_range           | 0.2         |
|    entropy_loss         | -1.42       |
|    explained_variance   | 0.99        |
|    learning_rate        | 0.0003      |
|    loss                 | 4.55        |
|    n_updates            | 4280        |
|    policy_gradient_loss | -0.00135    |
|    std                  | 1           |
|    value_loss           | 38.9        |
-----------------------------------------
Eval num_timesteps=3040000, episode_reward=-603.31 +/- 562.57
Episode length: 1001.00 +/- 0.00
------------------------------------------
| eval/                   |              |
|    mean_ep_length       | 1e+03        |
|    mean_reward          | -603         |
| time/                   |              |
|    total_timesteps      | 3040000      |
| train/                  |              |
|    approx_kl            | 0.0005205915 |
|    clip_fraction        | 0.000159     |
|    clip_range           | 0.2          |
|    entropy_loss         | -1.42        |
|    explained_variance   | 0.985        |
|    learning_rate        | 0.0003       |
|    loss                 | 396          |
|    n_updates            | 4290         |
|    policy_gradient_loss | -0.000199    |
|    std                  | 1            |
|    value_loss           | 462          |
------------------------------------------
---------------------------------
| rollout/           |          |
|    ep_len_mean     | 983      |
|    ep_rew_mean     | -891     |
| time/              |          |
|    fps             | 3119     |
|    iterations      | 372      |
|    time_elapsed    | 976      |
|    total_timesteps | 3047424  |
---------------------------------
-----------------------------------------
| rollout/                |             |
|    ep_len_mean          | 983         |
|    ep_rew_mean          | -841        |
| time/                   |             |
|    fps                  | 3120        |
|    iterations           | 373         |
|    time_elapsed         | 979         |
|    total_timesteps      | 3055616     |
| train/                  |             |
|    approx_kl            | 0.001151432 |
|    clip_fraction        | 0.011       |
|    clip_range           | 0.2         |
|    entropy_loss         | -1.42       |
|    explained_variance   | 0.989       |
|    learning_rate        | 0.0003      |
|    loss                 | 0.932       |
|    n_updates            | 4300        |
|    policy_gradient_loss | -0.000708   |
|    std                  | 1.01        |
|    value_loss           | 86.5        |
-----------------------------------------
------------------------------------------
| rollout/                |              |
|    ep_len_mean          | 992          |
|    ep_rew_mean          | -849         |
| time/                   |              |
|    fps                  | 3121         |
|    iterations           | 374          |
|    time_elapsed         | 981          |
|    total_timesteps      | 3063808      |
| train/                  |              |
|    approx_kl            | 0.0023973146 |
|    clip_fraction        | 0.0692       |
|    clip_range           | 0.2          |
|    entropy_loss         | -1.42        |
|    explained_variance   | 0.97         |
|    learning_rate        | 0.0003       |
|    loss                 | 0.191        |
|    n_updates            | 4310         |
|    policy_gradient_loss | 0.000274     |
|    std                  | 0.995        |
|    value_loss           | 9.34         |
------------------------------------------
-----------------------------------------
| rollout/                |             |
|    ep_len_mean          | 992         |
|    ep_rew_mean          | -891        |
| time/                   |             |
|    fps                  | 3122        |
|    iterations           | 375         |
|    time_elapsed         | 983         |
|    total_timesteps      | 3072000     |
| train/                  |             |
|    approx_kl            | 0.003086986 |
|    clip_fraction        | 0.0789      |
|    clip_range           | 0.2         |
|    entropy_loss         | -1.42       |
|    explained_variance   | 0.994       |
|    learning_rate        | 0.0003      |
|    loss                 | 57          |
|    n_updates            | 4320        |
|    policy_gradient_loss | -0.00119    |
|    std                  | 0.998       |
|    value_loss           | 61.8        |
-----------------------------------------
------------------------------------------
| rollout/                |              |
|    ep_len_mean          | 992          |
|    ep_rew_mean          | -912         |
| time/                   |              |
|    fps                  | 3123         |
|    iterations           | 376          |
|    time_elapsed         | 986          |
|    total_timesteps      | 3080192      |
| train/                  |              |
|    approx_kl            | 0.0002168082 |
|    clip_fraction        | 6.1e-05      |
|    clip_range           | 0.2          |
|    entropy_loss         | -1.42        |
|    explained_variance   | 0.976        |
|    learning_rate        | 0.0003       |
|    loss                 | 55.7         |
|    n_updates            | 4330         |
|    policy_gradient_loss | -0.000287    |
|    std                  | 0.998        |
|    value_loss           | 402          |
------------------------------------------
------------------------------------------
| rollout/                |              |
|    ep_len_mean          | 992          |
|    ep_rew_mean          | -887         |
| time/                   |              |
|    fps                  | 3124         |
|    iterations           | 377          |
|    time_elapsed         | 988          |
|    total_timesteps      | 3088384      |
| train/                  |              |
|    approx_kl            | 0.0017932442 |
|    clip_fraction        | 0.0362       |
|    clip_range           | 0.2          |
|    entropy_loss         | -1.43        |
|    explained_variance   | 0.987        |
|    learning_rate        | 0.0003       |
|    loss                 | 1.93         |
|    n_updates            | 4340         |
|    policy_gradient_loss | -0.00214     |
|    std                  | 1.02         |
|    value_loss           | 1.69         |
------------------------------------------
------------------------------------------
| rollout/                |              |
|    ep_len_mean          | 992          |
|    ep_rew_mean          | -895         |
| time/                   |              |
|    fps                  | 3125         |
|    iterations           | 378          |
|    time_elapsed         | 990          |
|    total_timesteps      | 3096576      |
| train/                  |              |
|    approx_kl            | 0.0035727993 |
|    clip_fraction        | 0.0356       |
|    clip_range           | 0.2          |
|    entropy_loss         | -1.44        |
|    explained_variance   | 0.992        |
|    learning_rate        | 0.0003       |
|    loss                 | 2.84         |
|    n_updates            | 4350         |
|    policy_gradient_loss | -0.000162    |
|    std                  | 1.02         |
|    value_loss           | 23.1         |
------------------------------------------
-------------------------------------------
| rollout/                |               |
|    ep_len_mean          | 992           |
|    ep_rew_mean          | -904          |
| time/                   |               |
|    fps                  | 3126          |
|    iterations           | 379           |
|    time_elapsed         | 993           |
|    total_timesteps      | 3104768       |
| train/                  |               |
|    approx_kl            | 0.00019284099 |
|    clip_fraction        | 0.000134      |
|    clip_range           | 0.2           |
|    entropy_loss         | -1.44         |
|    explained_variance   | 0.988         |
|    learning_rate        | 0.0003        |
|    loss                 | 20.8          |
|    n_updates            | 4360          |
|    policy_gradient_loss | -0.000305     |
|    std                  | 1.02          |
|    value_loss           | 143           |
-------------------------------------------
-------------------------------------------
| rollout/                |               |
|    ep_len_mean          | 983           |
|    ep_rew_mean          | -900          |
| time/                   |               |
|    fps                  | 3127          |
|    iterations           | 380           |
|    time_elapsed         | 995           |
|    total_timesteps      | 3112960       |
| train/                  |               |
|    approx_kl            | 0.00014014158 |
|    clip_fraction        | 0.00022       |
|    clip_range           | 0.2           |
|    entropy_loss         | -1.44         |
|    explained_variance   | 0.991         |
|    learning_rate        | 0.0003        |
|    loss                 | 30.3          |
|    n_updates            | 4370          |
|    policy_gradient_loss | -0.000227     |
|    std                  | 1.02          |
|    value_loss           | 35.5          |
-------------------------------------------
-------------------------------------------
| rollout/                |               |
|    ep_len_mean          | 983           |
|    ep_rew_mean          | -941          |
| time/                   |               |
|    fps                  | 3128          |
|    iterations           | 381           |
|    time_elapsed         | 997           |
|    total_timesteps      | 3121152       |
| train/                  |               |
|    approx_kl            | 0.00069570635 |
|    clip_fraction        | 0.00222       |
|    clip_range           | 0.2           |
|    entropy_loss         | -1.44         |
|    explained_variance   | 0.88          |
|    learning_rate        | 0.0003        |
|    loss                 | 37.3          |
|    n_updates            | 4380          |
|    policy_gradient_loss | -0.000575     |
|    std                  | 1.03          |
|    value_loss           | 110           |
-------------------------------------------
------------------------------------------
| rollout/                |              |
|    ep_len_mean          | 992          |
|    ep_rew_mean          | -817         |
| time/                   |              |
|    fps                  | 3129         |
|    iterations           | 382          |
|    time_elapsed         | 1000         |
|    total_timesteps      | 3129344      |
| train/                  |              |
|    approx_kl            | 0.0002134101 |
|    clip_fraction        | 2.44e-05     |
|    clip_range           | 0.2          |
|    entropy_loss         | -1.44        |
|    explained_variance   | 0.982        |
|    learning_rate        | 0.0003       |
|    loss                 | 50.4         |
|    n_updates            | 4390         |
|    policy_gradient_loss | -0.000135    |
|    std                  | 1.03         |
|    value_loss           | 104          |
------------------------------------------
------------------------------------------
| rollout/                |              |
|    ep_len_mean          | 992          |
|    ep_rew_mean          | -840         |
| time/                   |              |
|    fps                  | 3130         |
|    iterations           | 383          |
|    time_elapsed         | 1002         |
|    total_timesteps      | 3137536      |
| train/                  |              |
|    approx_kl            | 0.0011023001 |
|    clip_fraction        | 0.00183      |
|    clip_range           | 0.2          |
|    entropy_loss         | -1.45        |
|    explained_variance   | 0.98         |
|    learning_rate        | 0.0003       |
|    loss                 | 74.8         |
|    n_updates            | 4400         |
|    policy_gradient_loss | -0.000942    |
|    std                  | 1.03         |
|    value_loss           | 318          |
------------------------------------------
-------------------------------------------
| rollout/                |               |
|    ep_len_mean          | 983           |
|    ep_rew_mean          | -850          |
| time/                   |               |
|    fps                  | 3130          |
|    iterations           | 384           |
|    time_elapsed         | 1004          |
|    total_timesteps      | 3145728       |
| train/                  |               |
|    approx_kl            | 0.00017675757 |
|    clip_fraction        | 0             |
|    clip_range           | 0.2           |
|    entropy_loss         | -1.45         |
|    explained_variance   | 0.981         |
|    learning_rate        | 0.0003        |
|    loss                 | 647           |
|    n_updates            | 4410          |
|    policy_gradient_loss | -3.19e-05     |
|    std                  | 1.03          |
|    value_loss           | 716           |
-------------------------------------------
-----------------------------------------
| rollout/                |             |
|    ep_len_mean          | 983         |
|    ep_rew_mean          | -873        |
| time/                   |             |
|    fps                  | 3131        |
|    iterations           | 385         |
|    time_elapsed         | 1007        |
|    total_timesteps      | 3153920     |
| train/                  |             |
|    approx_kl            | 0.002017433 |
|    clip_fraction        | 0.00132     |
|    clip_range           | 0.2         |
|    entropy_loss         | -1.44       |
|    explained_variance   | 0.956       |
|    learning_rate        | 0.0003      |
|    loss                 | 70.7        |
|    n_updates            | 4420        |
|    policy_gradient_loss | -0.000247   |
|    std                  | 1.03        |
|    value_loss           | 775         |
-----------------------------------------
----------------------------------------
| rollout/                |            |
|    ep_len_mean          | 983        |
|    ep_rew_mean          | -880       |
| time/                   |            |
|    fps                  | 3132       |
|    iterations           | 386        |
|    time_elapsed         | 1009       |
|    total_timesteps      | 3162112    |
| train/                  |            |
|    approx_kl            | 0.01072811 |
|    clip_fraction        | 0.113      |
|    clip_range           | 0.2        |
|    entropy_loss         | -1.46      |
|    explained_variance   | 0.951      |
|    learning_rate        | 0.0003     |
|    loss                 | 0.54       |
|    n_updates            | 4430       |
|    policy_gradient_loss | -0.00196   |
|    std                  | 1.06       |
|    value_loss           | 2.3        |
----------------------------------------
-------------------------------------------
| rollout/                |               |
|    ep_len_mean          | 983           |
|    ep_rew_mean          | -926          |
| time/                   |               |
|    fps                  | 3132          |
|    iterations           | 387           |
|    time_elapsed         | 1011          |
|    total_timesteps      | 3170304       |
| train/                  |               |
|    approx_kl            | 0.00025715606 |
|    clip_fraction        | 0.000232      |
|    clip_range           | 0.2           |
|    entropy_loss         | -1.48         |
|    explained_variance   | 0.985         |
|    learning_rate        | 0.0003        |
|    loss                 | 19.4          |
|    n_updates            | 4440          |
|    policy_gradient_loss | -0.000157     |
|    std                  | 1.06          |
|    value_loss           | 245           |
-------------------------------------------
------------------------------------------
| rollout/                |              |
|    ep_len_mean          | 983          |
|    ep_rew_mean          | -909         |
| time/                   |              |
|    fps                  | 3134         |
|    iterations           | 388          |
|    time_elapsed         | 1014         |
|    total_timesteps      | 3178496      |
| train/                  |              |
|    approx_kl            | 1.623355e-05 |
|    clip_fraction        | 0            |
|    clip_range           | 0.2          |
|    entropy_loss         | -1.48        |
|    explained_variance   | 0.989        |
|    learning_rate        | 0.0003       |
|    loss                 | 44.7         |
|    n_updates            | 4450         |
|    policy_gradient_loss | -4.33e-05    |
|    std                  | 1.06         |
|    value_loss           | 70.2         |
------------------------------------------
------------------------------------------
| rollout/                |              |
|    ep_len_mean          | 983          |
|    ep_rew_mean          | -913         |
| time/                   |              |
|    fps                  | 3134         |
|    iterations           | 389          |
|    time_elapsed         | 1016         |
|    total_timesteps      | 3186688      |
| train/                  |              |
|    approx_kl            | 0.0010075074 |
|    clip_fraction        | 0.00347      |
|    clip_range           | 0.2          |
|    entropy_loss         | -1.48        |
|    explained_variance   | 0.987        |
|    learning_rate        | 0.0003       |
|    loss                 | 101          |
|    n_updates            | 4460         |
|    policy_gradient_loss | -0.00129     |
|    std                  | 1.06         |
|    value_loss           | 68.7         |
------------------------------------------
------------------------------------------
| rollout/                |              |
|    ep_len_mean          | 983          |
|    ep_rew_mean          | -845         |
| time/                   |              |
|    fps                  | 3135         |
|    iterations           | 390          |
|    time_elapsed         | 1018         |
|    total_timesteps      | 3194880      |
| train/                  |              |
|    approx_kl            | 0.0023026853 |
|    clip_fraction        | 0.00511      |
|    clip_range           | 0.2          |
|    entropy_loss         | -1.48        |
|    explained_variance   | 0.994        |
|    learning_rate        | 0.0003       |
|    loss                 | 1.22         |
|    n_updates            | 4470         |
|    policy_gradient_loss | -0.00127     |
|    std                  | 1.06         |
|    value_loss           | 16.9         |
------------------------------------------
Eval num_timesteps=3200000, episode_reward=-901.91 +/- 679.08
Episode length: 1001.00 +/- 0.00
-------------------------------------------
| eval/                   |               |
|    mean_ep_length       | 1e+03         |
|    mean_reward          | -902          |
| time/                   |               |
|    total_timesteps      | 3200000       |
| train/                  |               |
|    approx_kl            | 0.00020934704 |
|    clip_fraction        | 0.000269      |
|    clip_range           | 0.2           |
|    entropy_loss         | -1.47         |
|    explained_variance   | 0.978         |
|    learning_rate        | 0.0003        |
|    loss                 | 1.04e+03      |
|    n_updates            | 4480          |
|    policy_gradient_loss | -0.000218     |
|    std                  | 1.06          |
|    value_loss           | 949           |
-------------------------------------------
---------------------------------
| rollout/           |          |
|    ep_len_mean     | 983      |
|    ep_rew_mean     | -866     |
| time/              |          |
|    fps             | 3120     |
|    iterations      | 391      |
|    time_elapsed    | 1026     |
|    total_timesteps | 3203072  |
---------------------------------
-------------------------------------------
| rollout/                |               |
|    ep_len_mean          | 983           |
|    ep_rew_mean          | -887          |
| time/                   |               |
|    fps                  | 3121          |
|    iterations           | 392           |
|    time_elapsed         | 1028          |
|    total_timesteps      | 3211264       |
| train/                  |               |
|    approx_kl            | 0.00029924128 |
|    clip_fraction        | 0.000403      |
|    clip_range           | 0.2           |
|    entropy_loss         | -1.47         |
|    explained_variance   | 0.986         |
|    learning_rate        | 0.0003        |
|    loss                 | 25.7          |
|    n_updates            | 4490          |
|    policy_gradient_loss | -0.000245     |
|    std                  | 1.06          |
|    value_loss           | 102           |
-------------------------------------------
------------------------------------------
| rollout/                |              |
|    ep_len_mean          | 992          |
|    ep_rew_mean          | -867         |
| time/                   |              |
|    fps                  | 3122         |
|    iterations           | 393          |
|    time_elapsed         | 1031         |
|    total_timesteps      | 3219456      |
| train/                  |              |
|    approx_kl            | 0.0017395419 |
|    clip_fraction        | 0.0294       |
|    clip_range           | 0.2          |
|    entropy_loss         | -1.48        |
|    explained_variance   | 0.992        |
|    learning_rate        | 0.0003       |
|    loss                 | 3.86         |
|    n_updates            | 4500         |
|    policy_gradient_loss | -0.000107    |
|    std                  | 1.07         |
|    value_loss           | 17           |
------------------------------------------
------------------------------------------
| rollout/                |              |
|    ep_len_mean          | 992          |
|    ep_rew_mean          | -920         |
| time/                   |              |
|    fps                  | 3122         |
|    iterations           | 394          |
|    time_elapsed         | 1033         |
|    total_timesteps      | 3227648      |
| train/                  |              |
|    approx_kl            | 0.0011068963 |
|    clip_fraction        | 0.00607      |
|    clip_range           | 0.2          |
|    entropy_loss         | -1.48        |
|    explained_variance   | 0.991        |
|    learning_rate        | 0.0003       |
|    loss                 | 1.85         |
|    n_updates            | 4510         |
|    policy_gradient_loss | 0.000135     |
|    std                  | 1.07         |
|    value_loss           | 9.22         |
------------------------------------------
------------------------------------------
| rollout/                |              |
|    ep_len_mean          | 992          |
|    ep_rew_mean          | -956         |
| time/                   |              |
|    fps                  | 3123         |
|    iterations           | 395          |
|    time_elapsed         | 1035         |
|    total_timesteps      | 3235840      |
| train/                  |              |
|    approx_kl            | 0.0014899396 |
|    clip_fraction        | 0.00321      |
|    clip_range           | 0.2          |
|    entropy_loss         | -1.49        |
|    explained_variance   | 0.996        |
|    learning_rate        | 0.0003       |
|    loss                 | 10.8         |
|    n_updates            | 4520         |
|    policy_gradient_loss | -0.002       |
|    std                  | 1.07         |
|    value_loss           | 27.8         |
------------------------------------------
-------------------------------------------
| rollout/                |               |
|    ep_len_mean          | 992           |
|    ep_rew_mean          | -985          |
| time/                   |               |
|    fps                  | 3124          |
|    iterations           | 396           |
|    time_elapsed         | 1038          |
|    total_timesteps      | 3244032       |
| train/                  |               |
|    approx_kl            | 0.00010319302 |
|    clip_fraction        | 0             |
|    clip_range           | 0.2           |
|    entropy_loss         | -1.49         |
|    explained_variance   | 0.987         |
|    learning_rate        | 0.0003        |
|    loss                 | 104           |
|    n_updates            | 4530          |
|    policy_gradient_loss | -0.000168     |
|    std                  | 1.07          |
|    value_loss           | 133           |
-------------------------------------------
------------------------------------------
| rollout/                |              |
|    ep_len_mean          | 1e+03        |
|    ep_rew_mean          | -880         |
| time/                   |              |
|    fps                  | 3125         |
|    iterations           | 397          |
|    time_elapsed         | 1040         |
|    total_timesteps      | 3252224      |
| train/                  |              |
|    approx_kl            | 0.0022736476 |
|    clip_fraction        | 0.0425       |
|    clip_range           | 0.2          |
|    entropy_loss         | -1.48        |
|    explained_variance   | 0.981        |
|    learning_rate        | 0.0003       |
|    loss                 | 0.498        |
|    n_updates            | 4540         |
|    policy_gradient_loss | 0.000507     |
|    std                  | 1.06         |
|    value_loss           | 1.19         |
------------------------------------------
------------------------------------------
| rollout/                |              |
|    ep_len_mean          | 1e+03        |
|    ep_rew_mean          | -863         |
| time/                   |              |
|    fps                  | 3126         |
|    iterations           | 398          |
|    time_elapsed         | 1042         |
|    total_timesteps      | 3260416      |
| train/                  |              |
|    approx_kl            | 0.0011527287 |
|    clip_fraction        | 6.1e-05      |
|    clip_range           | 0.2          |
|    entropy_loss         | -1.48        |
|    explained_variance   | 0.983        |
|    learning_rate        | 0.0003       |
|    loss                 | 32.5         |
|    n_updates            | 4550         |
|    policy_gradient_loss | -0.000379    |
|    std                  | 1.06         |
|    value_loss           | 45.8         |
------------------------------------------
-------------------------------------------
| rollout/                |               |
|    ep_len_mean          | 1e+03         |
|    ep_rew_mean          | -829          |
| time/                   |               |
|    fps                  | 3127          |
|    iterations           | 399           |
|    time_elapsed         | 1045          |
|    total_timesteps      | 3268608       |
| train/                  |               |
|    approx_kl            | 1.1417607e-05 |
|    clip_fraction        | 0             |
|    clip_range           | 0.2           |
|    entropy_loss         | -1.48         |
|    explained_variance   | 0.992         |
|    learning_rate        | 0.0003        |
|    loss                 | 53.2          |
|    n_updates            | 4560          |
|    policy_gradient_loss | 3.83e-05      |
|    std                  | 1.06          |
|    value_loss           | 127           |
-------------------------------------------
-------------------------------------------
| rollout/                |               |
|    ep_len_mean          | 992           |
|    ep_rew_mean          | -802          |
| time/                   |               |
|    fps                  | 3128          |
|    iterations           | 400           |
|    time_elapsed         | 1047          |
|    total_timesteps      | 3276800       |
| train/                  |               |
|    approx_kl            | 2.3735607e-05 |
|    clip_fraction        | 0             |
|    clip_range           | 0.2           |
|    entropy_loss         | -1.48         |
|    explained_variance   | 0.987         |
|    learning_rate        | 0.0003        |
|    loss                 | 46.3          |
|    n_updates            | 4570          |
|    policy_gradient_loss | -2.41e-05     |
|    std                  | 1.06          |
|    value_loss           | 168           |
-------------------------------------------
------------------------------------------
| rollout/                |              |
|    ep_len_mean          | 983          |
|    ep_rew_mean          | -845         |
| time/                   |              |
|    fps                  | 3128         |
|    iterations           | 401          |
|    time_elapsed         | 1049         |
|    total_timesteps      | 3284992      |
| train/                  |              |
|    approx_kl            | 0.0003316098 |
|    clip_fraction        | 2.44e-05     |
|    clip_range           | 0.2          |
|    entropy_loss         | -1.48        |
|    explained_variance   | 0.964        |
|    learning_rate        | 0.0003       |
|    loss                 | 513          |
|    n_updates            | 4580         |
|    policy_gradient_loss | -0.00032     |
|    std                  | 1.06         |
|    value_loss           | 510          |
------------------------------------------
------------------------------------------
| rollout/                |              |
|    ep_len_mean          | 983          |
|    ep_rew_mean          | -867         |
| time/                   |              |
|    fps                  | 3129         |
|    iterations           | 402          |
|    time_elapsed         | 1052         |
|    total_timesteps      | 3293184      |
| train/                  |              |
|    approx_kl            | 0.0005644497 |
|    clip_fraction        | 1.22e-05     |
|    clip_range           | 0.2          |
|    entropy_loss         | -1.48        |
|    explained_variance   | 0.982        |
|    learning_rate        | 0.0003       |
|    loss                 | 108          |
|    n_updates            | 4590         |
|    policy_gradient_loss | -0.000658    |
|    std                  | 1.06         |
|    value_loss           | 244          |
------------------------------------------
-------------------------------------------
| rollout/                |               |
|    ep_len_mean          | 983           |
|    ep_rew_mean          | -898          |
| time/                   |               |
|    fps                  | 3128          |
|    iterations           | 403           |
|    time_elapsed         | 1055          |
|    total_timesteps      | 3301376       |
| train/                  |               |
|    approx_kl            | 0.00025279884 |
|    clip_fraction        | 0             |
|    clip_range           | 0.2           |
|    entropy_loss         | -1.48         |
|    explained_variance   | 0.987         |
|    learning_rate        | 0.0003        |
|    loss                 | 59.6          |
|    n_updates            | 4600          |
|    policy_gradient_loss | -0.000258     |
|    std                  | 1.06          |
|    value_loss           | 267           |
-------------------------------------------
------------------------------------------
| rollout/                |              |
|    ep_len_mean          | 983          |
|    ep_rew_mean          | -898         |
| time/                   |              |
|    fps                  | 3129         |
|    iterations           | 404          |
|    time_elapsed         | 1057         |
|    total_timesteps      | 3309568      |
| train/                  |              |
|    approx_kl            | 0.0004769953 |
|    clip_fraction        | 0.000134     |
|    clip_range           | 0.2          |
|    entropy_loss         | -1.48        |
|    explained_variance   | 0.992        |
|    learning_rate        | 0.0003       |
|    loss                 | 13.7         |
|    n_updates            | 4610         |
|    policy_gradient_loss | -0.00024     |
|    std                  | 1.07         |
|    value_loss           | 20.6         |
------------------------------------------
------------------------------------------
| rollout/                |              |
|    ep_len_mean          | 983          |
|    ep_rew_mean          | -865         |
| time/                   |              |
|    fps                  | 3130         |
|    iterations           | 405          |
|    time_elapsed         | 1059         |
|    total_timesteps      | 3317760      |
| train/                  |              |
|    approx_kl            | 0.0060343854 |
|    clip_fraction        | 0.0287       |
|    clip_range           | 0.2          |
|    entropy_loss         | -1.49        |
|    explained_variance   | 0.986        |
|    learning_rate        | 0.0003       |
|    loss                 | 13.1         |
|    n_updates            | 4620         |
|    policy_gradient_loss | -0.000247    |
|    std                  | 1.07         |
|    value_loss           | 129          |
------------------------------------------
-------------------------------------------
| rollout/                |               |
|    ep_len_mean          | 983           |
|    ep_rew_mean          | -846          |
| time/                   |               |
|    fps                  | 3130          |
|    iterations           | 406           |
|    time_elapsed         | 1062          |
|    total_timesteps      | 3325952       |
| train/                  |               |
|    approx_kl            | 0.00017241697 |
|    clip_fraction        | 0.00011       |
|    clip_range           | 0.2           |
|    entropy_loss         | -1.49         |
|    explained_variance   | 0.989         |
|    learning_rate        | 0.0003        |
|    loss                 | 93.5          |
|    n_updates            | 4630          |
|    policy_gradient_loss | -0.000709     |
|    std                  | 1.07          |
|    value_loss           | 142           |
-------------------------------------------
------------------------------------------
| rollout/                |              |
|    ep_len_mean          | 983          |
|    ep_rew_mean          | -821         |
| time/                   |              |
|    fps                  | 3131         |
|    iterations           | 407          |
|    time_elapsed         | 1064         |
|    total_timesteps      | 3334144      |
| train/                  |              |
|    approx_kl            | 0.0005027266 |
|    clip_fraction        | 0.00118      |
|    clip_range           | 0.2          |
|    entropy_loss         | -1.49        |
|    explained_variance   | 0.991        |
|    learning_rate        | 0.0003       |
|    loss                 | 63.1         |
|    n_updates            | 4640         |
|    policy_gradient_loss | -0.00178     |
|    std                  | 1.07         |
|    value_loss           | 182          |
------------------------------------------
------------------------------------------
| rollout/                |              |
|    ep_len_mean          | 983          |
|    ep_rew_mean          | -847         |
| time/                   |              |
|    fps                  | 3132         |
|    iterations           | 408          |
|    time_elapsed         | 1067         |
|    total_timesteps      | 3342336      |
| train/                  |              |
|    approx_kl            | 7.980944e-05 |
|    clip_fraction        | 0            |
|    clip_range           | 0.2          |
|    entropy_loss         | -1.49        |
|    explained_variance   | 0.987        |
|    learning_rate        | 0.0003       |
|    loss                 | 70.8         |
|    n_updates            | 4650         |
|    policy_gradient_loss | 0.000144     |
|    std                  | 1.07         |
|    value_loss           | 77           |
------------------------------------------
-------------------------------------------
| rollout/                |               |
|    ep_len_mean          | 983           |
|    ep_rew_mean          | -871          |
| time/                   |               |
|    fps                  | 3132          |
|    iterations           | 409           |
|    time_elapsed         | 1069          |
|    total_timesteps      | 3350528       |
| train/                  |               |
|    approx_kl            | 0.00027155256 |
|    clip_fraction        | 0.00022       |
|    clip_range           | 0.2           |
|    entropy_loss         | -1.49         |
|    explained_variance   | 0.996         |
|    learning_rate        | 0.0003        |
|    loss                 | 1.98          |
|    n_updates            | 4660          |
|    policy_gradient_loss | 0.000125      |
|    std                  | 1.08          |
|    value_loss           | 6.1           |
-------------------------------------------
------------------------------------------
| rollout/                |              |
|    ep_len_mean          | 983          |
|    ep_rew_mean          | -868         |
| time/                   |              |
|    fps                  | 3133         |
|    iterations           | 410          |
|    time_elapsed         | 1071         |
|    total_timesteps      | 3358720      |
| train/                  |              |
|    approx_kl            | 0.0013625054 |
|    clip_fraction        | 0.00276      |
|    clip_range           | 0.2          |
|    entropy_loss         | -1.5         |
|    explained_variance   | 0.979        |
|    learning_rate        | 0.0003       |
|    loss                 | 328          |
|    n_updates            | 4670         |
|    policy_gradient_loss | -0.00154     |
|    std                  | 1.08         |
|    value_loss           | 601          |
------------------------------------------
Eval num_timesteps=3360000, episode_reward=-1493.84 +/- 964.53
Episode length: 1001.00 +/- 0.00
------------------------------------------
| eval/                   |              |
|    mean_ep_length       | 1e+03        |
|    mean_reward          | -1.49e+03    |
| time/                   |              |
|    total_timesteps      | 3360000      |
| train/                  |              |
|    approx_kl            | 9.930738e-05 |
|    clip_fraction        | 0            |
|    clip_range           | 0.2          |
|    entropy_loss         | -1.5         |
|    explained_variance   | 0.986        |
|    learning_rate        | 0.0003       |
|    loss                 | 161          |
|    n_updates            | 4680         |
|    policy_gradient_loss | -0.000101    |
|    std                  | 1.08         |
|    value_loss           | 326          |
------------------------------------------
---------------------------------
| rollout/           |          |
|    ep_len_mean     | 974      |
|    ep_rew_mean     | -912     |
| time/              |          |
|    fps             | 3117     |
|    iterations      | 411      |
|    time_elapsed    | 1079     |
|    total_timesteps | 3366912  |
---------------------------------
-------------------------------------------
| rollout/                |               |
|    ep_len_mean          | 974           |
|    ep_rew_mean          | -923          |
| time/                   |               |
|    fps                  | 3118          |
|    iterations           | 412           |
|    time_elapsed         | 1082          |
|    total_timesteps      | 3375104       |
| train/                  |               |
|    approx_kl            | 0.00020447737 |
|    clip_fraction        | 3.66e-05      |
|    clip_range           | 0.2           |
|    entropy_loss         | -1.5          |
|    explained_variance   | 0.973         |
|    learning_rate        | 0.0003        |
|    loss                 | 134           |
|    n_updates            | 4690          |
|    policy_gradient_loss | -0.000162     |
|    std                  | 1.08          |
|    value_loss           | 353           |
-------------------------------------------
------------------------------------------
| rollout/                |              |
|    ep_len_mean          | 992          |
|    ep_rew_mean          | -923         |
| time/                   |              |
|    fps                  | 3119         |
|    iterations           | 413          |
|    time_elapsed         | 1084         |
|    total_timesteps      | 3383296      |
| train/                  |              |
|    approx_kl            | 0.0025188914 |
|    clip_fraction        | 0.0021       |
|    clip_range           | 0.2          |
|    entropy_loss         | -1.5         |
|    explained_variance   | 0.968        |
|    learning_rate        | 0.0003       |
|    loss                 | 76.6         |
|    n_updates            | 4700         |
|    policy_gradient_loss | -6.58e-05    |
|    std                  | 1.09         |
|    value_loss           | 502          |
------------------------------------------
--------------------------------------------
| rollout/                |                |
|    ep_len_mean          | 992            |
|    ep_rew_mean          | -925           |
| time/                   |                |
|    fps                  | 3120           |
|    iterations           | 414            |
|    time_elapsed         | 1086           |
|    total_timesteps      | 3391488        |
| train/                  |                |
|    approx_kl            | 0.000120671255 |
|    clip_fraction        | 0              |
|    clip_range           | 0.2            |
|    entropy_loss         | -1.5           |
|    explained_variance   | 0.989          |
|    learning_rate        | 0.0003         |
|    loss                 | 7.74           |
|    n_updates            | 4710           |
|    policy_gradient_loss | -0.000198      |
|    std                  | 1.09           |
|    value_loss           | 105            |
--------------------------------------------
-------------------------------------------
| rollout/                |               |
|    ep_len_mean          | 992           |
|    ep_rew_mean          | -914          |
| time/                   |               |
|    fps                  | 3121          |
|    iterations           | 415           |
|    time_elapsed         | 1089          |
|    total_timesteps      | 3399680       |
| train/                  |               |
|    approx_kl            | 0.00034595202 |
|    clip_fraction        | 0.000745      |
|    clip_range           | 0.2           |
|    entropy_loss         | -1.5          |
|    explained_variance   | 0.985         |
|    learning_rate        | 0.0003        |
|    loss                 | 150           |
|    n_updates            | 4720          |
|    policy_gradient_loss | -0.000936     |
|    std                  | 1.09          |
|    value_loss           | 276           |
-------------------------------------------
------------------------------------------
| rollout/                |              |
|    ep_len_mean          | 992          |
|    ep_rew_mean          | -942         |
| time/                   |              |
|    fps                  | 3121         |
|    iterations           | 416          |
|    time_elapsed         | 1091         |
|    total_timesteps      | 3407872      |
| train/                  |              |
|    approx_kl            | 0.0022484474 |
|    clip_fraction        | 0.00153      |
|    clip_range           | 0.2          |
|    entropy_loss         | -1.5         |
|    explained_variance   | 0.986        |
|    learning_rate        | 0.0003       |
|    loss                 | 2.56         |
|    n_updates            | 4730         |
|    policy_gradient_loss | -3.53e-05    |
|    std                  | 1.09         |
|    value_loss           | 106          |
------------------------------------------
-----------------------------------------
| rollout/                |             |
|    ep_len_mean          | 983         |
|    ep_rew_mean          | -995        |
| time/                   |             |
|    fps                  | 3122        |
|    iterations           | 417         |
|    time_elapsed         | 1094        |
|    total_timesteps      | 3416064     |
| train/                  |             |
|    approx_kl            | 0.004454273 |
|    clip_fraction        | 0.0218      |
|    clip_range           | 0.2         |
|    entropy_loss         | -1.5        |
|    explained_variance   | 0.968       |
|    learning_rate        | 0.0003      |
|    loss                 | 14.2        |
|    n_updates            | 4740        |
|    policy_gradient_loss | 0.00125     |
|    std                  | 1.09        |
|    value_loss           | 423         |
-----------------------------------------
-----------------------------------------
| rollout/                |             |
|    ep_len_mean          | 983         |
|    ep_rew_mean          | -1.02e+03   |
| time/                   |             |
|    fps                  | 3123        |
|    iterations           | 418         |
|    time_elapsed         | 1096        |
|    total_timesteps      | 3424256     |
| train/                  |             |
|    approx_kl            | 0.023572288 |
|    clip_fraction        | 0.393       |
|    clip_range           | 0.2         |
|    entropy_loss         | -1.5        |
|    explained_variance   | 0.986       |
|    learning_rate        | 0.0003      |
|    loss                 | 129         |
|    n_updates            | 4750        |
|    policy_gradient_loss | 0.00352     |
|    std                  | 1.09        |
|    value_loss           | 389         |
-----------------------------------------
-----------------------------------------
| rollout/                |             |
|    ep_len_mean          | 983         |
|    ep_rew_mean          | -1.03e+03   |
| time/                   |             |
|    fps                  | 3124        |
|    iterations           | 419         |
|    time_elapsed         | 1098        |
|    total_timesteps      | 3432448     |
| train/                  |             |
|    approx_kl            | 0.002586023 |
|    clip_fraction        | 0.00118     |
|    clip_range           | 0.2         |
|    entropy_loss         | -1.5        |
|    explained_variance   | 0.973       |
|    learning_rate        | 0.0003      |
|    loss                 | 21.4        |
|    n_updates            | 4760        |
|    policy_gradient_loss | -0.000502   |
|    std                  | 1.08        |
|    value_loss           | 136         |
-----------------------------------------
------------------------------------------
| rollout/                |              |
|    ep_len_mean          | 983          |
|    ep_rew_mean          | -1.02e+03    |
| time/                   |              |
|    fps                  | 3124         |
|    iterations           | 420          |
|    time_elapsed         | 1101         |
|    total_timesteps      | 3440640      |
| train/                  |              |
|    approx_kl            | 0.0024606541 |
|    clip_fraction        | 0.00585      |
|    clip_range           | 0.2          |
|    entropy_loss         | -1.5         |
|    explained_variance   | 0.986        |
|    learning_rate        | 0.0003       |
|    loss                 | 110          |
|    n_updates            | 4770         |
|    policy_gradient_loss | -0.000659    |
|    std                  | 1.09         |
|    value_loss           | 119          |
------------------------------------------
------------------------------------------
| rollout/                |              |
|    ep_len_mean          | 983          |
|    ep_rew_mean          | -1.06e+03    |
| time/                   |              |
|    fps                  | 3125         |
|    iterations           | 421          |
|    time_elapsed         | 1103         |
|    total_timesteps      | 3448832      |
| train/                  |              |
|    approx_kl            | 0.0028785272 |
|    clip_fraction        | 0.0256       |
|    clip_range           | 0.2          |
|    entropy_loss         | -1.5         |
|    explained_variance   | 0.989        |
|    learning_rate        | 0.0003       |
|    loss                 | 0.495        |
|    n_updates            | 4780         |
|    policy_gradient_loss | 0.000216     |
|    std                  | 1.07         |
|    value_loss           | 44.7         |
------------------------------------------
------------------------------------------
| rollout/                |              |
|    ep_len_mean          | 974          |
|    ep_rew_mean          | -1.05e+03    |
| time/                   |              |
|    fps                  | 3126         |
|    iterations           | 422          |
|    time_elapsed         | 1105         |
|    total_timesteps      | 3457024      |
| train/                  |              |
|    approx_kl            | 0.0006059496 |
|    clip_fraction        | 0.00148      |
|    clip_range           | 0.2          |
|    entropy_loss         | -1.49        |
|    explained_variance   | 0.972        |
|    learning_rate        | 0.0003       |
|    loss                 | 16.9         |
|    n_updates            | 4790         |
|    policy_gradient_loss | 9.17e-05     |
|    std                  | 1.07         |
|    value_loss           | 588          |
------------------------------------------
-------------------------------------------
| rollout/                |               |
|    ep_len_mean          | 974           |
|    ep_rew_mean          | -1.05e+03     |
| time/                   |               |
|    fps                  | 3126          |
|    iterations           | 423           |
|    time_elapsed         | 1108          |
|    total_timesteps      | 3465216       |
| train/                  |               |
|    approx_kl            | 3.0449395e-05 |
|    clip_fraction        | 0             |
|    clip_range           | 0.2           |
|    entropy_loss         | -1.49         |
|    explained_variance   | 0.974         |
|    learning_rate        | 0.0003        |
|    loss                 | 142           |
|    n_updates            | 4800          |
|    policy_gradient_loss | -3.31e-05     |
|    std                  | 1.08          |
|    value_loss           | 505           |
-------------------------------------------
------------------------------------------
| rollout/                |              |
|    ep_len_mean          | 974          |
|    ep_rew_mean          | -1.01e+03    |
| time/                   |              |
|    fps                  | 3127         |
|    iterations           | 424          |
|    time_elapsed         | 1110         |
|    total_timesteps      | 3473408      |
| train/                  |              |
|    approx_kl            | 0.0050927647 |
|    clip_fraction        | 0.0197       |
|    clip_range           | 0.2          |
|    entropy_loss         | -1.49        |
|    explained_variance   | 0.976        |
|    learning_rate        | 0.0003       |
|    loss                 | 68.9         |
|    n_updates            | 4810         |
|    policy_gradient_loss | -0.00143     |
|    std                  | 1.08         |
|    value_loss           | 269          |
------------------------------------------
------------------------------------------
| rollout/                |              |
|    ep_len_mean          | 974          |
|    ep_rew_mean          | -1.03e+03    |
| time/                   |              |
|    fps                  | 3128         |
|    iterations           | 425          |
|    time_elapsed         | 1112         |
|    total_timesteps      | 3481600      |
| train/                  |              |
|    approx_kl            | 0.0055817678 |
|    clip_fraction        | 0.0616       |
|    clip_range           | 0.2          |
|    entropy_loss         | -1.5         |
|    explained_variance   | 0.977        |
|    learning_rate        | 0.0003       |
|    loss                 | 1.95         |
|    n_updates            | 4820         |
|    policy_gradient_loss | -0.000871    |
|    std                  | 1.09         |
|    value_loss           | 26.8         |
------------------------------------------
------------------------------------------
| rollout/                |              |
|    ep_len_mean          | 974          |
|    ep_rew_mean          | -1.04e+03    |
| time/                   |              |
|    fps                  | 3128         |
|    iterations           | 426          |
|    time_elapsed         | 1115         |
|    total_timesteps      | 3489792      |
| train/                  |              |
|    approx_kl            | 0.0005819007 |
|    clip_fraction        | 0.00109      |
|    clip_range           | 0.2          |
|    entropy_loss         | -1.51        |
|    explained_variance   | 0.962        |
|    learning_rate        | 0.0003       |
|    loss                 | 96.4         |
|    n_updates            | 4830         |
|    policy_gradient_loss | -0.000418    |
|    std                  | 1.09         |
|    value_loss           | 625          |
------------------------------------------
-----------------------------------------
| rollout/                |             |
|    ep_len_mean          | 974         |
|    ep_rew_mean          | -1.03e+03   |
| time/                   |             |
|    fps                  | 3129        |
|    iterations           | 427         |
|    time_elapsed         | 1117        |
|    total_timesteps      | 3497984     |
| train/                  |             |
|    approx_kl            | 0.004297036 |
|    clip_fraction        | 0.0164      |
|    clip_range           | 0.2         |
|    entropy_loss         | -1.51       |
|    explained_variance   | 0.991       |
|    learning_rate        | 0.0003      |
|    loss                 | 61.2        |
|    n_updates            | 4840        |
|    policy_gradient_loss | -0.000798   |
|    std                  | 1.09        |
|    value_loss           | 46.8        |
-----------------------------------------
------------------------------------------
| rollout/                |              |
|    ep_len_mean          | 974          |
|    ep_rew_mean          | -1e+03       |
| time/                   |              |
|    fps                  | 3130         |
|    iterations           | 428          |
|    time_elapsed         | 1120         |
|    total_timesteps      | 3506176      |
| train/                  |              |
|    approx_kl            | 0.0009573543 |
|    clip_fraction        | 0.0277       |
|    clip_range           | 0.2          |
|    entropy_loss         | -1.51        |
|    explained_variance   | 0.997        |
|    learning_rate        | 0.0003       |
|    loss                 | 0.741        |
|    n_updates            | 4850         |
|    policy_gradient_loss | -0.000818    |
|    std                  | 1.1          |
|    value_loss           | 14.4         |
------------------------------------------
------------------------------------------
| rollout/                |              |
|    ep_len_mean          | 974          |
|    ep_rew_mean          | -929         |
| time/                   |              |
|    fps                  | 3131         |
|    iterations           | 429          |
|    time_elapsed         | 1122         |
|    total_timesteps      | 3514368      |
| train/                  |              |
|    approx_kl            | 0.0023262906 |
|    clip_fraction        | 0.00231      |
|    clip_range           | 0.2          |
|    entropy_loss         | -1.51        |
|    explained_variance   | 0.993        |
|    learning_rate        | 0.0003       |
|    loss                 | 12.2         |
|    n_updates            | 4860         |
|    policy_gradient_loss | 0.000132     |
|    std                  | 1.1          |
|    value_loss           | 73.3         |
------------------------------------------
Eval num_timesteps=3520000, episode_reward=-652.98 +/- 748.63
Episode length: 1001.00 +/- 0.00
------------------------------------------
| eval/                   |              |
|    mean_ep_length       | 1e+03        |
|    mean_reward          | -653         |
| time/                   |              |
|    total_timesteps      | 3520000      |
| train/                  |              |
|    approx_kl            | 0.0006810572 |
|    clip_fraction        | 0.00117      |
|    clip_range           | 0.2          |
|    entropy_loss         | -1.51        |
|    explained_variance   | 0.966        |
|    learning_rate        | 0.0003       |
|    loss                 | 105          |
|    n_updates            | 4870         |
|    policy_gradient_loss | -0.000586    |
|    std                  | 1.1          |
|    value_loss           | 285          |
------------------------------------------
---------------------------------
| rollout/           |          |
|    ep_len_mean     | 974      |
|    ep_rew_mean     | -881     |
| time/              |          |
|    fps             | 3116     |
|    iterations      | 430      |
|    time_elapsed    | 1130     |
|    total_timesteps | 3522560  |
---------------------------------
------------------------------------------
| rollout/                |              |
|    ep_len_mean          | 974          |
|    ep_rew_mean          | -889         |
| time/                   |              |
|    fps                  | 3117         |
|    iterations           | 431          |
|    time_elapsed         | 1132         |
|    total_timesteps      | 3530752      |
| train/                  |              |
|    approx_kl            | 0.0037647802 |
|    clip_fraction        | 0.0235       |
|    clip_range           | 0.2          |
|    entropy_loss         | -1.52        |
|    explained_variance   | 0.979        |
|    learning_rate        | 0.0003       |
|    loss                 | 13.7         |
|    n_updates            | 4880         |
|    policy_gradient_loss | -0.000765    |
|    std                  | 1.1          |
|    value_loss           | 95.4         |
------------------------------------------
-----------------------------------------
| rollout/                |             |
|    ep_len_mean          | 974         |
|    ep_rew_mean          | -916        |
| time/                   |             |
|    fps                  | 3117        |
|    iterations           | 432         |
|    time_elapsed         | 1135        |
|    total_timesteps      | 3538944     |
| train/                  |             |
|    approx_kl            | 0.033085976 |
|    clip_fraction        | 0.0653      |
|    clip_range           | 0.2         |
|    entropy_loss         | -1.52       |
|    explained_variance   | 0.996       |
|    learning_rate        | 0.0003      |
|    loss                 | 5.25        |
|    n_updates            | 4890        |
|    policy_gradient_loss | 0.001       |
|    std                  | 1.1         |
|    value_loss           | 29.7        |
-----------------------------------------
------------------------------------------
| rollout/                |              |
|    ep_len_mean          | 974          |
|    ep_rew_mean          | -830         |
| time/                   |              |
|    fps                  | 3118         |
|    iterations           | 433          |
|    time_elapsed         | 1137         |
|    total_timesteps      | 3547136      |
| train/                  |              |
|    approx_kl            | 0.0003803403 |
|    clip_fraction        | 0.0688       |
|    clip_range           | 0.2          |
|    entropy_loss         | -1.52        |
|    explained_variance   | 0.984        |
|    learning_rate        | 0.0003       |
|    loss                 | 13.2         |
|    n_updates            | 4900         |
|    policy_gradient_loss | 0.000573     |
|    std                  | 1.1          |
|    value_loss           | 36.3         |
------------------------------------------
------------------------------------------
| rollout/                |              |
|    ep_len_mean          | 983          |
|    ep_rew_mean          | -839         |
| time/                   |              |
|    fps                  | 3119         |
|    iterations           | 434          |
|    time_elapsed         | 1139         |
|    total_timesteps      | 3555328      |
| train/                  |              |
|    approx_kl            | 0.0017220792 |
|    clip_fraction        | 0.00148      |
|    clip_range           | 0.2          |
|    entropy_loss         | -1.52        |
|    explained_variance   | 0.989        |
|    learning_rate        | 0.0003       |
|    loss                 | 139          |
|    n_updates            | 4910         |
|    policy_gradient_loss | -0.000646    |
|    std                  | 1.11         |
|    value_loss           | 210          |
------------------------------------------
-------------------------------------------
| rollout/                |               |
|    ep_len_mean          | 992           |
|    ep_rew_mean          | -832          |
| time/                   |               |
|    fps                  | 3120          |
|    iterations           | 435           |
|    time_elapsed         | 1142          |
|    total_timesteps      | 3563520       |
| train/                  |               |
|    approx_kl            | 0.00078853173 |
|    clip_fraction        | 0.000769      |
|    clip_range           | 0.2           |
|    entropy_loss         | -1.52         |
|    explained_variance   | 0.991         |
|    learning_rate        | 0.0003        |
|    loss                 | 13            |
|    n_updates            | 4920          |
|    policy_gradient_loss | -0.000219     |
|    std                  | 1.11          |
|    value_loss           | 80.8          |
-------------------------------------------
------------------------------------------
| rollout/                |              |
|    ep_len_mean          | 992          |
|    ep_rew_mean          | -834         |
| time/                   |              |
|    fps                  | 3120         |
|    iterations           | 436          |
|    time_elapsed         | 1144         |
|    total_timesteps      | 3571712      |
| train/                  |              |
|    approx_kl            | 0.0008495515 |
|    clip_fraction        | 0.00189      |
|    clip_range           | 0.2          |
|    entropy_loss         | -1.53        |
|    explained_variance   | 0.989        |
|    learning_rate        | 0.0003       |
|    loss                 | 119          |
|    n_updates            | 4930         |
|    policy_gradient_loss | -0.00186     |
|    std                  | 1.12         |
|    value_loss           | 127          |
------------------------------------------
-------------------------------------------
| rollout/                |               |
|    ep_len_mean          | 992           |
|    ep_rew_mean          | -819          |
| time/                   |               |
|    fps                  | 3121          |
|    iterations           | 437           |
|    time_elapsed         | 1146          |
|    total_timesteps      | 3579904       |
| train/                  |               |
|    approx_kl            | 0.00016355995 |
|    clip_fraction        | 0             |
|    clip_range           | 0.2           |
|    entropy_loss         | -1.53         |
|    explained_variance   | 0.977         |
|    learning_rate        | 0.0003        |
|    loss                 | 661           |
|    n_updates            | 4940          |
|    policy_gradient_loss | -0.000202     |
|    std                  | 1.13          |
|    value_loss           | 420           |
-------------------------------------------
------------------------------------------
| rollout/                |              |
|    ep_len_mean          | 992          |
|    ep_rew_mean          | -825         |
| time/                   |              |
|    fps                  | 3122         |
|    iterations           | 438          |
|    time_elapsed         | 1149         |
|    total_timesteps      | 3588096      |
| train/                  |              |
|    approx_kl            | 0.0008277203 |
|    clip_fraction        | 0.000171     |
|    clip_range           | 0.2          |
|    entropy_loss         | -1.54        |
|    explained_variance   | 0.994        |
|    learning_rate        | 0.0003       |
|    loss                 | 50.8         |
|    n_updates            | 4950         |
|    policy_gradient_loss | -4.13e-05    |
|    std                  | 1.13         |
|    value_loss           | 112          |
------------------------------------------
-----------------------------------------
| rollout/                |             |
|    ep_len_mean          | 992         |
|    ep_rew_mean          | -803        |
| time/                   |             |
|    fps                  | 3123        |
|    iterations           | 439         |
|    time_elapsed         | 1151        |
|    total_timesteps      | 3596288     |
| train/                  |             |
|    approx_kl            | 0.002480717 |
|    clip_fraction        | 0.00688     |
|    clip_range           | 0.2         |
|    entropy_loss         | -1.54       |
|    explained_variance   | 0.978       |
|    learning_rate        | 0.0003      |
|    loss                 | 312         |
|    n_updates            | 4960        |
|    policy_gradient_loss | -0.00177    |
|    std                  | 1.14        |
|    value_loss           | 343         |
-----------------------------------------
-----------------------------------------
| rollout/                |             |
|    ep_len_mean          | 992         |
|    ep_rew_mean          | -833        |
| time/                   |             |
|    fps                  | 3124        |
|    iterations           | 440         |
|    time_elapsed         | 1153        |
|    total_timesteps      | 3604480     |
| train/                  |             |
|    approx_kl            | 0.002497219 |
|    clip_fraction        | 0.0261      |
|    clip_range           | 0.2         |
|    entropy_loss         | -1.55       |
|    explained_variance   | 0.964       |
|    learning_rate        | 0.0003      |
|    loss                 | 2.28        |
|    n_updates            | 4970        |
|    policy_gradient_loss | -0.00031    |
|    std                  | 1.14        |
|    value_loss           | 35.5        |
-----------------------------------------
------------------------------------------
| rollout/                |              |
|    ep_len_mean          | 1e+03        |
|    ep_rew_mean          | -843         |
| time/                   |              |
|    fps                  | 3124         |
|    iterations           | 441          |
|    time_elapsed         | 1156         |
|    total_timesteps      | 3612672      |
| train/                  |              |
|    approx_kl            | 0.0005843447 |
|    clip_fraction        | 0.00203      |
|    clip_range           | 0.2          |
|    entropy_loss         | -1.55        |
|    explained_variance   | 0.986        |
|    learning_rate        | 0.0003       |
|    loss                 | 1.48         |
|    n_updates            | 4980         |
|    policy_gradient_loss | -0.00118     |
|    std                  | 1.14         |
|    value_loss           | 32.2         |
------------------------------------------
-------------------------------------------
| rollout/                |               |
|    ep_len_mean          | 1e+03         |
|    ep_rew_mean          | -870          |
| time/                   |               |
|    fps                  | 3125          |
|    iterations           | 442           |
|    time_elapsed         | 1158          |
|    total_timesteps      | 3620864       |
| train/                  |               |
|    approx_kl            | 0.00032133673 |
|    clip_fraction        | 0.000439      |
|    clip_range           | 0.2           |
|    entropy_loss         | -1.56         |
|    explained_variance   | 0.994         |
|    learning_rate        | 0.0003        |
|    loss                 | 9.45          |
|    n_updates            | 4990          |
|    policy_gradient_loss | 1.3e-05       |
|    std                  | 1.15          |
|    value_loss           | 26.5          |
-------------------------------------------
-------------------------------------------
| rollout/                |               |
|    ep_len_mean          | 1e+03         |
|    ep_rew_mean          | -858          |
| time/                   |               |
|    fps                  | 3126          |
|    iterations           | 443           |
|    time_elapsed         | 1160          |
|    total_timesteps      | 3629056       |
| train/                  |               |
|    approx_kl            | 0.00044749532 |
|    clip_fraction        | 0.000269      |
|    clip_range           | 0.2           |
|    entropy_loss         | -1.56         |
|    explained_variance   | 0.99          |
|    learning_rate        | 0.0003        |
|    loss                 | 28.3          |
|    n_updates            | 5000          |
|    policy_gradient_loss | -0.00024      |
|    std                  | 1.16          |
|    value_loss           | 48.7          |
-------------------------------------------
-----------------------------------------
| rollout/                |             |
|    ep_len_mean          | 1e+03       |
|    ep_rew_mean          | -826        |
| time/                   |             |
|    fps                  | 3127        |
|    iterations           | 444         |
|    time_elapsed         | 1163        |
|    total_timesteps      | 3637248     |
| train/                  |             |
|    approx_kl            | 0.001976801 |
|    clip_fraction        | 0.00703     |
|    clip_range           | 0.2         |
|    entropy_loss         | -1.57       |
|    explained_variance   | 0.996       |
|    learning_rate        | 0.0003      |
|    loss                 | 4.16        |
|    n_updates            | 5010        |
|    policy_gradient_loss | -0.00105    |
|    std                  | 1.16        |
|    value_loss           | 12.6        |
-----------------------------------------
------------------------------------------
| rollout/                |              |
|    ep_len_mean          | 1e+03        |
|    ep_rew_mean          | -810         |
| time/                   |              |
|    fps                  | 3128         |
|    iterations           | 445          |
|    time_elapsed         | 1165         |
|    total_timesteps      | 3645440      |
| train/                  |              |
|    approx_kl            | 0.0024444908 |
|    clip_fraction        | 0.00479      |
|    clip_range           | 0.2          |
|    entropy_loss         | -1.57        |
|    explained_variance   | 0.992        |
|    learning_rate        | 0.0003       |
|    loss                 | 23.9         |
|    n_updates            | 5020         |
|    policy_gradient_loss | -0.000903    |
|    std                  | 1.17         |
|    value_loss           | 26.6         |
------------------------------------------
------------------------------------------
| rollout/                |              |
|    ep_len_mean          | 1e+03        |
|    ep_rew_mean          | -836         |
| time/                   |              |
|    fps                  | 3128         |
|    iterations           | 446          |
|    time_elapsed         | 1167         |
|    total_timesteps      | 3653632      |
| train/                  |              |
|    approx_kl            | 0.0001797288 |
|    clip_fraction        | 4.88e-05     |
|    clip_range           | 0.2          |
|    entropy_loss         | -1.57        |
|    explained_variance   | 0.992        |
|    learning_rate        | 0.0003       |
|    loss                 | 21           |
|    n_updates            | 5030         |
|    policy_gradient_loss | 1.35e-05     |
|    std                  | 1.17         |
|    value_loss           | 118          |
------------------------------------------
------------------------------------------
| rollout/                |              |
|    ep_len_mean          | 1e+03        |
|    ep_rew_mean          | -835         |
| time/                   |              |
|    fps                  | 3129         |
|    iterations           | 447          |
|    time_elapsed         | 1170         |
|    total_timesteps      | 3661824      |
| train/                  |              |
|    approx_kl            | 0.0003452887 |
|    clip_fraction        | 0.0005       |
|    clip_range           | 0.2          |
|    entropy_loss         | -1.58        |
|    explained_variance   | 0.973        |
|    learning_rate        | 0.0003       |
|    loss                 | 258          |
|    n_updates            | 5040         |
|    policy_gradient_loss | -6.17e-05    |
|    std                  | 1.17         |
|    value_loss           | 441          |
------------------------------------------
-----------------------------------------
| rollout/                |             |
|    ep_len_mean          | 1e+03       |
|    ep_rew_mean          | -839        |
| time/                   |             |
|    fps                  | 3130        |
|    iterations           | 448         |
|    time_elapsed         | 1172        |
|    total_timesteps      | 3670016     |
| train/                  |             |
|    approx_kl            | 0.008117298 |
|    clip_fraction        | 0.053       |
|    clip_range           | 0.2         |
|    entropy_loss         | -1.59       |
|    explained_variance   | 0.996       |
|    learning_rate        | 0.0003      |
|    loss                 | 1.55        |
|    n_updates            | 5050        |
|    policy_gradient_loss | -0.000364   |
|    std                  | 1.19        |
|    value_loss           | 2.43        |
-----------------------------------------
------------------------------------------
| rollout/                |              |
|    ep_len_mean          | 1e+03        |
|    ep_rew_mean          | -859         |
| time/                   |              |
|    fps                  | 3130         |
|    iterations           | 449          |
|    time_elapsed         | 1174         |
|    total_timesteps      | 3678208      |
| train/                  |              |
|    approx_kl            | 0.0019467828 |
|    clip_fraction        | 0.00708      |
|    clip_range           | 0.2          |
|    entropy_loss         | -1.59        |
|    explained_variance   | 0.991        |
|    learning_rate        | 0.0003       |
|    loss                 | 8.9          |
|    n_updates            | 5060         |
|    policy_gradient_loss | -6.07e-05    |
|    std                  | 1.18         |
|    value_loss           | 25.2         |
------------------------------------------
Eval num_timesteps=3680000, episode_reward=-550.38 +/- 566.25
Episode length: 1001.00 +/- 0.00
-------------------------------------------
| eval/                   |               |
|    mean_ep_length       | 1e+03         |
|    mean_reward          | -550          |
| time/                   |               |
|    total_timesteps      | 3680000       |
| train/                  |               |
|    approx_kl            | 0.00018159929 |
|    clip_fraction        | 0.000269      |
|    clip_range           | 0.2           |
|    entropy_loss         | -1.59         |
|    explained_variance   | 0.987         |
|    learning_rate        | 0.0003        |
|    loss                 | 20.7          |
|    n_updates            | 5070          |
|    policy_gradient_loss | -0.000532     |
|    std                  | 1.18          |
|    value_loss           | 199           |
-------------------------------------------
---------------------------------
| rollout/           |          |
|    ep_len_mean     | 1e+03    |
|    ep_rew_mean     | -885     |
| time/              |          |
|    fps             | 3116     |
|    iterations      | 450      |
|    time_elapsed    | 1182     |
|    total_timesteps | 3686400  |
---------------------------------
------------------------------------------
| rollout/                |              |
|    ep_len_mean          | 992          |
|    ep_rew_mean          | -844         |
| time/                   |              |
|    fps                  | 3117         |
|    iterations           | 451          |
|    time_elapsed         | 1185         |
|    total_timesteps      | 3694592      |
| train/                  |              |
|    approx_kl            | 0.0023065538 |
|    clip_fraction        | 0.00454      |
|    clip_range           | 0.2          |
|    entropy_loss         | -1.59        |
|    explained_variance   | 0.989        |
|    learning_rate        | 0.0003       |
|    loss                 | 13.9         |
|    n_updates            | 5080         |
|    policy_gradient_loss | -0.000273    |
|    std                  | 1.19         |
|    value_loss           | 140          |
------------------------------------------
------------------------------------------
| rollout/                |              |
|    ep_len_mean          | 992          |
|    ep_rew_mean          | -778         |
| time/                   |              |
|    fps                  | 3118         |
|    iterations           | 452          |
|    time_elapsed         | 1187         |
|    total_timesteps      | 3702784      |
| train/                  |              |
|    approx_kl            | 0.0014820478 |
|    clip_fraction        | 0.000427     |
|    clip_range           | 0.2          |
|    entropy_loss         | -1.59        |
|    explained_variance   | 0.969        |
|    learning_rate        | 0.0003       |
|    loss                 | 36.4         |
|    n_updates            | 5090         |
|    policy_gradient_loss | -0.000224    |
|    std                  | 1.19         |
|    value_loss           | 189          |
------------------------------------------
------------------------------------------
| rollout/                |              |
|    ep_len_mean          | 983          |
|    ep_rew_mean          | -772         |
| time/                   |              |
|    fps                  | 3119         |
|    iterations           | 453          |
|    time_elapsed         | 1189         |
|    total_timesteps      | 3710976      |
| train/                  |              |
|    approx_kl            | 0.0013684412 |
|    clip_fraction        | 0.000842     |
|    clip_range           | 0.2          |
|    entropy_loss         | -1.6         |
|    explained_variance   | 0.987        |
|    learning_rate        | 0.0003       |
|    loss                 | 215          |
|    n_updates            | 5100         |
|    policy_gradient_loss | -2.18e-05    |
|    std                  | 1.2          |
|    value_loss           | 243          |
------------------------------------------
-------------------------------------------
| rollout/                |               |
|    ep_len_mean          | 983           |
|    ep_rew_mean          | -784          |
| time/                   |               |
|    fps                  | 3119          |
|    iterations           | 454           |
|    time_elapsed         | 1192          |
|    total_timesteps      | 3719168       |
| train/                  |               |
|    approx_kl            | 0.00038635515 |
|    clip_fraction        | 0.000488      |
|    clip_range           | 0.2           |
|    entropy_loss         | -1.6          |
|    explained_variance   | 0.988         |
|    learning_rate        | 0.0003        |
|    loss                 | 173           |
|    n_updates            | 5110          |
|    policy_gradient_loss | -0.000752     |
|    std                  | 1.2           |
|    value_loss           | 359           |
-------------------------------------------
------------------------------------------
| rollout/                |              |
|    ep_len_mean          | 983          |
|    ep_rew_mean          | -812         |
| time/                   |              |
|    fps                  | 3120         |
|    iterations           | 455          |
|    time_elapsed         | 1194         |
|    total_timesteps      | 3727360      |
| train/                  |              |
|    approx_kl            | 0.0035822429 |
|    clip_fraction        | 0.0183       |
|    clip_range           | 0.2          |
|    entropy_loss         | -1.6         |
|    explained_variance   | 0.985        |
|    learning_rate        | 0.0003       |
|    loss                 | 0.984        |
|    n_updates            | 5120         |
|    policy_gradient_loss | -0.00102     |
|    std                  | 1.19         |
|    value_loss           | 8.71         |
------------------------------------------
------------------------------------------
| rollout/                |              |
|    ep_len_mean          | 983          |
|    ep_rew_mean          | -844         |
| time/                   |              |
|    fps                  | 3120         |
|    iterations           | 456          |
|    time_elapsed         | 1196         |
|    total_timesteps      | 3735552      |
| train/                  |              |
|    approx_kl            | 0.0013741812 |
|    clip_fraction        | 0.0155       |
|    clip_range           | 0.2          |
|    entropy_loss         | -1.6         |
|    explained_variance   | 0.982        |
|    learning_rate        | 0.0003       |
|    loss                 | 0.267        |
|    n_updates            | 5130         |
|    policy_gradient_loss | -0.000175    |
|    std                  | 1.2          |
|    value_loss           | 1.52         |
------------------------------------------
------------------------------------------
| rollout/                |              |
|    ep_len_mean          | 983          |
|    ep_rew_mean          | -893         |
| time/                   |              |
|    fps                  | 3121         |
|    iterations           | 457          |
|    time_elapsed         | 1199         |
|    total_timesteps      | 3743744      |
| train/                  |              |
|    approx_kl            | 0.0024697497 |
|    clip_fraction        | 0.0258       |
|    clip_range           | 0.2          |
|    entropy_loss         | -1.6         |
|    explained_variance   | 0.994        |
|    learning_rate        | 0.0003       |
|    loss                 | 10.4         |
|    n_updates            | 5140         |
|    policy_gradient_loss | -0.00056     |
|    std                  | 1.2          |
|    value_loss           | 28.3         |
------------------------------------------
-------------------------------------------
| rollout/                |               |
|    ep_len_mean          | 983           |
|    ep_rew_mean          | -886          |
| time/                   |               |
|    fps                  | 3122          |
|    iterations           | 458           |
|    time_elapsed         | 1201          |
|    total_timesteps      | 3751936       |
| train/                  |               |
|    approx_kl            | 2.8176211e-05 |
|    clip_fraction        | 0             |
|    clip_range           | 0.2           |
|    entropy_loss         | -1.6          |
|    explained_variance   | 0.984         |
|    learning_rate        | 0.0003        |
|    loss                 | 55.8          |
|    n_updates            | 5150          |
|    policy_gradient_loss | 1.19e-05      |
|    std                  | 1.2           |
|    value_loss           | 139           |
-------------------------------------------
------------------------------------------
| rollout/                |              |
|    ep_len_mean          | 983          |
|    ep_rew_mean          | -870         |
| time/                   |              |
|    fps                  | 3123         |
|    iterations           | 459          |
|    time_elapsed         | 1203         |
|    total_timesteps      | 3760128      |
| train/                  |              |
|    approx_kl            | 0.0007611321 |
|    clip_fraction        | 0.000269     |
|    clip_range           | 0.2          |
|    entropy_loss         | -1.61        |
|    explained_variance   | 0.991        |
|    learning_rate        | 0.0003       |
|    loss                 | 11.7         |
|    n_updates            | 5160         |
|    policy_gradient_loss | 0.00038      |
|    std                  | 1.21         |
|    value_loss           | 52.1         |
------------------------------------------
------------------------------------------
| rollout/                |              |
|    ep_len_mean          | 983          |
|    ep_rew_mean          | -823         |
| time/                   |              |
|    fps                  | 3123         |
|    iterations           | 460          |
|    time_elapsed         | 1206         |
|    total_timesteps      | 3768320      |
| train/                  |              |
|    approx_kl            | 0.0019105439 |
|    clip_fraction        | 0.0258       |
|    clip_range           | 0.2          |
|    entropy_loss         | -1.61        |
|    explained_variance   | 0.928        |
|    learning_rate        | 0.0003       |
|    loss                 | 0.2          |
|    n_updates            | 5170         |
|    policy_gradient_loss | -0.00104     |
|    std                  | 1.21         |
|    value_loss           | 0.576        |
------------------------------------------
------------------------------------------
| rollout/                |              |
|    ep_len_mean          | 983          |
|    ep_rew_mean          | -864         |
| time/                   |              |
|    fps                  | 3124         |
|    iterations           | 461          |
|    time_elapsed         | 1208         |
|    total_timesteps      | 3776512      |
| train/                  |              |
|    approx_kl            | 0.0006136957 |
|    clip_fraction        | 0.00157      |
|    clip_range           | 0.2          |
|    entropy_loss         | -1.61        |
|    explained_variance   | 0.991        |
|    learning_rate        | 0.0003       |
|    loss                 | 28.5         |
|    n_updates            | 5180         |
|    policy_gradient_loss | 0.00047      |
|    std                  | 1.21         |
|    value_loss           | 78.3         |
------------------------------------------
-------------------------------------------
| rollout/                |               |
|    ep_len_mean          | 983           |
|    ep_rew_mean          | -845          |
| time/                   |               |
|    fps                  | 3125          |
|    iterations           | 462           |
|    time_elapsed         | 1211          |
|    total_timesteps      | 3784704       |
| train/                  |               |
|    approx_kl            | 0.00088976335 |
|    clip_fraction        | 0.00421       |
|    clip_range           | 0.2           |
|    entropy_loss         | -1.61         |
|    explained_variance   | 0.995         |
|    learning_rate        | 0.0003        |
|    loss                 | 8.2           |
|    n_updates            | 5190          |
|    policy_gradient_loss | -0.0023       |
|    std                  | 1.21          |
|    value_loss           | 63.2          |
-------------------------------------------
------------------------------------------
| rollout/                |              |
|    ep_len_mean          | 992          |
|    ep_rew_mean          | -814         |
| time/                   |              |
|    fps                  | 3125         |
|    iterations           | 463          |
|    time_elapsed         | 1213         |
|    total_timesteps      | 3792896      |
| train/                  |              |
|    approx_kl            | 0.0012111688 |
|    clip_fraction        | 0.00421      |
|    clip_range           | 0.2          |
|    entropy_loss         | -1.61        |
|    explained_variance   | 0.992        |
|    learning_rate        | 0.0003       |
|    loss                 | 9.85         |
|    n_updates            | 5200         |
|    policy_gradient_loss | -0.00326     |
|    std                  | 1.21         |
|    value_loss           | 53.8         |
------------------------------------------
------------------------------------------
| rollout/                |              |
|    ep_len_mean          | 974          |
|    ep_rew_mean          | -905         |
| time/                   |              |
|    fps                  | 3126         |
|    iterations           | 464          |
|    time_elapsed         | 1215         |
|    total_timesteps      | 3801088      |
| train/                  |              |
|    approx_kl            | 0.0020058705 |
|    clip_fraction        | 0.00348      |
|    clip_range           | 0.2          |
|    entropy_loss         | -1.61        |
|    explained_variance   | 0.986        |
|    learning_rate        | 0.0003       |
|    loss                 | 0.178        |
|    n_updates            | 5210         |
|    policy_gradient_loss | -0.00119     |
|    std                  | 1.21         |
|    value_loss           | 145          |
------------------------------------------
-------------------------------------------
| rollout/                |               |
|    ep_len_mean          | 938           |
|    ep_rew_mean          | -996          |
| time/                   |               |
|    fps                  | 3126          |
|    iterations           | 465           |
|    time_elapsed         | 1218          |
|    total_timesteps      | 3809280       |
| train/                  |               |
|    approx_kl            | 0.00029292976 |
|    clip_fraction        | 0             |
|    clip_range           | 0.2           |
|    entropy_loss         | -1.61         |
|    explained_variance   | 0.975         |
|    learning_rate        | 0.0003        |
|    loss                 | 108           |
|    n_updates            | 5220          |
|    policy_gradient_loss | -8.25e-05     |
|    std                  | 1.21          |
|    value_loss           | 804           |
-------------------------------------------
-------------------------------------------
| rollout/                |               |
|    ep_len_mean          | 938           |
|    ep_rew_mean          | -993          |
| time/                   |               |
|    fps                  | 3127          |
|    iterations           | 466           |
|    time_elapsed         | 1220          |
|    total_timesteps      | 3817472       |
| train/                  |               |
|    approx_kl            | 1.3303485e-05 |
|    clip_fraction        | 0             |
|    clip_range           | 0.2           |
|    entropy_loss         | -1.61         |
|    explained_variance   | 0.951         |
|    learning_rate        | 0.0003        |
|    loss                 | 228           |
|    n_updates            | 5230          |
|    policy_gradient_loss | -9.07e-05     |
|    std                  | 1.21          |
|    value_loss           | 711           |
-------------------------------------------
------------------------------------------
| rollout/                |              |
|    ep_len_mean          | 938          |
|    ep_rew_mean          | -984         |
| time/                   |              |
|    fps                  | 3128         |
|    iterations           | 467          |
|    time_elapsed         | 1222         |
|    total_timesteps      | 3825664      |
| train/                  |              |
|    approx_kl            | 0.0007689209 |
|    clip_fraction        | 0.000269     |
|    clip_range           | 0.2          |
|    entropy_loss         | -1.61        |
|    explained_variance   | 0.976        |
|    learning_rate        | 0.0003       |
|    loss                 | 493          |
|    n_updates            | 5240         |
|    policy_gradient_loss | -0.000118    |
|    std                  | 1.21         |
|    value_loss           | 471          |
------------------------------------------
------------------------------------------
| rollout/                |              |
|    ep_len_mean          | 938          |
|    ep_rew_mean          | -985         |
| time/                   |              |
|    fps                  | 3128         |
|    iterations           | 468          |
|    time_elapsed         | 1225         |
|    total_timesteps      | 3833856      |
| train/                  |              |
|    approx_kl            | 0.0009210005 |
|    clip_fraction        | 0.000513     |
|    clip_range           | 0.2          |
|    entropy_loss         | -1.61        |
|    explained_variance   | 0.994        |
|    learning_rate        | 0.0003       |
|    loss                 | 5.8          |
|    n_updates            | 5250         |
|    policy_gradient_loss | -0.000587    |
|    std                  | 1.21         |
|    value_loss           | 14.5         |
------------------------------------------
Eval num_timesteps=3840000, episode_reward=-760.14 +/- 566.54
Episode length: 1001.00 +/- 0.00
-------------------------------------------
| eval/                   |               |
|    mean_ep_length       | 1e+03         |
|    mean_reward          | -760          |
| time/                   |               |
|    total_timesteps      | 3840000       |
| train/                  |               |
|    approx_kl            | 0.00016998824 |
|    clip_fraction        | 0.00011       |
|    clip_range           | 0.2           |
|    entropy_loss         | -1.61         |
|    explained_variance   | 0.982         |
|    learning_rate        | 0.0003        |
|    loss                 | 309           |
|    n_updates            | 5260          |
|    policy_gradient_loss | -0.000526     |
|    std                  | 1.21          |
|    value_loss           | 302           |
-------------------------------------------
----------------------------------
| rollout/           |           |
|    ep_len_mean     | 911       |
|    ep_rew_mean     | -1.01e+03 |
| time/              |           |
|    fps             | 3115      |
|    iterations      | 469       |
|    time_elapsed    | 1233      |
|    total_timesteps | 3842048   |
----------------------------------
-------------------------------------------
| rollout/                |               |
|    ep_len_mean          | 911           |
|    ep_rew_mean          | -1.02e+03     |
| time/                   |               |
|    fps                  | 3115          |
|    iterations           | 470           |
|    time_elapsed         | 1235          |
|    total_timesteps      | 3850240       |
| train/                  |               |
|    approx_kl            | 4.3326654e-06 |
|    clip_fraction        | 0             |
|    clip_range           | 0.2           |
|    entropy_loss         | -1.61         |
|    explained_variance   | 0.971         |
|    learning_rate        | 0.0003        |
|    loss                 | 499           |
|    n_updates            | 5270          |
|    policy_gradient_loss | -4.13e-06     |
|    std                  | 1.21          |
|    value_loss           | 1.34e+03      |
-------------------------------------------
-----------------------------------------
| rollout/                |             |
|    ep_len_mean          | 911         |
|    ep_rew_mean          | -1.03e+03   |
| time/                   |             |
|    fps                  | 3116        |
|    iterations           | 471         |
|    time_elapsed         | 1238        |
|    total_timesteps      | 3858432     |
| train/                  |             |
|    approx_kl            | 0.004365194 |
|    clip_fraction        | 0.0422      |
|    clip_range           | 0.2         |
|    entropy_loss         | -1.61       |
|    explained_variance   | 0.971       |
|    learning_rate        | 0.0003      |
|    loss                 | 1.13        |
|    n_updates            | 5280        |
|    policy_gradient_loss | -0.00177    |
|    std                  | 1.2         |
|    value_loss           | 4.34        |
-----------------------------------------
------------------------------------------
| rollout/                |              |
|    ep_len_mean          | 902          |
|    ep_rew_mean          | -1.05e+03    |
| time/                   |              |
|    fps                  | 3117         |
|    iterations           | 472          |
|    time_elapsed         | 1240         |
|    total_timesteps      | 3866624      |
| train/                  |              |
|    approx_kl            | 0.0010781485 |
|    clip_fraction        | 0.000476     |
|    clip_range           | 0.2          |
|    entropy_loss         | -1.6         |
|    explained_variance   | 0.992        |
|    learning_rate        | 0.0003       |
|    loss                 | 16.9         |
|    n_updates            | 5290         |
|    policy_gradient_loss | -0.000355    |
|    std                  | 1.21         |
|    value_loss           | 37.7         |
------------------------------------------
-------------------------------------------
| rollout/                |               |
|    ep_len_mean          | 893           |
|    ep_rew_mean          | -1.14e+03     |
| time/                   |               |
|    fps                  | 3117          |
|    iterations           | 473           |
|    time_elapsed         | 1242          |
|    total_timesteps      | 3874816       |
| train/                  |               |
|    approx_kl            | 9.5777716e-05 |
|    clip_fraction        | 0             |
|    clip_range           | 0.2           |
|    entropy_loss         | -1.61         |
|    explained_variance   | 0.975         |
|    learning_rate        | 0.0003        |
|    loss                 | 312           |
|    n_updates            | 5300          |
|    policy_gradient_loss | -8.64e-05     |
|    std                  | 1.21          |
|    value_loss           | 1.1e+03       |
-------------------------------------------
-------------------------------------------
| rollout/                |               |
|    ep_len_mean          | 893           |
|    ep_rew_mean          | -1.14e+03     |
| time/                   |               |
|    fps                  | 3118          |
|    iterations           | 474           |
|    time_elapsed         | 1245          |
|    total_timesteps      | 3883008       |
| train/                  |               |
|    approx_kl            | 0.00014789912 |
|    clip_fraction        | 3.66e-05      |
|    clip_range           | 0.2           |
|    entropy_loss         | -1.61         |
|    explained_variance   | 0.982         |
|    learning_rate        | 0.0003        |
|    loss                 | 494           |
|    n_updates            | 5310          |
|    policy_gradient_loss | -0.000436     |
|    std                  | 1.21          |
|    value_loss           | 657           |
-------------------------------------------
-----------------------------------------
| rollout/                |             |
|    ep_len_mean          | 911         |
|    ep_rew_mean          | -1.08e+03   |
| time/                   |             |
|    fps                  | 3118        |
|    iterations           | 475         |
|    time_elapsed         | 1247        |
|    total_timesteps      | 3891200     |
| train/                  |             |
|    approx_kl            | 0.001955487 |
|    clip_fraction        | 0.00171     |
|    clip_range           | 0.2         |
|    entropy_loss         | -1.61       |
|    explained_variance   | 0.969       |
|    learning_rate        | 0.0003      |
|    loss                 | 1.15        |
|    n_updates            | 5320        |
|    policy_gradient_loss | -0.000746   |
|    std                  | 1.21        |
|    value_loss           | 38.4        |
-----------------------------------------
-------------------------------------------
| rollout/                |               |
|    ep_len_mean          | 911           |
|    ep_rew_mean          | -1.13e+03     |
| time/                   |               |
|    fps                  | 3119          |
|    iterations           | 476           |
|    time_elapsed         | 1250          |
|    total_timesteps      | 3899392       |
| train/                  |               |
|    approx_kl            | 6.1776227e-06 |
|    clip_fraction        | 0             |
|    clip_range           | 0.2           |
|    entropy_loss         | -1.61         |
|    explained_variance   | 0.983         |
|    learning_rate        | 0.0003        |
|    loss                 | 38.8          |
|    n_updates            | 5330          |
|    policy_gradient_loss | 1.93e-05      |
|    std                  | 1.21          |
|    value_loss           | 218           |
-------------------------------------------
-------------------------------------------
| rollout/                |               |
|    ep_len_mean          | 938           |
|    ep_rew_mean          | -1.08e+03     |
| time/                   |               |
|    fps                  | 3119          |
|    iterations           | 477           |
|    time_elapsed         | 1252          |
|    total_timesteps      | 3907584       |
| train/                  |               |
|    approx_kl            | 0.00013251208 |
|    clip_fraction        | 0             |
|    clip_range           | 0.2           |
|    entropy_loss         | -1.61         |
|    explained_variance   | 0.976         |
|    learning_rate        | 0.0003        |
|    loss                 | 113           |
|    n_updates            | 5340          |
|    policy_gradient_loss | -0.000437     |
|    std                  | 1.21          |
|    value_loss           | 407           |
-------------------------------------------
------------------------------------------
| rollout/                |              |
|    ep_len_mean          | 938          |
|    ep_rew_mean          | -1.08e+03    |
| time/                   |              |
|    fps                  | 3120         |
|    iterations           | 478          |
|    time_elapsed         | 1254         |
|    total_timesteps      | 3915776      |
| train/                  |              |
|    approx_kl            | 6.975692e-05 |
|    clip_fraction        | 0            |
|    clip_range           | 0.2          |
|    entropy_loss         | -1.61        |
|    explained_variance   | 0.987        |
|    learning_rate        | 0.0003       |
|    loss                 | 8.69         |
|    n_updates            | 5350         |
|    policy_gradient_loss | -6.09e-05    |
|    std                  | 1.21         |
|    value_loss           | 383          |
------------------------------------------
------------------------------------------
| rollout/                |              |
|    ep_len_mean          | 938          |
|    ep_rew_mean          | -1.11e+03    |
| time/                   |              |
|    fps                  | 3121         |
|    iterations           | 479          |
|    time_elapsed         | 1257         |
|    total_timesteps      | 3923968      |
| train/                  |              |
|    approx_kl            | 0.0012789189 |
|    clip_fraction        | 0.00375      |
|    clip_range           | 0.2          |
|    entropy_loss         | -1.61        |
|    explained_variance   | 0.991        |
|    learning_rate        | 0.0003       |
|    loss                 | 15.1         |
|    n_updates            | 5360         |
|    policy_gradient_loss | -0.00206     |
|    std                  | 1.21         |
|    value_loss           | 25.9         |
------------------------------------------
------------------------------------------
| rollout/                |              |
|    ep_len_mean          | 947          |
|    ep_rew_mean          | -1.14e+03    |
| time/                   |              |
|    fps                  | 3122         |
|    iterations           | 480          |
|    time_elapsed         | 1259         |
|    total_timesteps      | 3932160      |
| train/                  |              |
|    approx_kl            | 3.710242e-05 |
|    clip_fraction        | 2.44e-05     |
|    clip_range           | 0.2          |
|    entropy_loss         | -1.61        |
|    explained_variance   | 0.982        |
|    learning_rate        | 0.0003       |
|    loss                 | 282          |
|    n_updates            | 5370         |
|    policy_gradient_loss | -1.66e-05    |
|    std                  | 1.21         |
|    value_loss           | 388          |
------------------------------------------
-------------------------------------------
| rollout/                |               |
|    ep_len_mean          | 965           |
|    ep_rew_mean          | -1.1e+03      |
| time/                   |               |
|    fps                  | 3123          |
|    iterations           | 481           |
|    time_elapsed         | 1261          |
|    total_timesteps      | 3940352       |
| train/                  |               |
|    approx_kl            | 0.00032431027 |
|    clip_fraction        | 0.0011        |
|    clip_range           | 0.2           |
|    entropy_loss         | -1.61         |
|    explained_variance   | 0.983         |
|    learning_rate        | 0.0003        |
|    loss                 | 41.4          |
|    n_updates            | 5380          |
|    policy_gradient_loss | -0.00081      |
|    std                  | 1.21          |
|    value_loss           | 315           |
-------------------------------------------
------------------------------------------
| rollout/                |              |
|    ep_len_mean          | 965          |
|    ep_rew_mean          | -1.12e+03    |
| time/                   |              |
|    fps                  | 3123         |
|    iterations           | 482          |
|    time_elapsed         | 1264         |
|    total_timesteps      | 3948544      |
| train/                  |              |
|    approx_kl            | 7.505671e-05 |
|    clip_fraction        | 0            |
|    clip_range           | 0.2          |
|    entropy_loss         | -1.61        |
|    explained_variance   | 0.994        |
|    learning_rate        | 0.0003       |
|    loss                 | 75.1         |
|    n_updates            | 5390         |
|    policy_gradient_loss | -4.55e-05    |
|    std                  | 1.21         |
|    value_loss           | 205          |
------------------------------------------
------------------------------------------
| rollout/                |              |
|    ep_len_mean          | 965          |
|    ep_rew_mean          | -1.15e+03    |
| time/                   |              |
|    fps                  | 3124         |
|    iterations           | 483          |
|    time_elapsed         | 1266         |
|    total_timesteps      | 3956736      |
| train/                  |              |
|    approx_kl            | 0.0035282157 |
|    clip_fraction        | 0.0117       |
|    clip_range           | 0.2          |
|    entropy_loss         | -1.61        |
|    explained_variance   | 0.988        |
|    learning_rate        | 0.0003       |
|    loss                 | 3.58         |
|    n_updates            | 5400         |
|    policy_gradient_loss | -0.000573    |
|    std                  | 1.21         |
|    value_loss           | 106          |
------------------------------------------
-------------------------------------------
| rollout/                |               |
|    ep_len_mean          | 974           |
|    ep_rew_mean          | -1.18e+03     |
| time/                   |               |
|    fps                  | 3124          |
|    iterations           | 484           |
|    time_elapsed         | 1269          |
|    total_timesteps      | 3964928       |
| train/                  |               |
|    approx_kl            | 0.00070323277 |
|    clip_fraction        | 0.00507       |
|    clip_range           | 0.2           |
|    entropy_loss         | -1.61         |
|    explained_variance   | 0.996         |
|    learning_rate        | 0.0003        |
|    loss                 | 0.663         |
|    n_updates            | 5410          |
|    policy_gradient_loss | -0.000457     |
|    std                  | 1.2           |
|    value_loss           | 3.29          |
-------------------------------------------
-------------------------------------------
| rollout/                |               |
|    ep_len_mean          | 965           |
|    ep_rew_mean          | -1.21e+03     |
| time/                   |               |
|    fps                  | 3123          |
|    iterations           | 485           |
|    time_elapsed         | 1271          |
|    total_timesteps      | 3973120       |
| train/                  |               |
|    approx_kl            | 0.00052375125 |
|    clip_fraction        | 0.000134      |
|    clip_range           | 0.2           |
|    entropy_loss         | -1.61         |
|    explained_variance   | 0.996         |
|    learning_rate        | 0.0003        |
|    loss                 | 24.9          |
|    n_updates            | 5420          |
|    policy_gradient_loss | -0.000135     |
|    std                  | 1.2           |
|    value_loss           | 57.3          |
-------------------------------------------
-------------------------------------------
| rollout/                |               |
|    ep_len_mean          | 965           |
|    ep_rew_mean          | -1.2e+03      |
| time/                   |               |
|    fps                  | 3124          |
|    iterations           | 486           |
|    time_elapsed         | 1274          |
|    total_timesteps      | 3981312       |
| train/                  |               |
|    approx_kl            | 0.00044377218 |
|    clip_fraction        | 1.22e-05      |
|    clip_range           | 0.2           |
|    entropy_loss         | -1.6          |
|    explained_variance   | 0.976         |
|    learning_rate        | 0.0003        |
|    loss                 | 134           |
|    n_updates            | 5430          |
|    policy_gradient_loss | -0.000146     |
|    std                  | 1.2           |
|    value_loss           | 459           |
-------------------------------------------
------------------------------------------
| rollout/                |              |
|    ep_len_mean          | 965          |
|    ep_rew_mean          | -1.2e+03     |
| time/                   |              |
|    fps                  | 3124         |
|    iterations           | 487          |
|    time_elapsed         | 1276         |
|    total_timesteps      | 3989504      |
| train/                  |              |
|    approx_kl            | 0.0031327175 |
|    clip_fraction        | 0.0432       |
|    clip_range           | 0.2          |
|    entropy_loss         | -1.6         |
|    explained_variance   | 0.979        |
|    learning_rate        | 0.0003       |
|    loss                 | 6.22         |
|    n_updates            | 5440         |
|    policy_gradient_loss | -0.00189     |
|    std                  | 1.21         |
|    value_loss           | 11.2         |
------------------------------------------
-------------------------------------------
| rollout/                |               |
|    ep_len_mean          | 983           |
|    ep_rew_mean          | -1.11e+03     |
| time/                   |               |
|    fps                  | 3124          |
|    iterations           | 488           |
|    time_elapsed         | 1279          |
|    total_timesteps      | 3997696       |
| train/                  |               |
|    approx_kl            | 0.00015433592 |
|    clip_fraction        | 3.66e-05      |
|    clip_range           | 0.2           |
|    entropy_loss         | -1.61         |
|    explained_variance   | 0.976         |
|    learning_rate        | 0.0003        |
|    loss                 | 21.9          |
|    n_updates            | 5450          |
|    policy_gradient_loss | -0.000151     |
|    std                  | 1.21          |
|    value_loss           | 521           |
-------------------------------------------
Eval num_timesteps=4000000, episode_reward=-324.82 +/- 291.70
Episode length: 1001.00 +/- 0.00
-------------------------------------------
| eval/                   |               |
|    mean_ep_length       | 1e+03         |
|    mean_reward          | -325          |
| time/                   |               |
|    total_timesteps      | 4000000       |
| train/                  |               |
|    approx_kl            | 0.00040169954 |
|    clip_fraction        | 0.000256      |
|    clip_range           | 0.2           |
|    entropy_loss         | -1.61         |
|    explained_variance   | 0.991         |
|    learning_rate        | 0.0003        |
|    loss                 | 24.3          |
|    n_updates            | 5460          |
|    policy_gradient_loss | -0.000133     |
|    std                  | 1.21          |
|    value_loss           | 42.2          |
-------------------------------------------
----------------------------------
| rollout/           |           |
|    ep_len_mean     | 974       |
|    ep_rew_mean     | -1.12e+03 |
| time/              |           |
|    fps             | 3111      |
|    iterations      | 489       |
|    time_elapsed    | 1287      |
|    total_timesteps | 4005888   |
----------------------------------
-------------------------------------------
| rollout/                |               |
|    ep_len_mean          | 970           |
|    ep_rew_mean          | -1.09e+03     |
| time/                   |               |
|    fps                  | 3112          |
|    iterations           | 490           |
|    time_elapsed         | 1289          |
|    total_timesteps      | 4014080       |
| train/                  |               |
|    approx_kl            | 0.00029181008 |
|    clip_fraction        | 0             |
|    clip_range           | 0.2           |
|    entropy_loss         | -1.61         |
|    explained_variance   | 0.972         |
|    learning_rate        | 0.0003        |
|    loss                 | 105           |
|    n_updates            | 5470          |
|    policy_gradient_loss | -0.000282     |
|    std                  | 1.21          |
|    value_loss           | 666           |
-------------------------------------------
------------------------------------------
| rollout/                |              |
|    ep_len_mean          | 970          |
|    ep_rew_mean          | -1.11e+03    |
| time/                   |              |
|    fps                  | 3112         |
|    iterations           | 491          |
|    time_elapsed         | 1292         |
|    total_timesteps      | 4022272      |
| train/                  |              |
|    approx_kl            | 0.0038394064 |
|    clip_fraction        | 0.00663      |
|    clip_range           | 0.2          |
|    entropy_loss         | -1.61        |
|    explained_variance   | 0.97         |
|    learning_rate        | 0.0003       |
|    loss                 | 59.7         |
|    n_updates            | 5480         |
|    policy_gradient_loss | -0.000626    |
|    std                  | 1.21         |
|    value_loss           | 247          |
------------------------------------------
------------------------------------------
| rollout/                |              |
|    ep_len_mean          | 960          |
|    ep_rew_mean          | -1.06e+03    |
| time/                   |              |
|    fps                  | 3113         |
|    iterations           | 492          |
|    time_elapsed         | 1294         |
|    total_timesteps      | 4030464      |
| train/                  |              |
|    approx_kl            | 0.0044643576 |
|    clip_fraction        | 0.0338       |
|    clip_range           | 0.2          |
|    entropy_loss         | -1.6         |
|    explained_variance   | 0.966        |
|    learning_rate        | 0.0003       |
|    loss                 | 0.862        |
|    n_updates            | 5490         |
|    policy_gradient_loss | -0.00113     |
|    std                  | 1.19         |
|    value_loss           | 2.59         |
------------------------------------------
-----------------------------------------
| rollout/                |             |
|    ep_len_mean          | 960         |
|    ep_rew_mean          | -1.04e+03   |
| time/                   |             |
|    fps                  | 3114        |
|    iterations           | 493         |
|    time_elapsed         | 1296        |
|    total_timesteps      | 4038656     |
| train/                  |             |
|    approx_kl            | 0.013392855 |
|    clip_fraction        | 0.255       |
|    clip_range           | 0.2         |
|    entropy_loss         | -1.6        |
|    explained_variance   | 0.979       |
|    learning_rate        | 0.0003      |
|    loss                 | 403         |
|    n_updates            | 5500        |
|    policy_gradient_loss | 0.0016      |
|    std                  | 1.19        |
|    value_loss           | 593         |
-----------------------------------------
------------------------------------------
| rollout/                |              |
|    ep_len_mean          | 960          |
|    ep_rew_mean          | -1e+03       |
| time/                   |              |
|    fps                  | 3114         |
|    iterations           | 494          |
|    time_elapsed         | 1299         |
|    total_timesteps      | 4046848      |
| train/                  |              |
|    approx_kl            | 0.0011548984 |
|    clip_fraction        | 0.000159     |
|    clip_range           | 0.2          |
|    entropy_loss         | -1.6         |
|    explained_variance   | 0.98         |
|    learning_rate        | 0.0003       |
|    loss                 | 2.63         |
|    n_updates            | 5510         |
|    policy_gradient_loss | -7.84e-05    |
|    std                  | 1.19         |
|    value_loss           | 22.8         |
------------------------------------------
------------------------------------------
| rollout/                |              |
|    ep_len_mean          | 960          |
|    ep_rew_mean          | -983         |
| time/                   |              |
|    fps                  | 3115         |
|    iterations           | 495          |
|    time_elapsed         | 1301         |
|    total_timesteps      | 4055040      |
| train/                  |              |
|    approx_kl            | 0.0025598558 |
|    clip_fraction        | 0.00775      |
|    clip_range           | 0.2          |
|    entropy_loss         | -1.6         |
|    explained_variance   | 0.997        |
|    learning_rate        | 0.0003       |
|    loss                 | 2.13         |
|    n_updates            | 5520         |
|    policy_gradient_loss | -0.000952    |
|    std                  | 1.19         |
|    value_loss           | 6.06         |
------------------------------------------
------------------------------------------
| rollout/                |              |
|    ep_len_mean          | 960          |
|    ep_rew_mean          | -940         |
| time/                   |              |
|    fps                  | 3116         |
|    iterations           | 496          |
|    time_elapsed         | 1303         |
|    total_timesteps      | 4063232      |
| train/                  |              |
|    approx_kl            | 0.0041329255 |
|    clip_fraction        | 0.0205       |
|    clip_range           | 0.2          |
|    entropy_loss         | -1.6         |
|    explained_variance   | 0.993        |
|    learning_rate        | 0.0003       |
|    loss                 | 1.43         |
|    n_updates            | 5530         |
|    policy_gradient_loss | -0.000581    |
|    std                  | 1.2          |
|    value_loss           | 7.01         |
------------------------------------------
-------------------------------------------
| rollout/                |               |
|    ep_len_mean          | 978           |
|    ep_rew_mean          | -798          |
| time/                   |               |
|    fps                  | 3116          |
|    iterations           | 497           |
|    time_elapsed         | 1306          |
|    total_timesteps      | 4071424       |
| train/                  |               |
|    approx_kl            | 0.00043839138 |
|    clip_fraction        | 0.000537      |
|    clip_range           | 0.2           |
|    entropy_loss         | -1.6          |
|    explained_variance   | 0.99          |
|    learning_rate        | 0.0003        |
|    loss                 | 10.4          |
|    n_updates            | 5540          |
|    policy_gradient_loss | -0.000786     |
|    std                  | 1.2           |
|    value_loss           | 201           |
-------------------------------------------
------------------------------------------
| rollout/                |              |
|    ep_len_mean          | 978          |
|    ep_rew_mean          | -789         |
| time/                   |              |
|    fps                  | 3117         |
|    iterations           | 498          |
|    time_elapsed         | 1308         |
|    total_timesteps      | 4079616      |
| train/                  |              |
|    approx_kl            | 3.425718e-05 |
|    clip_fraction        | 0            |
|    clip_range           | 0.2          |
|    entropy_loss         | -1.6         |
|    explained_variance   | 0.987        |
|    learning_rate        | 0.0003       |
|    loss                 | 24           |
|    n_updates            | 5550         |
|    policy_gradient_loss | 2.36e-05     |
|    std                  | 1.2          |
|    value_loss           | 53.3         |
------------------------------------------
------------------------------------------
| rollout/                |              |
|    ep_len_mean          | 978          |
|    ep_rew_mean          | -789         |
| time/                   |              |
|    fps                  | 3118         |
|    iterations           | 499          |
|    time_elapsed         | 1310         |
|    total_timesteps      | 4087808      |
| train/                  |              |
|    approx_kl            | 0.0037814933 |
|    clip_fraction        | 0.0163       |
|    clip_range           | 0.2          |
|    entropy_loss         | -1.6         |
|    explained_variance   | 0.995        |
|    learning_rate        | 0.0003       |
|    loss                 | 3.04         |
|    n_updates            | 5560         |
|    policy_gradient_loss | -0.000508    |
|    std                  | 1.2          |
|    value_loss           | 22           |
------------------------------------------
------------------------------------------
| rollout/                |              |
|    ep_len_mean          | 978          |
|    ep_rew_mean          | -811         |
| time/                   |              |
|    fps                  | 3119         |
|    iterations           | 500          |
|    time_elapsed         | 1313         |
|    total_timesteps      | 4096000      |
| train/                  |              |
|    approx_kl            | 0.0021392857 |
|    clip_fraction        | 0.00229      |
|    clip_range           | 0.2          |
|    entropy_loss         | -1.6         |
|    explained_variance   | 0.997        |
|    learning_rate        | 0.0003       |
|    loss                 | 19.1         |
|    n_updates            | 5570         |
|    policy_gradient_loss | -0.000138    |
|    std                  | 1.2          |
|    value_loss           | 24.2         |
------------------------------------------
------------------------------------------
| rollout/                |              |
|    ep_len_mean          | 987          |
|    ep_rew_mean          | -805         |
| time/                   |              |
|    fps                  | 3119         |
|    iterations           | 501          |
|    time_elapsed         | 1315         |
|    total_timesteps      | 4104192      |
| train/                  |              |
|    approx_kl            | 0.0028851382 |
|    clip_fraction        | 0.00413      |
|    clip_range           | 0.2          |
|    entropy_loss         | -1.61        |
|    explained_variance   | 0.988        |
|    learning_rate        | 0.0003       |
|    loss                 | 148          |
|    n_updates            | 5580         |
|    policy_gradient_loss | 7.41e-05     |
|    std                  | 1.21         |
|    value_loss           | 127          |
------------------------------------------
------------------------------------------
| rollout/                |              |
|    ep_len_mean          | 992          |
|    ep_rew_mean          | -793         |
| time/                   |              |
|    fps                  | 3120         |
|    iterations           | 502          |
|    time_elapsed         | 1317         |
|    total_timesteps      | 4112384      |
| train/                  |              |
|    approx_kl            | 0.0020668155 |
|    clip_fraction        | 0.00779      |
|    clip_range           | 0.2          |
|    entropy_loss         | -1.61        |
|    explained_variance   | 0.98         |
|    learning_rate        | 0.0003       |
|    loss                 | 5.36         |
|    n_updates            | 5590         |
|    policy_gradient_loss | -0.00107     |
|    std                  | 1.2          |
|    value_loss           | 13           |
------------------------------------------
------------------------------------------
| rollout/                |              |
|    ep_len_mean          | 992          |
|    ep_rew_mean          | -767         |
| time/                   |              |
|    fps                  | 3121         |
|    iterations           | 503          |
|    time_elapsed         | 1320         |
|    total_timesteps      | 4120576      |
| train/                  |              |
|    approx_kl            | 0.0006603558 |
|    clip_fraction        | 0.00115      |
|    clip_range           | 0.2          |
|    entropy_loss         | -1.6         |
|    explained_variance   | 0.989        |
|    learning_rate        | 0.0003       |
|    loss                 | 5.68         |
|    n_updates            | 5600         |
|    policy_gradient_loss | -0.000512    |
|    std                  | 1.21         |
|    value_loss           | 22.2         |
------------------------------------------
------------------------------------------
| rollout/                |              |
|    ep_len_mean          | 992          |
|    ep_rew_mean          | -777         |
| time/                   |              |
|    fps                  | 3122         |
|    iterations           | 504          |
|    time_elapsed         | 1322         |
|    total_timesteps      | 4128768      |
| train/                  |              |
|    approx_kl            | 0.0019004586 |
|    clip_fraction        | 0.00519      |
|    clip_range           | 0.2          |
|    entropy_loss         | -1.61        |
|    explained_variance   | 0.981        |
|    learning_rate        | 0.0003       |
|    loss                 | 3.65         |
|    n_updates            | 5610         |
|    policy_gradient_loss | 0.000428     |
|    std                  | 1.21         |
|    value_loss           | 11.9         |
------------------------------------------
-------------------------------------------
| rollout/                |               |
|    ep_len_mean          | 983           |
|    ep_rew_mean          | -751          |
| time/                   |               |
|    fps                  | 3122          |
|    iterations           | 505           |
|    time_elapsed         | 1324          |
|    total_timesteps      | 4136960       |
| train/                  |               |
|    approx_kl            | 0.00046557892 |
|    clip_fraction        | 0.000208      |
|    clip_range           | 0.2           |
|    entropy_loss         | -1.61         |
|    explained_variance   | 0.97          |
|    learning_rate        | 0.0003        |
|    loss                 | 24.2          |
|    n_updates            | 5620          |
|    policy_gradient_loss | -5.47e-05     |
|    std                  | 1.21          |
|    value_loss           | 145           |
-------------------------------------------
------------------------------------------
| rollout/                |              |
|    ep_len_mean          | 983          |
|    ep_rew_mean          | -747         |
| time/                   |              |
|    fps                  | 3123         |
|    iterations           | 506          |
|    time_elapsed         | 1327         |
|    total_timesteps      | 4145152      |
| train/                  |              |
|    approx_kl            | 0.0011531975 |
|    clip_fraction        | 0.000342     |
|    clip_range           | 0.2          |
|    entropy_loss         | -1.61        |
|    explained_variance   | 0.971        |
|    learning_rate        | 0.0003       |
|    loss                 | 1.14e+03     |
|    n_updates            | 5630         |
|    policy_gradient_loss | -0.000611    |
|    std                  | 1.22         |
|    value_loss           | 652          |
------------------------------------------
----------------------------------------
| rollout/                |            |
|    ep_len_mean          | 983        |
|    ep_rew_mean          | -734       |
| time/                   |            |
|    fps                  | 3123       |
|    iterations           | 507        |
|    time_elapsed         | 1329       |
|    total_timesteps      | 4153344    |
| train/                  |            |
|    approx_kl            | 0.00294865 |
|    clip_fraction        | 0.0535     |
|    clip_range           | 0.2        |
|    entropy_loss         | -1.61      |
|    explained_variance   | 0.988      |
|    learning_rate        | 0.0003     |
|    loss                 | 0.714      |
|    n_updates            | 5640       |
|    policy_gradient_loss | -0.000187  |
|    std                  | 1.21       |
|    value_loss           | 2.06       |
----------------------------------------
Eval num_timesteps=4160000, episode_reward=-625.71 +/- 507.14
Episode length: 1001.00 +/- 0.00
------------------------------------------
| eval/                   |              |
|    mean_ep_length       | 1e+03        |
|    mean_reward          | -626         |
| time/                   |              |
|    total_timesteps      | 4160000      |
| train/                  |              |
|    approx_kl            | 0.0006845424 |
|    clip_fraction        | 1.22e-05     |
|    clip_range           | 0.2          |
|    entropy_loss         | -1.61        |
|    explained_variance   | 0.995        |
|    learning_rate        | 0.0003       |
|    loss                 | 6.7          |
|    n_updates            | 5650         |
|    policy_gradient_loss | -5.37e-05    |
|    std                  | 1.21         |
|    value_loss           | 14.7         |
------------------------------------------
---------------------------------
| rollout/           |          |
|    ep_len_mean     | 983      |
|    ep_rew_mean     | -718     |
| time/              |          |
|    fps             | 3111     |
|    iterations      | 508      |
|    time_elapsed    | 1337     |
|    total_timesteps | 4161536  |
---------------------------------
-------------------------------------------
| rollout/                |               |
|    ep_len_mean          | 974           |
|    ep_rew_mean          | -767          |
| time/                   |               |
|    fps                  | 3112          |
|    iterations           | 509           |
|    time_elapsed         | 1339          |
|    total_timesteps      | 4169728       |
| train/                  |               |
|    approx_kl            | 7.1302245e-05 |
|    clip_fraction        | 0             |
|    clip_range           | 0.2           |
|    entropy_loss         | -1.61         |
|    explained_variance   | 0.988         |
|    learning_rate        | 0.0003        |
|    loss                 | 86.4          |
|    n_updates            | 5660          |
|    policy_gradient_loss | -8.56e-05     |
|    std                  | 1.21          |
|    value_loss           | 289           |
-------------------------------------------
-------------------------------------------
| rollout/                |               |
|    ep_len_mean          | 974           |
|    ep_rew_mean          | -755          |
| time/                   |               |
|    fps                  | 3113          |
|    iterations           | 510           |
|    time_elapsed         | 1342          |
|    total_timesteps      | 4177920       |
| train/                  |               |
|    approx_kl            | 0.00050562446 |
|    clip_fraction        | 1.22e-05      |
|    clip_range           | 0.2           |
|    entropy_loss         | -1.61         |
|    explained_variance   | 0.971         |
|    learning_rate        | 0.0003        |
|    loss                 | 24.9          |
|    n_updates            | 5670          |
|    policy_gradient_loss | -0.000357     |
|    std                  | 1.21          |
|    value_loss           | 148           |
-------------------------------------------
-----------------------------------------
| rollout/                |             |
|    ep_len_mean          | 974         |
|    ep_rew_mean          | -735        |
| time/                   |             |
|    fps                  | 3113        |
|    iterations           | 511         |
|    time_elapsed         | 1344        |
|    total_timesteps      | 4186112     |
| train/                  |             |
|    approx_kl            | 0.005063218 |
|    clip_fraction        | 0.0131      |
|    clip_range           | 0.2         |
|    entropy_loss         | -1.61       |
|    explained_variance   | 0.989       |
|    learning_rate        | 0.0003      |
|    loss                 | 19.8        |
|    n_updates            | 5680        |
|    policy_gradient_loss | -0.00202    |
|    std                  | 1.21        |
|    value_loss           | 20.7        |
-----------------------------------------
------------------------------------------
| rollout/                |              |
|    ep_len_mean          | 974          |
|    ep_rew_mean          | -749         |
| time/                   |              |
|    fps                  | 3114         |
|    iterations           | 512          |
|    time_elapsed         | 1346         |
|    total_timesteps      | 4194304      |
| train/                  |              |
|    approx_kl            | 0.0011794217 |
|    clip_fraction        | 0.00455      |
|    clip_range           | 0.2          |
|    entropy_loss         | -1.61        |
|    explained_variance   | 0.985        |
|    learning_rate        | 0.0003       |
|    loss                 | 158          |
|    n_updates            | 5690         |
|    policy_gradient_loss | -0.0034      |
|    std                  | 1.22         |
|    value_loss           | 87.4         |
------------------------------------------
-------------------------------------------
| rollout/                |               |
|    ep_len_mean          | 974           |
|    ep_rew_mean          | -723          |
| time/                   |               |
|    fps                  | 3115          |
|    iterations           | 513           |
|    time_elapsed         | 1349          |
|    total_timesteps      | 4202496       |
| train/                  |               |
|    approx_kl            | 0.00015025566 |
|    clip_fraction        | 0.000122      |
|    clip_range           | 0.2           |
|    entropy_loss         | -1.62         |
|    explained_variance   | 0.982         |
|    learning_rate        | 0.0003        |
|    loss                 | 235           |
|    n_updates            | 5700          |
|    policy_gradient_loss | -0.000273     |
|    std                  | 1.22          |
|    value_loss           | 743           |
-------------------------------------------
-------------------------------------------
| rollout/                |               |
|    ep_len_mean          | 974           |
|    ep_rew_mean          | -728          |
| time/                   |               |
|    fps                  | 3116          |
|    iterations           | 514           |
|    time_elapsed         | 1351          |
|    total_timesteps      | 4210688       |
| train/                  |               |
|    approx_kl            | 0.00028733746 |
|    clip_fraction        | 0.00072       |
|    clip_range           | 0.2           |
|    entropy_loss         | -1.62         |
|    explained_variance   | 0.992         |
|    learning_rate        | 0.0003        |
|    loss                 | 46.5          |
|    n_updates            | 5710          |
|    policy_gradient_loss | -0.000342     |
|    std                  | 1.22          |
|    value_loss           | 47.5          |
-------------------------------------------
------------------------------------------
| rollout/                |              |
|    ep_len_mean          | 983          |
|    ep_rew_mean          | -740         |
| time/                   |              |
|    fps                  | 3116         |
|    iterations           | 515          |
|    time_elapsed         | 1353         |
|    total_timesteps      | 4218880      |
| train/                  |              |
|    approx_kl            | 0.0035113276 |
|    clip_fraction        | 0.0203       |
|    clip_range           | 0.2          |
|    entropy_loss         | -1.62        |
|    explained_variance   | 0.995        |
|    learning_rate        | 0.0003       |
|    loss                 | 1.86         |
|    n_updates            | 5720         |
|    policy_gradient_loss | -0.0026      |
|    std                  | 1.23         |
|    value_loss           | 29.8         |
------------------------------------------
------------------------------------------
| rollout/                |              |
|    ep_len_mean          | 983          |
|    ep_rew_mean          | -796         |
| time/                   |              |
|    fps                  | 3117         |
|    iterations           | 516          |
|    time_elapsed         | 1355         |
|    total_timesteps      | 4227072      |
| train/                  |              |
|    approx_kl            | 0.0005650988 |
|    clip_fraction        | 0.00138      |
|    clip_range           | 0.2          |
|    entropy_loss         | -1.63        |
|    explained_variance   | 0.991        |
|    learning_rate        | 0.0003       |
|    loss                 | 11.5         |
|    n_updates            | 5730         |
|    policy_gradient_loss | -0.000885    |
|    std                  | 1.24         |
|    value_loss           | 40.1         |
------------------------------------------
------------------------------------------
| rollout/                |              |
|    ep_len_mean          | 992          |
|    ep_rew_mean          | -804         |
| time/                   |              |
|    fps                  | 3118         |
|    iterations           | 517          |
|    time_elapsed         | 1358         |
|    total_timesteps      | 4235264      |
| train/                  |              |
|    approx_kl            | 0.0040496048 |
|    clip_fraction        | 0.0175       |
|    clip_range           | 0.2          |
|    entropy_loss         | -1.63        |
|    explained_variance   | 0.996        |
|    learning_rate        | 0.0003       |
|    loss                 | 8.67         |
|    n_updates            | 5740         |
|    policy_gradient_loss | -0.0025      |
|    std                  | 1.24         |
|    value_loss           | 21.6         |
------------------------------------------
------------------------------------------
| rollout/                |              |
|    ep_len_mean          | 992          |
|    ep_rew_mean          | -787         |
| time/                   |              |
|    fps                  | 3119         |
|    iterations           | 518          |
|    time_elapsed         | 1360         |
|    total_timesteps      | 4243456      |
| train/                  |              |
|    approx_kl            | 0.0030990872 |
|    clip_fraction        | 0.00288      |
|    clip_range           | 0.2          |
|    entropy_loss         | -1.63        |
|    explained_variance   | 0.995        |
|    learning_rate        | 0.0003       |
|    loss                 | 8.43         |
|    n_updates            | 5750         |
|    policy_gradient_loss | -0.000245    |
|    std                  | 1.24         |
|    value_loss           | 26.3         |
------------------------------------------
------------------------------------------
| rollout/                |              |
|    ep_len_mean          | 992          |
|    ep_rew_mean          | -851         |
| time/                   |              |
|    fps                  | 3119         |
|    iterations           | 519          |
|    time_elapsed         | 1362         |
|    total_timesteps      | 4251648      |
| train/                  |              |
|    approx_kl            | 0.0037884195 |
|    clip_fraction        | 0.00249      |
|    clip_range           | 0.2          |
|    entropy_loss         | -1.63        |
|    explained_variance   | 0.985        |
|    learning_rate        | 0.0003       |
|    loss                 | 1.77         |
|    n_updates            | 5760         |
|    policy_gradient_loss | -1.64e-05    |
|    std                  | 1.23         |
|    value_loss           | 23.7         |
------------------------------------------
-------------------------------------------
| rollout/                |               |
|    ep_len_mean          | 992           |
|    ep_rew_mean          | -833          |
| time/                   |               |
|    fps                  | 3120          |
|    iterations           | 520           |
|    time_elapsed         | 1365          |
|    total_timesteps      | 4259840       |
| train/                  |               |
|    approx_kl            | 0.00017717984 |
|    clip_fraction        | 0.00142       |
|    clip_range           | 0.2           |
|    entropy_loss         | -1.63         |
|    explained_variance   | 0.996         |
|    learning_rate        | 0.0003        |
|    loss                 | 44.4          |
|    n_updates            | 5770          |
|    policy_gradient_loss | -0.000898     |
|    std                  | 1.23          |
|    value_loss           | 76.4          |
-------------------------------------------
-------------------------------------------
| rollout/                |               |
|    ep_len_mean          | 1e+03         |
|    ep_rew_mean          | -816          |
| time/                   |               |
|    fps                  | 3120          |
|    iterations           | 521           |
|    time_elapsed         | 1367          |
|    total_timesteps      | 4268032       |
| train/                  |               |
|    approx_kl            | 0.00013367418 |
|    clip_fraction        | 2.44e-05      |
|    clip_range           | 0.2           |
|    entropy_loss         | -1.63         |
|    explained_variance   | 0.992         |
|    learning_rate        | 0.0003        |
|    loss                 | 3.89          |
|    n_updates            | 5780          |
|    policy_gradient_loss | -5.25e-05     |
|    std                  | 1.24          |
|    value_loss           | 53.5          |
-------------------------------------------
-------------------------------------------
| rollout/                |               |
|    ep_len_mean          | 1e+03         |
|    ep_rew_mean          | -828          |
| time/                   |               |
|    fps                  | 3121          |
|    iterations           | 522           |
|    time_elapsed         | 1369          |
|    total_timesteps      | 4276224       |
| train/                  |               |
|    approx_kl            | 0.00024609838 |
|    clip_fraction        | 3.66e-05      |
|    clip_range           | 0.2           |
|    entropy_loss         | -1.63         |
|    explained_variance   | 0.991         |
|    learning_rate        | 0.0003        |
|    loss                 | 21.1          |
|    n_updates            | 5790          |
|    policy_gradient_loss | -0.000331     |
|    std                  | 1.24          |
|    value_loss           | 123           |
-------------------------------------------
------------------------------------------
| rollout/                |              |
|    ep_len_mean          | 1e+03        |
|    ep_rew_mean          | -896         |
| time/                   |              |
|    fps                  | 3122         |
|    iterations           | 523          |
|    time_elapsed         | 1372         |
|    total_timesteps      | 4284416      |
| train/                  |              |
|    approx_kl            | 0.0026122043 |
|    clip_fraction        | 0.00975      |
|    clip_range           | 0.2          |
|    entropy_loss         | -1.64        |
|    explained_variance   | 0.987        |
|    learning_rate        | 0.0003       |
|    loss                 | 1.23         |
|    n_updates            | 5800         |
|    policy_gradient_loss | 0.000208     |
|    std                  | 1.26         |
|    value_loss           | 6.46         |
------------------------------------------
------------------------------------------
| rollout/                |              |
|    ep_len_mean          | 1e+03        |
|    ep_rew_mean          | -889         |
| time/                   |              |
|    fps                  | 3123         |
|    iterations           | 524          |
|    time_elapsed         | 1374         |
|    total_timesteps      | 4292608      |
| train/                  |              |
|    approx_kl            | 0.0016321418 |
|    clip_fraction        | 0.00267      |
|    clip_range           | 0.2          |
|    entropy_loss         | -1.65        |
|    explained_variance   | 0.995        |
|    learning_rate        | 0.0003       |
|    loss                 | 17.3         |
|    n_updates            | 5810         |
|    policy_gradient_loss | -0.000987    |
|    std                  | 1.26         |
|    value_loss           | 50.5         |
------------------------------------------
------------------------------------------
| rollout/                |              |
|    ep_len_mean          | 1e+03        |
|    ep_rew_mean          | -897         |
| time/                   |              |
|    fps                  | 3124         |
|    iterations           | 525          |
|    time_elapsed         | 1376         |
|    total_timesteps      | 4300800      |
| train/                  |              |
|    approx_kl            | 0.0004921281 |
|    clip_fraction        | 0.00135      |
|    clip_range           | 0.2          |
|    entropy_loss         | -1.65        |
|    explained_variance   | 0.992        |
|    learning_rate        | 0.0003       |
|    loss                 | 0.465        |
|    n_updates            | 5820         |
|    policy_gradient_loss | -0.000856    |
|    std                  | 1.27         |
|    value_loss           | 116          |
------------------------------------------
------------------------------------------
| rollout/                |              |
|    ep_len_mean          | 1e+03        |
|    ep_rew_mean          | -875         |
| time/                   |              |
|    fps                  | 3125         |
|    iterations           | 526          |
|    time_elapsed         | 1378         |
|    total_timesteps      | 4308992      |
| train/                  |              |
|    approx_kl            | 0.0040612807 |
|    clip_fraction        | 0.00557      |
|    clip_range           | 0.2          |
|    entropy_loss         | -1.66        |
|    explained_variance   | 0.995        |
|    learning_rate        | 0.0003       |
|    loss                 | 4.26         |
|    n_updates            | 5830         |
|    policy_gradient_loss | 0.000162     |
|    std                  | 1.27         |
|    value_loss           | 28           |
------------------------------------------
------------------------------------------
| rollout/                |              |
|    ep_len_mean          | 1e+03        |
|    ep_rew_mean          | -852         |
| time/                   |              |
|    fps                  | 3125         |
|    iterations           | 527          |
|    time_elapsed         | 1381         |
|    total_timesteps      | 4317184      |
| train/                  |              |
|    approx_kl            | 0.0017012013 |
|    clip_fraction        | 0.00803      |
|    clip_range           | 0.2          |
|    entropy_loss         | -1.66        |
|    explained_variance   | 0.996        |
|    learning_rate        | 0.0003       |
|    loss                 | 10.1         |
|    n_updates            | 5840         |
|    policy_gradient_loss | -0.00011     |
|    std                  | 1.26         |
|    value_loss           | 25.4         |
------------------------------------------
Eval num_timesteps=4320000, episode_reward=-1114.50 +/- 888.80
Episode length: 1001.00 +/- 0.00
------------------------------------------
| eval/                   |              |
|    mean_ep_length       | 1e+03        |
|    mean_reward          | -1.11e+03    |
| time/                   |              |
|    total_timesteps      | 4320000      |
| train/                  |              |
|    approx_kl            | 0.0008427261 |
|    clip_fraction        | 4.88e-05     |
|    clip_range           | 0.2          |
|    entropy_loss         | -1.65        |
|    explained_variance   | 0.988        |
|    learning_rate        | 0.0003       |
|    loss                 | 141          |
|    n_updates            | 5850         |
|    policy_gradient_loss | -0.000372    |
|    std                  | 1.27         |
|    value_loss           | 173          |
------------------------------------------
---------------------------------
| rollout/           |          |
|    ep_len_mean     | 1e+03    |
|    ep_rew_mean     | -816     |
| time/              |          |
|    fps             | 3114     |
|    iterations      | 528      |
|    time_elapsed    | 1388     |
|    total_timesteps | 4325376  |
---------------------------------
------------------------------------------
| rollout/                |              |
|    ep_len_mean          | 1e+03        |
|    ep_rew_mean          | -785         |
| time/                   |              |
|    fps                  | 3115         |
|    iterations           | 529          |
|    time_elapsed         | 1391         |
|    total_timesteps      | 4333568      |
| train/                  |              |
|    approx_kl            | 0.0034082383 |
|    clip_fraction        | 0.0111       |
|    clip_range           | 0.2          |
|    entropy_loss         | -1.66        |
|    explained_variance   | 0.996        |
|    learning_rate        | 0.0003       |
|    loss                 | 9.65         |
|    n_updates            | 5860         |
|    policy_gradient_loss | -0.000219    |
|    std                  | 1.27         |
|    value_loss           | 28.4         |
------------------------------------------
------------------------------------------
| rollout/                |              |
|    ep_len_mean          | 1e+03        |
|    ep_rew_mean          | -785         |
| time/                   |              |
|    fps                  | 3115         |
|    iterations           | 530          |
|    time_elapsed         | 1393         |
|    total_timesteps      | 4341760      |
| train/                  |              |
|    approx_kl            | 0.0020354413 |
|    clip_fraction        | 0.00811      |
|    clip_range           | 0.2          |
|    entropy_loss         | -1.65        |
|    explained_variance   | 0.985        |
|    learning_rate        | 0.0003       |
|    loss                 | 1.83         |
|    n_updates            | 5870         |
|    policy_gradient_loss | -0.000449    |
|    std                  | 1.26         |
|    value_loss           | 11.5         |
------------------------------------------
------------------------------------------
| rollout/                |              |
|    ep_len_mean          | 1e+03        |
|    ep_rew_mean          | -806         |
| time/                   |              |
|    fps                  | 3116         |
|    iterations           | 531          |
|    time_elapsed         | 1395         |
|    total_timesteps      | 4349952      |
| train/                  |              |
|    approx_kl            | 0.0018668754 |
|    clip_fraction        | 0.0353       |
|    clip_range           | 0.2          |
|    entropy_loss         | -1.65        |
|    explained_variance   | 0.987        |
|    learning_rate        | 0.0003       |
|    loss                 | 2.66         |
|    n_updates            | 5880         |
|    policy_gradient_loss | -0.000135    |
|    std                  | 1.27         |
|    value_loss           | 13.7         |
------------------------------------------
-------------------------------------------
| rollout/                |               |
|    ep_len_mean          | 1e+03         |
|    ep_rew_mean          | -810          |
| time/                   |               |
|    fps                  | 3117          |
|    iterations           | 532           |
|    time_elapsed         | 1398          |
|    total_timesteps      | 4358144       |
| train/                  |               |
|    approx_kl            | 0.00037070987 |
|    clip_fraction        | 0.000586      |
|    clip_range           | 0.2           |
|    entropy_loss         | -1.66         |
|    explained_variance   | 0.997         |
|    learning_rate        | 0.0003        |
|    loss                 | 19            |
|    n_updates            | 5890          |
|    policy_gradient_loss | -0.000293     |
|    std                  | 1.27          |
|    value_loss           | 47.4          |
-------------------------------------------
------------------------------------------
| rollout/                |              |
|    ep_len_mean          | 1e+03        |
|    ep_rew_mean          | -792         |
| time/                   |              |
|    fps                  | 3118         |
|    iterations           | 533          |
|    time_elapsed         | 1400         |
|    total_timesteps      | 4366336      |
| train/                  |              |
|    approx_kl            | 0.0003630274 |
|    clip_fraction        | 0            |
|    clip_range           | 0.2          |
|    entropy_loss         | -1.66        |
|    explained_variance   | 0.988        |
|    learning_rate        | 0.0003       |
|    loss                 | 7.03         |
|    n_updates            | 5900         |
|    policy_gradient_loss | -5.51e-05    |
|    std                  | 1.27         |
|    value_loss           | 120          |
------------------------------------------
------------------------------------------
| rollout/                |              |
|    ep_len_mean          | 1e+03        |
|    ep_rew_mean          | -789         |
| time/                   |              |
|    fps                  | 3118         |
|    iterations           | 534          |
|    time_elapsed         | 1402         |
|    total_timesteps      | 4374528      |
| train/                  |              |
|    approx_kl            | 0.0008674288 |
|    clip_fraction        | 0.00314      |
|    clip_range           | 0.2          |
|    entropy_loss         | -1.66        |
|    explained_variance   | 0.987        |
|    learning_rate        | 0.0003       |
|    loss                 | 20.4         |
|    n_updates            | 5910         |
|    policy_gradient_loss | -0.00267     |
|    std                  | 1.28         |
|    value_loss           | 67.4         |
------------------------------------------
------------------------------------------
| rollout/                |              |
|    ep_len_mean          | 1e+03        |
|    ep_rew_mean          | -807         |
| time/                   |              |
|    fps                  | 3119         |
|    iterations           | 535          |
|    time_elapsed         | 1404         |
|    total_timesteps      | 4382720      |
| train/                  |              |
|    approx_kl            | 0.0043469057 |
|    clip_fraction        | 0.0323       |
|    clip_range           | 0.2          |
|    entropy_loss         | -1.66        |
|    explained_variance   | 0.992        |
|    learning_rate        | 0.0003       |
|    loss                 | 0.787        |
|    n_updates            | 5920         |
|    policy_gradient_loss | -0.000702    |
|    std                  | 1.27         |
|    value_loss           | 37.7         |
------------------------------------------
------------------------------------------
| rollout/                |              |
|    ep_len_mean          | 1e+03        |
|    ep_rew_mean          | -778         |
| time/                   |              |
|    fps                  | 3120         |
|    iterations           | 536          |
|    time_elapsed         | 1407         |
|    total_timesteps      | 4390912      |
| train/                  |              |
|    approx_kl            | 0.0006323715 |
|    clip_fraction        | 0.00133      |
|    clip_range           | 0.2          |
|    entropy_loss         | -1.66        |
|    explained_variance   | 0.99         |
|    learning_rate        | 0.0003       |
|    loss                 | 10.8         |
|    n_updates            | 5930         |
|    policy_gradient_loss | -0.000106    |
|    std                  | 1.27         |
|    value_loss           | 142          |
------------------------------------------
-------------------------------------------
| rollout/                |               |
|    ep_len_mean          | 1e+03         |
|    ep_rew_mean          | -778          |
| time/                   |               |
|    fps                  | 3120          |
|    iterations           | 537           |
|    time_elapsed         | 1409          |
|    total_timesteps      | 4399104       |
| train/                  |               |
|    approx_kl            | 0.00017618034 |
|    clip_fraction        | 0             |
|    clip_range           | 0.2           |
|    entropy_loss         | -1.66         |
|    explained_variance   | 0.991         |
|    learning_rate        | 0.0003        |
|    loss                 | 5.22          |
|    n_updates            | 5940          |
|    policy_gradient_loss | 3.61e-05      |
|    std                  | 1.26          |
|    value_loss           | 51            |
-------------------------------------------
-----------------------------------------
| rollout/                |             |
|    ep_len_mean          | 1e+03       |
|    ep_rew_mean          | -781        |
| time/                   |             |
|    fps                  | 3121        |
|    iterations           | 538         |
|    time_elapsed         | 1411        |
|    total_timesteps      | 4407296     |
| train/                  |             |
|    approx_kl            | 0.001595633 |
|    clip_fraction        | 0.00919     |
|    clip_range           | 0.2         |
|    entropy_loss         | -1.66       |
|    explained_variance   | 0.996       |
|    learning_rate        | 0.0003      |
|    loss                 | 4.33        |
|    n_updates            | 5950        |
|    policy_gradient_loss | -0.000892   |
|    std                  | 1.28        |
|    value_loss           | 5.75        |
-----------------------------------------
------------------------------------------
| rollout/                |              |
|    ep_len_mean          | 1e+03        |
|    ep_rew_mean          | -803         |
| time/                   |              |
|    fps                  | 3122         |
|    iterations           | 539          |
|    time_elapsed         | 1414         |
|    total_timesteps      | 4415488      |
| train/                  |              |
|    approx_kl            | 0.0013387008 |
|    clip_fraction        | 0.00959      |
|    clip_range           | 0.2          |
|    entropy_loss         | -1.66        |
|    explained_variance   | 0.992        |
|    learning_rate        | 0.0003       |
|    loss                 | 8.01         |
|    n_updates            | 5960         |
|    policy_gradient_loss | -0.000437    |
|    std                  | 1.27         |
|    value_loss           | 56.3         |
------------------------------------------
------------------------------------------
| rollout/                |              |
|    ep_len_mean          | 1e+03        |
|    ep_rew_mean          | -825         |
| time/                   |              |
|    fps                  | 3122         |
|    iterations           | 540          |
|    time_elapsed         | 1416         |
|    total_timesteps      | 4423680      |
| train/                  |              |
|    approx_kl            | 0.0008219388 |
|    clip_fraction        | 0.00378      |
|    clip_range           | 0.2          |
|    entropy_loss         | -1.66        |
|    explained_variance   | 0.994        |
|    learning_rate        | 0.0003       |
|    loss                 | 16.6         |
|    n_updates            | 5970         |
|    policy_gradient_loss | -0.00324     |
|    std                  | 1.28         |
|    value_loss           | 45.4         |
------------------------------------------
-------------------------------------------
| rollout/                |               |
|    ep_len_mean          | 1e+03         |
|    ep_rew_mean          | -782          |
| time/                   |               |
|    fps                  | 3123          |
|    iterations           | 541           |
|    time_elapsed         | 1418          |
|    total_timesteps      | 4431872       |
| train/                  |               |
|    approx_kl            | 0.00023687762 |
|    clip_fraction        | 0.00153       |
|    clip_range           | 0.2           |
|    entropy_loss         | -1.66         |
|    explained_variance   | 0.996         |
|    learning_rate        | 0.0003        |
|    loss                 | 1.92          |
|    n_updates            | 5980          |
|    policy_gradient_loss | -0.00077      |
|    std                  | 1.28          |
|    value_loss           | 29            |
-------------------------------------------
------------------------------------------
| rollout/                |              |
|    ep_len_mean          | 1e+03        |
|    ep_rew_mean          | -791         |
| time/                   |              |
|    fps                  | 3124         |
|    iterations           | 542          |
|    time_elapsed         | 1421         |
|    total_timesteps      | 4440064      |
| train/                  |              |
|    approx_kl            | 0.0044195666 |
|    clip_fraction        | 0.00377      |
|    clip_range           | 0.2          |
|    entropy_loss         | -1.66        |
|    explained_variance   | 0.996        |
|    learning_rate        | 0.0003       |
|    loss                 | 3.41         |
|    n_updates            | 5990         |
|    policy_gradient_loss | -9.44e-05    |
|    std                  | 1.27         |
|    value_loss           | 25           |
------------------------------------------
------------------------------------------
| rollout/                |              |
|    ep_len_mean          | 1e+03        |
|    ep_rew_mean          | -760         |
| time/                   |              |
|    fps                  | 3124         |
|    iterations           | 543          |
|    time_elapsed         | 1423         |
|    total_timesteps      | 4448256      |
| train/                  |              |
|    approx_kl            | 0.0015757943 |
|    clip_fraction        | 0.0145       |
|    clip_range           | 0.2          |
|    entropy_loss         | -1.67        |
|    explained_variance   | 0.997        |
|    learning_rate        | 0.0003       |
|    loss                 | 3.85         |
|    n_updates            | 6000         |
|    policy_gradient_loss | -0.000441    |
|    std                  | 1.29         |
|    value_loss           | 4.61         |
------------------------------------------
-------------------------------------------
| rollout/                |               |
|    ep_len_mean          | 992           |
|    ep_rew_mean          | -775          |
| time/                   |               |
|    fps                  | 3125          |
|    iterations           | 544           |
|    time_elapsed         | 1425          |
|    total_timesteps      | 4456448       |
| train/                  |               |
|    approx_kl            | 0.00051258015 |
|    clip_fraction        | 0.00167       |
|    clip_range           | 0.2           |
|    entropy_loss         | -1.68         |
|    explained_variance   | 0.993         |
|    learning_rate        | 0.0003        |
|    loss                 | 30.3          |
|    n_updates            | 6010          |
|    policy_gradient_loss | -8.08e-05     |
|    std                  | 1.3           |
|    value_loss           | 78.2          |
-------------------------------------------
------------------------------------------
| rollout/                |              |
|    ep_len_mean          | 992          |
|    ep_rew_mean          | -820         |
| time/                   |              |
|    fps                  | 3126         |
|    iterations           | 545          |
|    time_elapsed         | 1428         |
|    total_timesteps      | 4464640      |
| train/                  |              |
|    approx_kl            | 0.0043384177 |
|    clip_fraction        | 0.0212       |
|    clip_range           | 0.2          |
|    entropy_loss         | -1.68        |
|    explained_variance   | 0.969        |
|    learning_rate        | 0.0003       |
|    loss                 | 36.6         |
|    n_updates            | 6020         |
|    policy_gradient_loss | -0.000808    |
|    std                  | 1.3          |
|    value_loss           | 236          |
------------------------------------------
-----------------------------------------
| rollout/                |             |
|    ep_len_mean          | 992         |
|    ep_rew_mean          | -804        |
| time/                   |             |
|    fps                  | 3126        |
|    iterations           | 546         |
|    time_elapsed         | 1430        |
|    total_timesteps      | 4472832     |
| train/                  |             |
|    approx_kl            | 0.008124039 |
|    clip_fraction        | 0.0808      |
|    clip_range           | 0.2         |
|    entropy_loss         | -1.68       |
|    explained_variance   | 0.995       |
|    learning_rate        | 0.0003      |
|    loss                 | 3.23        |
|    n_updates            | 6030        |
|    policy_gradient_loss | -0.0019     |
|    std                  | 1.3         |
|    value_loss           | 13          |
-----------------------------------------
Eval num_timesteps=4480000, episode_reward=-1088.51 +/- 594.34
Episode length: 1001.00 +/- 0.00
------------------------------------------
| eval/                   |              |
|    mean_ep_length       | 1e+03        |
|    mean_reward          | -1.09e+03    |
| time/                   |              |
|    total_timesteps      | 4480000      |
| train/                  |              |
|    approx_kl            | 0.0027658031 |
|    clip_fraction        | 0.0109       |
|    clip_range           | 0.2          |
|    entropy_loss         | -1.69        |
|    explained_variance   | 0.993        |
|    learning_rate        | 0.0003       |
|    loss                 | 91.9         |
|    n_updates            | 6040         |
|    policy_gradient_loss | -0.000874    |
|    std                  | 1.31         |
|    value_loss           | 135          |
------------------------------------------
---------------------------------
| rollout/           |          |
|    ep_len_mean     | 983      |
|    ep_rew_mean     | -779     |
| time/              |          |
|    fps             | 3115     |
|    iterations      | 547      |
|    time_elapsed    | 1438     |
|    total_timesteps | 4481024  |
---------------------------------
----------------------------------------
| rollout/                |            |
|    ep_len_mean          | 983        |
|    ep_rew_mean          | -787       |
| time/                   |            |
|    fps                  | 3115       |
|    iterations           | 548        |
|    time_elapsed         | 1440       |
|    total_timesteps      | 4489216    |
| train/                  |            |
|    approx_kl            | 0.00213573 |
|    clip_fraction        | 0.000647   |
|    clip_range           | 0.2        |
|    entropy_loss         | -1.69      |
|    explained_variance   | 0.982      |
|    learning_rate        | 0.0003     |
|    loss                 | 192        |
|    n_updates            | 6050       |
|    policy_gradient_loss | -0.00053   |
|    std                  | 1.31       |
|    value_loss           | 351        |
----------------------------------------
-----------------------------------------
| rollout/                |             |
|    ep_len_mean          | 983         |
|    ep_rew_mean          | -788        |
| time/                   |             |
|    fps                  | 3116        |
|    iterations           | 549         |
|    time_elapsed         | 1443        |
|    total_timesteps      | 4497408     |
| train/                  |             |
|    approx_kl            | 0.004807682 |
|    clip_fraction        | 0.0203      |
|    clip_range           | 0.2         |
|    entropy_loss         | -1.69       |
|    explained_variance   | 0.991       |
|    learning_rate        | 0.0003      |
|    loss                 | 24.2        |
|    n_updates            | 6060        |
|    policy_gradient_loss | -0.000333   |
|    std                  | 1.32        |
|    value_loss           | 112         |
-----------------------------------------
------------------------------------------
| rollout/                |              |
|    ep_len_mean          | 983          |
|    ep_rew_mean          | -855         |
| time/                   |              |
|    fps                  | 3116         |
|    iterations           | 550          |
|    time_elapsed         | 1445         |
|    total_timesteps      | 4505600      |
| train/                  |              |
|    approx_kl            | 0.0041691824 |
|    clip_fraction        | 0.0349       |
|    clip_range           | 0.2          |
|    entropy_loss         | -1.68        |
|    explained_variance   | 0.962        |
|    learning_rate        | 0.0003       |
|    loss                 | 0.538        |
|    n_updates            | 6070         |
|    policy_gradient_loss | -0.000209    |
|    std                  | 1.29         |
|    value_loss           | 1.84         |
------------------------------------------
-------------------------------------------
| rollout/                |               |
|    ep_len_mean          | 983           |
|    ep_rew_mean          | -846          |
| time/                   |               |
|    fps                  | 3117          |
|    iterations           | 551           |
|    time_elapsed         | 1447          |
|    total_timesteps      | 4513792       |
| train/                  |               |
|    approx_kl            | 0.00052719936 |
|    clip_fraction        | 0.000879      |
|    clip_range           | 0.2           |
|    entropy_loss         | -1.68         |
|    explained_variance   | 0.986         |
|    learning_rate        | 0.0003        |
|    loss                 | 23.6          |
|    n_updates            | 6080          |
|    policy_gradient_loss | -8.89e-05     |
|    std                  | 1.3           |
|    value_loss           | 74.6          |
-------------------------------------------
-----------------------------------------
| rollout/                |             |
|    ep_len_mean          | 983         |
|    ep_rew_mean          | -880        |
| time/                   |             |
|    fps                  | 3118        |
|    iterations           | 552         |
|    time_elapsed         | 1450        |
|    total_timesteps      | 4521984     |
| train/                  |             |
|    approx_kl            | 0.000445024 |
|    clip_fraction        | 0.00033     |
|    clip_range           | 0.2         |
|    entropy_loss         | -1.68       |
|    explained_variance   | 0.993       |
|    learning_rate        | 0.0003      |
|    loss                 | 20.6        |
|    n_updates            | 6090        |
|    policy_gradient_loss | -0.000838   |
|    std                  | 1.3         |
|    value_loss           | 44.3        |
-----------------------------------------
------------------------------------------
| rollout/                |              |
|    ep_len_mean          | 983          |
|    ep_rew_mean          | -895         |
| time/                   |              |
|    fps                  | 3119         |
|    iterations           | 553          |
|    time_elapsed         | 1452         |
|    total_timesteps      | 4530176      |
| train/                  |              |
|    approx_kl            | 9.923641e-05 |
|    clip_fraction        | 0            |
|    clip_range           | 0.2          |
|    entropy_loss         | -1.68        |
|    explained_variance   | 0.991        |
|    learning_rate        | 0.0003       |
|    loss                 | 108          |
|    n_updates            | 6100         |
|    policy_gradient_loss | 1.06e-05     |
|    std                  | 1.3          |
|    value_loss           | 89.2         |
------------------------------------------
------------------------------------------
| rollout/                |              |
|    ep_len_mean          | 974          |
|    ep_rew_mean          | -884         |
| time/                   |              |
|    fps                  | 3119         |
|    iterations           | 554          |
|    time_elapsed         | 1454         |
|    total_timesteps      | 4538368      |
| train/                  |              |
|    approx_kl            | 0.0033151344 |
|    clip_fraction        | 0.00215      |
|    clip_range           | 0.2          |
|    entropy_loss         | -1.68        |
|    explained_variance   | 0.99         |
|    learning_rate        | 0.0003       |
|    loss                 | 9.43         |
|    n_updates            | 6110         |
|    policy_gradient_loss | -0.000669    |
|    std                  | 1.29         |
|    value_loss           | 33.7         |
------------------------------------------
-------------------------------------------
| rollout/                |               |
|    ep_len_mean          | 974           |
|    ep_rew_mean          | -922          |
| time/                   |               |
|    fps                  | 3120          |
|    iterations           | 555           |
|    time_elapsed         | 1457          |
|    total_timesteps      | 4546560       |
| train/                  |               |
|    approx_kl            | 0.00017213865 |
|    clip_fraction        | 6.1e-05       |
|    clip_range           | 0.2           |
|    entropy_loss         | -1.67         |
|    explained_variance   | 0.98          |
|    learning_rate        | 0.0003        |
|    loss                 | 25.8          |
|    n_updates            | 6120          |
|    policy_gradient_loss | -8.91e-05     |
|    std                  | 1.29          |
|    value_loss           | 202           |
-------------------------------------------
-------------------------------------------
| rollout/                |               |
|    ep_len_mean          | 983           |
|    ep_rew_mean          | -913          |
| time/                   |               |
|    fps                  | 3121          |
|    iterations           | 556           |
|    time_elapsed         | 1459          |
|    total_timesteps      | 4554752       |
| train/                  |               |
|    approx_kl            | 3.4825956e-05 |
|    clip_fraction        | 0             |
|    clip_range           | 0.2           |
|    entropy_loss         | -1.68         |
|    explained_variance   | 0.973         |
|    learning_rate        | 0.0003        |
|    loss                 | 44.4          |
|    n_updates            | 6130          |
|    policy_gradient_loss | -9.87e-05     |
|    std                  | 1.29          |
|    value_loss           | 715           |
-------------------------------------------
-------------------------------------------
| rollout/                |               |
|    ep_len_mean          | 983           |
|    ep_rew_mean          | -950          |
| time/                   |               |
|    fps                  | 3121          |
|    iterations           | 557           |
|    time_elapsed         | 1461          |
|    total_timesteps      | 4562944       |
| train/                  |               |
|    approx_kl            | 0.00081254443 |
|    clip_fraction        | 7.32e-05      |
|    clip_range           | 0.2           |
|    entropy_loss         | -1.68         |
|    explained_variance   | 0.991         |
|    learning_rate        | 0.0003        |
|    loss                 | 195           |
|    n_updates            | 6140          |
|    policy_gradient_loss | -4.05e-05     |
|    std                  | 1.3           |
|    value_loss           | 208           |
-------------------------------------------
------------------------------------------
| rollout/                |              |
|    ep_len_mean          | 983          |
|    ep_rew_mean          | -905         |
| time/                   |              |
|    fps                  | 3122         |
|    iterations           | 558          |
|    time_elapsed         | 1463         |
|    total_timesteps      | 4571136      |
| train/                  |              |
|    approx_kl            | 0.0029094385 |
|    clip_fraction        | 0.0126       |
|    clip_range           | 0.2          |
|    entropy_loss         | -1.68        |
|    explained_variance   | 0.987        |
|    learning_rate        | 0.0003       |
|    loss                 | 0.84         |
|    n_updates            | 6150         |
|    policy_gradient_loss | -0.000241    |
|    std                  | 1.3          |
|    value_loss           | 7.43         |
------------------------------------------
------------------------------------------
| rollout/                |              |
|    ep_len_mean          | 992          |
|    ep_rew_mean          | -941         |
| time/                   |              |
|    fps                  | 3123         |
|    iterations           | 559          |
|    time_elapsed         | 1466         |
|    total_timesteps      | 4579328      |
| train/                  |              |
|    approx_kl            | 0.0006739398 |
|    clip_fraction        | 0.00112      |
|    clip_range           | 0.2          |
|    entropy_loss         | -1.68        |
|    explained_variance   | 0.995        |
|    learning_rate        | 0.0003       |
|    loss                 | 11.5         |
|    n_updates            | 6160         |
|    policy_gradient_loss | -0.000171    |
|    std                  | 1.3          |
|    value_loss           | 24.9         |
------------------------------------------
-------------------------------------------
| rollout/                |               |
|    ep_len_mean          | 992           |
|    ep_rew_mean          | -996          |
| time/                   |               |
|    fps                  | 3123          |
|    iterations           | 560           |
|    time_elapsed         | 1468          |
|    total_timesteps      | 4587520       |
| train/                  |               |
|    approx_kl            | 0.00049867085 |
|    clip_fraction        | 8.54e-05      |
|    clip_range           | 0.2           |
|    entropy_loss         | -1.68         |
|    explained_variance   | 0.995         |
|    learning_rate        | 0.0003        |
|    loss                 | 8.05          |
|    n_updates            | 6170          |
|    policy_gradient_loss | -0.000175     |
|    std                  | 1.3           |
|    value_loss           | 28.2          |
-------------------------------------------
-------------------------------------------
| rollout/                |               |
|    ep_len_mean          | 992           |
|    ep_rew_mean          | -996          |
| time/                   |               |
|    fps                  | 3124          |
|    iterations           | 561           |
|    time_elapsed         | 1470          |
|    total_timesteps      | 4595712       |
| train/                  |               |
|    approx_kl            | 0.00020786904 |
|    clip_fraction        | 0             |
|    clip_range           | 0.2           |
|    entropy_loss         | -1.68         |
|    explained_variance   | 0.981         |
|    learning_rate        | 0.0003        |
|    loss                 | 34            |
|    n_updates            | 6180          |
|    policy_gradient_loss | 5.94e-05      |
|    std                  | 1.3           |
|    value_loss           | 91.3          |
-------------------------------------------
-------------------------------------------
| rollout/                |               |
|    ep_len_mean          | 992           |
|    ep_rew_mean          | -897          |
| time/                   |               |
|    fps                  | 3124          |
|    iterations           | 562           |
|    time_elapsed         | 1473          |
|    total_timesteps      | 4603904       |
| train/                  |               |
|    approx_kl            | 0.00073251186 |
|    clip_fraction        | 0.0271        |
|    clip_range           | 0.2           |
|    entropy_loss         | -1.68         |
|    explained_variance   | 0.996         |
|    learning_rate        | 0.0003        |
|    loss                 | 0.794         |
|    n_updates            | 6190          |
|    policy_gradient_loss | -0.000111     |
|    std                  | 1.3           |
|    value_loss           | 12.8          |
-------------------------------------------
------------------------------------------
| rollout/                |              |
|    ep_len_mean          | 992          |
|    ep_rew_mean          | -870         |
| time/                   |              |
|    fps                  | 3125         |
|    iterations           | 563          |
|    time_elapsed         | 1475         |
|    total_timesteps      | 4612096      |
| train/                  |              |
|    approx_kl            | 0.0008349348 |
|    clip_fraction        | 0.000403     |
|    clip_range           | 0.2          |
|    entropy_loss         | -1.69        |
|    explained_variance   | 0.992        |
|    learning_rate        | 0.0003       |
|    loss                 | 113          |
|    n_updates            | 6200         |
|    policy_gradient_loss | 0.000449     |
|    std                  | 1.31         |
|    value_loss           | 220          |
------------------------------------------
-------------------------------------------
| rollout/                |               |
|    ep_len_mean          | 983           |
|    ep_rew_mean          | -885          |
| time/                   |               |
|    fps                  | 3126          |
|    iterations           | 564           |
|    time_elapsed         | 1477          |
|    total_timesteps      | 4620288       |
| train/                  |               |
|    approx_kl            | 0.00038332824 |
|    clip_fraction        | 0.000415      |
|    clip_range           | 0.2           |
|    entropy_loss         | -1.69         |
|    explained_variance   | 0.993         |
|    learning_rate        | 0.0003        |
|    loss                 | 79.6          |
|    n_updates            | 6210          |
|    policy_gradient_loss | -0.000831     |
|    std                  | 1.31          |
|    value_loss           | 103           |
-------------------------------------------
-------------------------------------------
| rollout/                |               |
|    ep_len_mean          | 983           |
|    ep_rew_mean          | -893          |
| time/                   |               |
|    fps                  | 3126          |
|    iterations           | 565           |
|    time_elapsed         | 1480          |
|    total_timesteps      | 4628480       |
| train/                  |               |
|    approx_kl            | 0.00052682415 |
|    clip_fraction        | 0.000195      |
|    clip_range           | 0.2           |
|    entropy_loss         | -1.69         |
|    explained_variance   | 0.982         |
|    learning_rate        | 0.0003        |
|    loss                 | 91.7          |
|    n_updates            | 6220          |
|    policy_gradient_loss | -0.000144     |
|    std                  | 1.3           |
|    value_loss           | 325           |
-------------------------------------------
------------------------------------------
| rollout/                |              |
|    ep_len_mean          | 992          |
|    ep_rew_mean          | -919         |
| time/                   |              |
|    fps                  | 3127         |
|    iterations           | 566          |
|    time_elapsed         | 1482         |
|    total_timesteps      | 4636672      |
| train/                  |              |
|    approx_kl            | 0.0038071675 |
|    clip_fraction        | 0.0618       |
|    clip_range           | 0.2          |
|    entropy_loss         | -1.69        |
|    explained_variance   | 0.998        |
|    learning_rate        | 0.0003       |
|    loss                 | 3.34         |
|    n_updates            | 6230         |
|    policy_gradient_loss | -0.00182     |
|    std                  | 1.31         |
|    value_loss           | 6.28         |
------------------------------------------
Eval num_timesteps=4640000, episode_reward=-241.37 +/- 315.03
Episode length: 1001.00 +/- 0.00
------------------------------------------
| eval/                   |              |
|    mean_ep_length       | 1e+03        |
|    mean_reward          | -241         |
| time/                   |              |
|    total_timesteps      | 4640000      |
| train/                  |              |
|    approx_kl            | 0.0011139063 |
|    clip_fraction        | 0.000134     |
|    clip_range           | 0.2          |
|    entropy_loss         | -1.69        |
|    explained_variance   | 0.993        |
|    learning_rate        | 0.0003       |
|    loss                 | 18.2         |
|    n_updates            | 6240         |
|    policy_gradient_loss | -0.000132    |
|    std                  | 1.32         |
|    value_loss           | 40.8         |
------------------------------------------
New best mean reward!
---------------------------------
| rollout/           |          |
|    ep_len_mean     | 992      |
|    ep_rew_mean     | -967     |
| time/              |          |
|    fps             | 3116     |
|    iterations      | 567      |
|    time_elapsed    | 1490     |
|    total_timesteps | 4644864  |
---------------------------------
------------------------------------------
| rollout/                |              |
|    ep_len_mean          | 992          |
|    ep_rew_mean          | -939         |
| time/                   |              |
|    fps                  | 3116         |
|    iterations           | 568          |
|    time_elapsed         | 1492         |
|    total_timesteps      | 4653056      |
| train/                  |              |
|    approx_kl            | 0.0009261542 |
|    clip_fraction        | 0.00259      |
|    clip_range           | 0.2          |
|    entropy_loss         | -1.7         |
|    explained_variance   | 0.991        |
|    learning_rate        | 0.0003       |
|    loss                 | 4.08         |
|    n_updates            | 6250         |
|    policy_gradient_loss | -0.00238     |
|    std                  | 1.32         |
|    value_loss           | 122          |
------------------------------------------
------------------------------------------
| rollout/                |              |
|    ep_len_mean          | 992          |
|    ep_rew_mean          | -922         |
| time/                   |              |
|    fps                  | 3117         |
|    iterations           | 569          |
|    time_elapsed         | 1495         |
|    total_timesteps      | 4661248      |
| train/                  |              |
|    approx_kl            | 0.0013988501 |
|    clip_fraction        | 0.000525     |
|    clip_range           | 0.2          |
|    entropy_loss         | -1.7         |
|    explained_variance   | 0.993        |
|    learning_rate        | 0.0003       |
|    loss                 | 14.7         |
|    n_updates            | 6260         |
|    policy_gradient_loss | -0.000477    |
|    std                  | 1.33         |
|    value_loss           | 43.1         |
------------------------------------------
------------------------------------------
| rollout/                |              |
|    ep_len_mean          | 992          |
|    ep_rew_mean          | -922         |
| time/                   |              |
|    fps                  | 3118         |
|    iterations           | 570          |
|    time_elapsed         | 1497         |
|    total_timesteps      | 4669440      |
| train/                  |              |
|    approx_kl            | 0.0063944086 |
|    clip_fraction        | 0.0161       |
|    clip_range           | 0.2          |
|    entropy_loss         | -1.7         |
|    explained_variance   | 0.995        |
|    learning_rate        | 0.0003       |
|    loss                 | 7.34         |
|    n_updates            | 6270         |
|    policy_gradient_loss | -0.00107     |
|    std                  | 1.32         |
|    value_loss           | 21.2         |
------------------------------------------
------------------------------------------
| rollout/                |              |
|    ep_len_mean          | 992          |
|    ep_rew_mean          | -930         |
| time/                   |              |
|    fps                  | 3118         |
|    iterations           | 571          |
|    time_elapsed         | 1499         |
|    total_timesteps      | 4677632      |
| train/                  |              |
|    approx_kl            | 0.0008689231 |
|    clip_fraction        | 0.00449      |
|    clip_range           | 0.2          |
|    entropy_loss         | -1.7         |
|    explained_variance   | 0.991        |
|    learning_rate        | 0.0003       |
|    loss                 | 48.9         |
|    n_updates            | 6280         |
|    policy_gradient_loss | -0.00172     |
|    std                  | 1.32         |
|    value_loss           | 55.1         |
------------------------------------------
-------------------------------------------
| rollout/                |               |
|    ep_len_mean          | 992           |
|    ep_rew_mean          | -895          |
| time/                   |               |
|    fps                  | 3119          |
|    iterations           | 572           |
|    time_elapsed         | 1502          |
|    total_timesteps      | 4685824       |
| train/                  |               |
|    approx_kl            | 0.00038080447 |
|    clip_fraction        | 0.000696      |
|    clip_range           | 0.2           |
|    entropy_loss         | -1.7          |
|    explained_variance   | 0.986         |
|    learning_rate        | 0.0003        |
|    loss                 | 515           |
|    n_updates            | 6290          |
|    policy_gradient_loss | -0.000328     |
|    std                  | 1.33          |
|    value_loss           | 263           |
-------------------------------------------
------------------------------------------
| rollout/                |              |
|    ep_len_mean          | 992          |
|    ep_rew_mean          | -898         |
| time/                   |              |
|    fps                  | 3120         |
|    iterations           | 573          |
|    time_elapsed         | 1504         |
|    total_timesteps      | 4694016      |
| train/                  |              |
|    approx_kl            | 0.0010617462 |
|    clip_fraction        | 0.00214      |
|    clip_range           | 0.2          |
|    entropy_loss         | -1.7         |
|    explained_variance   | 0.982        |
|    learning_rate        | 0.0003       |
|    loss                 | 0.837        |
|    n_updates            | 6300         |
|    policy_gradient_loss | -0.00193     |
|    std                  | 1.33         |
|    value_loss           | 22.8         |
------------------------------------------
------------------------------------------
| rollout/                |              |
|    ep_len_mean          | 992          |
|    ep_rew_mean          | -893         |
| time/                   |              |
|    fps                  | 3120         |
|    iterations           | 574          |
|    time_elapsed         | 1506         |
|    total_timesteps      | 4702208      |
| train/                  |              |
|    approx_kl            | 0.0023165154 |
|    clip_fraction        | 0.0746       |
|    clip_range           | 0.2          |
|    entropy_loss         | -1.71        |
|    explained_variance   | 0.997        |
|    learning_rate        | 0.0003       |
|    loss                 | 0.924        |
|    n_updates            | 6310         |
|    policy_gradient_loss | 0.000638     |
|    std                  | 1.34         |
|    value_loss           | 3.34         |
------------------------------------------
-------------------------------------------
| rollout/                |               |
|    ep_len_mean          | 992           |
|    ep_rew_mean          | -943          |
| time/                   |               |
|    fps                  | 3121          |
|    iterations           | 575           |
|    time_elapsed         | 1509          |
|    total_timesteps      | 4710400       |
| train/                  |               |
|    approx_kl            | 0.00069929846 |
|    clip_fraction        | 0.00189       |
|    clip_range           | 0.2           |
|    entropy_loss         | -1.72         |
|    explained_variance   | 0.99          |
|    learning_rate        | 0.0003        |
|    loss                 | 30.2          |
|    n_updates            | 6320          |
|    policy_gradient_loss | -0.00136      |
|    std                  | 1.35          |
|    value_loss           | 45.8          |
-------------------------------------------
-------------------------------------------
| rollout/                |               |
|    ep_len_mean          | 992           |
|    ep_rew_mean          | -921          |
| time/                   |               |
|    fps                  | 3121          |
|    iterations           | 576           |
|    time_elapsed         | 1511          |
|    total_timesteps      | 4718592       |
| train/                  |               |
|    approx_kl            | 0.00040767537 |
|    clip_fraction        | 8.54e-05      |
|    clip_range           | 0.2           |
|    entropy_loss         | -1.72         |
|    explained_variance   | 0.992         |
|    learning_rate        | 0.0003        |
|    loss                 | 12.1          |
|    n_updates            | 6330          |
|    policy_gradient_loss | -3.61e-05     |
|    std                  | 1.35          |
|    value_loss           | 57.6          |
-------------------------------------------
-----------------------------------------
| rollout/                |             |
|    ep_len_mean          | 1e+03       |
|    ep_rew_mean          | -882        |
| time/                   |             |
|    fps                  | 3122        |
|    iterations           | 577         |
|    time_elapsed         | 1513        |
|    total_timesteps      | 4726784     |
| train/                  |             |
|    approx_kl            | 0.002623906 |
|    clip_fraction        | 0.0041      |
|    clip_range           | 0.2         |
|    entropy_loss         | -1.72       |
|    explained_variance   | 0.994       |
|    learning_rate        | 0.0003      |
|    loss                 | 3.67        |
|    n_updates            | 6340        |
|    policy_gradient_loss | -0.000127   |
|    std                  | 1.35        |
|    value_loss           | 32.1        |
-----------------------------------------
-----------------------------------------
| rollout/                |             |
|    ep_len_mean          | 1e+03       |
|    ep_rew_mean          | -835        |
| time/                   |             |
|    fps                  | 3122        |
|    iterations           | 578         |
|    time_elapsed         | 1516        |
|    total_timesteps      | 4734976     |
| train/                  |             |
|    approx_kl            | 0.003877813 |
|    clip_fraction        | 0.0181      |
|    clip_range           | 0.2         |
|    entropy_loss         | -1.72       |
|    explained_variance   | 0.979       |
|    learning_rate        | 0.0003      |
|    loss                 | 3.06        |
|    n_updates            | 6350        |
|    policy_gradient_loss | -0.000571   |
|    std                  | 1.35        |
|    value_loss           | 19          |
-----------------------------------------
------------------------------------------
| rollout/                |              |
|    ep_len_mean          | 1e+03        |
|    ep_rew_mean          | -794         |
| time/                   |              |
|    fps                  | 3122         |
|    iterations           | 579          |
|    time_elapsed         | 1518         |
|    total_timesteps      | 4743168      |
| train/                  |              |
|    approx_kl            | 0.0017633059 |
|    clip_fraction        | 0.0342       |
|    clip_range           | 0.2          |
|    entropy_loss         | -1.72        |
|    explained_variance   | 0.994        |
|    learning_rate        | 0.0003       |
|    loss                 | 25.6         |
|    n_updates            | 6360         |
|    policy_gradient_loss | 0.000121     |
|    std                  | 1.36         |
|    value_loss           | 56           |
------------------------------------------
-------------------------------------------
| rollout/                |               |
|    ep_len_mean          | 1e+03         |
|    ep_rew_mean          | -787          |
| time/                   |               |
|    fps                  | 3123          |
|    iterations           | 580           |
|    time_elapsed         | 1521          |
|    total_timesteps      | 4751360       |
| train/                  |               |
|    approx_kl            | 0.00067393313 |
|    clip_fraction        | 0.00104       |
|    clip_range           | 0.2           |
|    entropy_loss         | -1.73         |
|    explained_variance   | 0.991         |
|    learning_rate        | 0.0003        |
|    loss                 | 11.6          |
|    n_updates            | 6370          |
|    policy_gradient_loss | -0.000741     |
|    std                  | 1.37          |
|    value_loss           | 95.2          |
-------------------------------------------
------------------------------------------
| rollout/                |              |
|    ep_len_mean          | 1e+03        |
|    ep_rew_mean          | -796         |
| time/                   |              |
|    fps                  | 3123         |
|    iterations           | 581          |
|    time_elapsed         | 1523         |
|    total_timesteps      | 4759552      |
| train/                  |              |
|    approx_kl            | 0.0027373875 |
|    clip_fraction        | 0.00983      |
|    clip_range           | 0.2          |
|    entropy_loss         | -1.74        |
|    explained_variance   | 0.999        |
|    learning_rate        | 0.0003       |
|    loss                 | 1.22         |
|    n_updates            | 6380         |
|    policy_gradient_loss | -0.00153     |
|    std                  | 1.38         |
|    value_loss           | 6.37         |
------------------------------------------
------------------------------------------
| rollout/                |              |
|    ep_len_mean          | 992          |
|    ep_rew_mean          | -814         |
| time/                   |              |
|    fps                  | 3124         |
|    iterations           | 582          |
|    time_elapsed         | 1525         |
|    total_timesteps      | 4767744      |
| train/                  |              |
|    approx_kl            | 0.0040614195 |
|    clip_fraction        | 0.0189       |
|    clip_range           | 0.2          |
|    entropy_loss         | -1.74        |
|    explained_variance   | 0.987        |
|    learning_rate        | 0.0003       |
|    loss                 | 1.89         |
|    n_updates            | 6390         |
|    policy_gradient_loss | -0.00129     |
|    std                  | 1.38         |
|    value_loss           | 24.2         |
------------------------------------------
------------------------------------------
| rollout/                |              |
|    ep_len_mean          | 992          |
|    ep_rew_mean          | -809         |
| time/                   |              |
|    fps                  | 3125         |
|    iterations           | 583          |
|    time_elapsed         | 1528         |
|    total_timesteps      | 4775936      |
| train/                  |              |
|    approx_kl            | 0.0010793265 |
|    clip_fraction        | 0.000391     |
|    clip_range           | 0.2          |
|    entropy_loss         | -1.74        |
|    explained_variance   | 0.967        |
|    learning_rate        | 0.0003       |
|    loss                 | 29.7         |
|    n_updates            | 6400         |
|    policy_gradient_loss | -0.000204    |
|    std                  | 1.38         |
|    value_loss           | 182          |
------------------------------------------
-----------------------------------------
| rollout/                |             |
|    ep_len_mean          | 992         |
|    ep_rew_mean          | -797        |
| time/                   |             |
|    fps                  | 3125        |
|    iterations           | 584         |
|    time_elapsed         | 1530        |
|    total_timesteps      | 4784128     |
| train/                  |             |
|    approx_kl            | 0.004186687 |
|    clip_fraction        | 0.0551      |
|    clip_range           | 0.2         |
|    entropy_loss         | -1.74       |
|    explained_variance   | 0.992       |
|    learning_rate        | 0.0003      |
|    loss                 | 3.43        |
|    n_updates            | 6410        |
|    policy_gradient_loss | -0.00127    |
|    std                  | 1.39        |
|    value_loss           | 9.8         |
-----------------------------------------
------------------------------------------
| rollout/                |              |
|    ep_len_mean          | 992          |
|    ep_rew_mean          | -787         |
| time/                   |              |
|    fps                  | 3126         |
|    iterations           | 585          |
|    time_elapsed         | 1532         |
|    total_timesteps      | 4792320      |
| train/                  |              |
|    approx_kl            | 0.0003546693 |
|    clip_fraction        | 4.88e-05     |
|    clip_range           | 0.2          |
|    entropy_loss         | -1.75        |
|    explained_variance   | 0.992        |
|    learning_rate        | 0.0003       |
|    loss                 | 18           |
|    n_updates            | 6420         |
|    policy_gradient_loss | -7.83e-05    |
|    std                  | 1.4          |
|    value_loss           | 52.6         |
------------------------------------------
Eval num_timesteps=4800000, episode_reward=-1202.78 +/- 872.14
Episode length: 1001.00 +/- 0.00
------------------------------------------
| eval/                   |              |
|    mean_ep_length       | 1e+03        |
|    mean_reward          | -1.2e+03     |
| time/                   |              |
|    total_timesteps      | 4800000      |
| train/                  |              |
|    approx_kl            | 0.0051594344 |
|    clip_fraction        | 0.0102       |
|    clip_range           | 0.2          |
|    entropy_loss         | -1.76        |
|    explained_variance   | 0.994        |
|    learning_rate        | 0.0003       |
|    loss                 | 12.5         |
|    n_updates            | 6430         |
|    policy_gradient_loss | -0.000456    |
|    std                  | 1.4          |
|    value_loss           | 26.6         |
------------------------------------------
---------------------------------
| rollout/           |          |
|    ep_len_mean     | 992      |
|    ep_rew_mean     | -785     |
| time/              |          |
|    fps             | 3115     |
|    iterations      | 586      |
|    time_elapsed    | 1540     |
|    total_timesteps | 4800512  |
---------------------------------
------------------------------------------
| rollout/                |              |
|    ep_len_mean          | 992          |
|    ep_rew_mean          | -714         |
| time/                   |              |
|    fps                  | 3116         |
|    iterations           | 587          |
|    time_elapsed         | 1543         |
|    total_timesteps      | 4808704      |
| train/                  |              |
|    approx_kl            | 0.0010840364 |
|    clip_fraction        | 0.0005       |
|    clip_range           | 0.2          |
|    entropy_loss         | -1.76        |
|    explained_variance   | 0.991        |
|    learning_rate        | 0.0003       |
|    loss                 | 59.9         |
|    n_updates            | 6440         |
|    policy_gradient_loss | -0.000303    |
|    std                  | 1.4          |
|    value_loss           | 173          |
------------------------------------------
-------------------------------------------
| rollout/                |               |
|    ep_len_mean          | 992           |
|    ep_rew_mean          | -706          |
| time/                   |               |
|    fps                  | 3116          |
|    iterations           | 588           |
|    time_elapsed         | 1545          |
|    total_timesteps      | 4816896       |
| train/                  |               |
|    approx_kl            | 0.00033929586 |
|    clip_fraction        | 4.88e-05      |
|    clip_range           | 0.2           |
|    entropy_loss         | -1.76         |
|    explained_variance   | 0.991         |
|    learning_rate        | 0.0003        |
|    loss                 | 35.9          |
|    n_updates            | 6450          |
|    policy_gradient_loss | -0.000514     |
|    std                  | 1.4           |
|    value_loss           | 169           |
-------------------------------------------
------------------------------------------
| rollout/                |              |
|    ep_len_mean          | 992          |
|    ep_rew_mean          | -733         |
| time/                   |              |
|    fps                  | 3117         |
|    iterations           | 589          |
|    time_elapsed         | 1547         |
|    total_timesteps      | 4825088      |
| train/                  |              |
|    approx_kl            | 0.0007477129 |
|    clip_fraction        | 0.0435       |
|    clip_range           | 0.2          |
|    entropy_loss         | -1.75        |
|    explained_variance   | 0.974        |
|    learning_rate        | 0.0003       |
|    loss                 | 0.21         |
|    n_updates            | 6460         |
|    policy_gradient_loss | 0.000899     |
|    std                  | 1.39         |
|    value_loss           | 1.21         |
------------------------------------------
-------------------------------------------
| rollout/                |               |
|    ep_len_mean          | 983           |
|    ep_rew_mean          | -780          |
| time/                   |               |
|    fps                  | 3118          |
|    iterations           | 590           |
|    time_elapsed         | 1550          |
|    total_timesteps      | 4833280       |
| train/                  |               |
|    approx_kl            | 0.00016189154 |
|    clip_fraction        | 0             |
|    clip_range           | 0.2           |
|    entropy_loss         | -1.74         |
|    explained_variance   | 0.992         |
|    learning_rate        | 0.0003        |
|    loss                 | 2.79          |
|    n_updates            | 6470          |
|    policy_gradient_loss | -9.1e-05      |
|    std                  | 1.38          |
|    value_loss           | 16.6          |
-------------------------------------------
-------------------------------------------
| rollout/                |               |
|    ep_len_mean          | 983           |
|    ep_rew_mean          | -806          |
| time/                   |               |
|    fps                  | 3118          |
|    iterations           | 591           |
|    time_elapsed         | 1552          |
|    total_timesteps      | 4841472       |
| train/                  |               |
|    approx_kl            | 1.7102218e-05 |
|    clip_fraction        | 0             |
|    clip_range           | 0.2           |
|    entropy_loss         | -1.74         |
|    explained_variance   | 0.978         |
|    learning_rate        | 0.0003        |
|    loss                 | 40.4          |
|    n_updates            | 6480          |
|    policy_gradient_loss | -0.000109     |
|    std                  | 1.38          |
|    value_loss           | 245           |
-------------------------------------------
-------------------------------------------
| rollout/                |               |
|    ep_len_mean          | 983           |
|    ep_rew_mean          | -737          |
| time/                   |               |
|    fps                  | 3118          |
|    iterations           | 592           |
|    time_elapsed         | 1555          |
|    total_timesteps      | 4849664       |
| train/                  |               |
|    approx_kl            | 0.00039186366 |
|    clip_fraction        | 1.22e-05      |
|    clip_range           | 0.2           |
|    entropy_loss         | -1.74         |
|    explained_variance   | 0.992         |
|    learning_rate        | 0.0003        |
|    loss                 | 9.51          |
|    n_updates            | 6490          |
|    policy_gradient_loss | -0.000221     |
|    std                  | 1.38          |
|    value_loss           | 90.5          |
-------------------------------------------
------------------------------------------
| rollout/                |              |
|    ep_len_mean          | 983          |
|    ep_rew_mean          | -766         |
| time/                   |              |
|    fps                  | 3119         |
|    iterations           | 593          |
|    time_elapsed         | 1557         |
|    total_timesteps      | 4857856      |
| train/                  |              |
|    approx_kl            | 0.0010910231 |
|    clip_fraction        | 0.000171     |
|    clip_range           | 0.2          |
|    entropy_loss         | -1.74        |
|    explained_variance   | 0.993        |
|    learning_rate        | 0.0003       |
|    loss                 | 7.63         |
|    n_updates            | 6500         |
|    policy_gradient_loss | -6.42e-05    |
|    std                  | 1.38         |
|    value_loss           | 12.7         |
------------------------------------------
------------------------------------------
| rollout/                |              |
|    ep_len_mean          | 992          |
|    ep_rew_mean          | -750         |
| time/                   |              |
|    fps                  | 3119         |
|    iterations           | 594          |
|    time_elapsed         | 1560         |
|    total_timesteps      | 4866048      |
| train/                  |              |
|    approx_kl            | 3.490311e-05 |
|    clip_fraction        | 0            |
|    clip_range           | 0.2          |
|    entropy_loss         | -1.74        |
|    explained_variance   | 0.986        |
|    learning_rate        | 0.0003       |
|    loss                 | 20.9         |
|    n_updates            | 6510         |
|    policy_gradient_loss | -2.26e-05    |
|    std                  | 1.38         |
|    value_loss           | 44.5         |
------------------------------------------
-------------------------------------------
| rollout/                |               |
|    ep_len_mean          | 992           |
|    ep_rew_mean          | -757          |
| time/                   |               |
|    fps                  | 3119          |
|    iterations           | 595           |
|    time_elapsed         | 1562          |
|    total_timesteps      | 4874240       |
| train/                  |               |
|    approx_kl            | 6.7682326e-05 |
|    clip_fraction        | 0             |
|    clip_range           | 0.2           |
|    entropy_loss         | -1.74         |
|    explained_variance   | 0.988         |
|    learning_rate        | 0.0003        |
|    loss                 | 150           |
|    n_updates            | 6520          |
|    policy_gradient_loss | -0.000138     |
|    std                  | 1.38          |
|    value_loss           | 260           |
-------------------------------------------
------------------------------------------
| rollout/                |              |
|    ep_len_mean          | 992          |
|    ep_rew_mean          | -733         |
| time/                   |              |
|    fps                  | 3119         |
|    iterations           | 596          |
|    time_elapsed         | 1564         |
|    total_timesteps      | 4882432      |
| train/                  |              |
|    approx_kl            | 0.0002179768 |
|    clip_fraction        | 0.000415     |
|    clip_range           | 0.2          |
|    entropy_loss         | -1.74        |
|    explained_variance   | 0.998        |
|    learning_rate        | 0.0003       |
|    loss                 | 7            |
|    n_updates            | 6530         |
|    policy_gradient_loss | -0.00102     |
|    std                  | 1.39         |
|    value_loss           | 16.6         |
------------------------------------------
------------------------------------------
| rollout/                |              |
|    ep_len_mean          | 992          |
|    ep_rew_mean          | -753         |
| time/                   |              |
|    fps                  | 3120         |
|    iterations           | 597          |
|    time_elapsed         | 1567         |
|    total_timesteps      | 4890624      |
| train/                  |              |
|    approx_kl            | 8.397539e-06 |
|    clip_fraction        | 0            |
|    clip_range           | 0.2          |
|    entropy_loss         | -1.75        |
|    explained_variance   | 0.978        |
|    learning_rate        | 0.0003       |
|    loss                 | 62.8         |
|    n_updates            | 6540         |
|    policy_gradient_loss | 3.17e-06     |
|    std                  | 1.39         |
|    value_loss           | 272          |
------------------------------------------
-------------------------------------------
| rollout/                |               |
|    ep_len_mean          | 992           |
|    ep_rew_mean          | -818          |
| time/                   |               |
|    fps                  | 3120          |
|    iterations           | 598           |
|    time_elapsed         | 1569          |
|    total_timesteps      | 4898816       |
| train/                  |               |
|    approx_kl            | 0.00011439309 |
|    clip_fraction        | 0             |
|    clip_range           | 0.2           |
|    entropy_loss         | -1.75         |
|    explained_variance   | 0.987         |
|    learning_rate        | 0.0003        |
|    loss                 | 48.6          |
|    n_updates            | 6550          |
|    policy_gradient_loss | -0.00068      |
|    std                  | 1.39          |
|    value_loss           | 191           |
-------------------------------------------
------------------------------------------
| rollout/                |              |
|    ep_len_mean          | 992          |
|    ep_rew_mean          | -892         |
| time/                   |              |
|    fps                  | 3121         |
|    iterations           | 599          |
|    time_elapsed         | 1572         |
|    total_timesteps      | 4907008      |
| train/                  |              |
|    approx_kl            | 6.513693e-05 |
|    clip_fraction        | 0            |
|    clip_range           | 0.2          |
|    entropy_loss         | -1.75        |
|    explained_variance   | 0.994        |
|    learning_rate        | 0.0003       |
|    loss                 | 19.4         |
|    n_updates            | 6560         |
|    policy_gradient_loss | -0.000108    |
|    std                  | 1.39         |
|    value_loss           | 57.1         |
------------------------------------------
------------------------------------------
| rollout/                |              |
|    ep_len_mean          | 992          |
|    ep_rew_mean          | -920         |
| time/                   |              |
|    fps                  | 3121         |
|    iterations           | 600          |
|    time_elapsed         | 1574         |
|    total_timesteps      | 4915200      |
| train/                  |              |
|    approx_kl            | 0.0033260197 |
|    clip_fraction        | 0.0057       |
|    clip_range           | 0.2          |
|    entropy_loss         | -1.75        |
|    explained_variance   | 0.992        |
|    learning_rate        | 0.0003       |
|    loss                 | 4.8          |
|    n_updates            | 6570         |
|    policy_gradient_loss | -0.000561    |
|    std                  | 1.39         |
|    value_loss           | 18.2         |
------------------------------------------
-------------------------------------------
| rollout/                |               |
|    ep_len_mean          | 992           |
|    ep_rew_mean          | -921          |
| time/                   |               |
|    fps                  | 3122          |
|    iterations           | 601           |
|    time_elapsed         | 1576          |
|    total_timesteps      | 4923392       |
| train/                  |               |
|    approx_kl            | 1.7343154e-05 |
|    clip_fraction        | 0             |
|    clip_range           | 0.2           |
|    entropy_loss         | -1.75         |
|    explained_variance   | 0.986         |
|    learning_rate        | 0.0003        |
|    loss                 | 48.5          |
|    n_updates            | 6580          |
|    policy_gradient_loss | 4.06e-05      |
|    std                  | 1.39          |
|    value_loss           | 174           |
-------------------------------------------
------------------------------------------
| rollout/                |              |
|    ep_len_mean          | 1e+03        |
|    ep_rew_mean          | -873         |
| time/                   |              |
|    fps                  | 3122         |
|    iterations           | 602          |
|    time_elapsed         | 1579         |
|    total_timesteps      | 4931584      |
| train/                  |              |
|    approx_kl            | 0.0001362656 |
|    clip_fraction        | 2.44e-05     |
|    clip_range           | 0.2          |
|    entropy_loss         | -1.75        |
|    explained_variance   | 0.992        |
|    learning_rate        | 0.0003       |
|    loss                 | 122          |
|    n_updates            | 6590         |
|    policy_gradient_loss | -0.000294    |
|    std                  | 1.39         |
|    value_loss           | 115          |
------------------------------------------
--------------------------------------------
| rollout/                |                |
|    ep_len_mean          | 992            |
|    ep_rew_mean          | -838           |
| time/                   |                |
|    fps                  | 3123           |
|    iterations           | 603            |
|    time_elapsed         | 1581           |
|    total_timesteps      | 4939776        |
| train/                  |                |
|    approx_kl            | 0.000118826334 |
|    clip_fraction        | 0              |
|    clip_range           | 0.2            |
|    entropy_loss         | -1.75          |
|    explained_variance   | 0.994          |
|    learning_rate        | 0.0003         |
|    loss                 | 32.6           |
|    n_updates            | 6600           |
|    policy_gradient_loss | -0.000164      |
|    std                  | 1.39           |
|    value_loss           | 73.7           |
--------------------------------------------
------------------------------------------
| rollout/                |              |
|    ep_len_mean          | 992          |
|    ep_rew_mean          | -895         |
| time/                   |              |
|    fps                  | 3123         |
|    iterations           | 604          |
|    time_elapsed         | 1583         |
|    total_timesteps      | 4947968      |
| train/                  |              |
|    approx_kl            | 3.711089e-05 |
|    clip_fraction        | 0            |
|    clip_range           | 0.2          |
|    entropy_loss         | -1.75        |
|    explained_variance   | 0.926        |
|    learning_rate        | 0.0003       |
|    loss                 | 67.5         |
|    n_updates            | 6610         |
|    policy_gradient_loss | 2.31e-05     |
|    std                  | 1.39         |
|    value_loss           | 93.1         |
------------------------------------------
-------------------------------------------
| rollout/                |               |
|    ep_len_mean          | 992           |
|    ep_rew_mean          | -918          |
| time/                   |               |
|    fps                  | 3124          |
|    iterations           | 605           |
|    time_elapsed         | 1586          |
|    total_timesteps      | 4956160       |
| train/                  |               |
|    approx_kl            | 0.00011675695 |
|    clip_fraction        | 0             |
|    clip_range           | 0.2           |
|    entropy_loss         | -1.75         |
|    explained_variance   | 0.979         |
|    learning_rate        | 0.0003        |
|    loss                 | 15.8          |
|    n_updates            | 6620          |
|    policy_gradient_loss | 2.27e-05      |
|    std                  | 1.39          |
|    value_loss           | 99.1          |
-------------------------------------------
Eval num_timesteps=4960000, episode_reward=-1665.75 +/- 941.16
Episode length: 1001.00 +/- 0.00
-----------------------------------------
| eval/                   |             |
|    mean_ep_length       | 1e+03       |
|    mean_reward          | -1.67e+03   |
| time/                   |             |
|    total_timesteps      | 4960000     |
| train/                  |             |
|    approx_kl            | 0.000557597 |
|    clip_fraction        | 0.000439    |
|    clip_range           | 0.2         |
|    entropy_loss         | -1.75       |
|    explained_variance   | 0.993       |
|    learning_rate        | 0.0003      |
|    loss                 | 17          |
|    n_updates            | 6630        |
|    policy_gradient_loss | -4.51e-05   |
|    std                  | 1.39        |
|    value_loss           | 38.6        |
-----------------------------------------
---------------------------------
| rollout/           |          |
|    ep_len_mean     | 983      |
|    ep_rew_mean     | -913     |
| time/              |          |
|    fps             | 3114     |
|    iterations      | 606      |
|    time_elapsed    | 1593     |
|    total_timesteps | 4964352  |
---------------------------------
------------------------------------------
| rollout/                |              |
|    ep_len_mean          | 983          |
|    ep_rew_mean          | -922         |
| time/                   |              |
|    fps                  | 3115         |
|    iterations           | 607          |
|    time_elapsed         | 1596         |
|    total_timesteps      | 4972544      |
| train/                  |              |
|    approx_kl            | 0.0003635848 |
|    clip_fraction        | 0            |
|    clip_range           | 0.2          |
|    entropy_loss         | -1.75        |
|    explained_variance   | 0.986        |
|    learning_rate        | 0.0003       |
|    loss                 | 254          |
|    n_updates            | 6640         |
|    policy_gradient_loss | -0.000174    |
|    std                  | 1.39         |
|    value_loss           | 366          |
------------------------------------------
------------------------------------------
| rollout/                |              |
|    ep_len_mean          | 983          |
|    ep_rew_mean          | -924         |
| time/                   |              |
|    fps                  | 3115         |
|    iterations           | 608          |
|    time_elapsed         | 1598         |
|    total_timesteps      | 4980736      |
| train/                  |              |
|    approx_kl            | 0.0032414673 |
|    clip_fraction        | 0.00474      |
|    clip_range           | 0.2          |
|    entropy_loss         | -1.75        |
|    explained_variance   | 0.995        |
|    learning_rate        | 0.0003       |
|    loss                 | 29.1         |
|    n_updates            | 6650         |
|    policy_gradient_loss | -0.000495    |
|    std                  | 1.39         |
|    value_loss           | 63.1         |
------------------------------------------
------------------------------------------
| rollout/                |              |
|    ep_len_mean          | 983          |
|    ep_rew_mean          | -911         |
| time/                   |              |
|    fps                  | 3116         |
|    iterations           | 609          |
|    time_elapsed         | 1600         |
|    total_timesteps      | 4988928      |
| train/                  |              |
|    approx_kl            | 0.0007909923 |
|    clip_fraction        | 0.00247      |
|    clip_range           | 0.2          |
|    entropy_loss         | -1.75        |
|    explained_variance   | 0.99         |
|    learning_rate        | 0.0003       |
|    loss                 | 2.75         |
|    n_updates            | 6660         |
|    policy_gradient_loss | -0.00203     |
|    std                  | 1.39         |
|    value_loss           | 39.4         |
------------------------------------------
------------------------------------------
| rollout/                |              |
|    ep_len_mean          | 983          |
|    ep_rew_mean          | -905         |
| time/                   |              |
|    fps                  | 3116         |
|    iterations           | 610          |
|    time_elapsed         | 1603         |
|    total_timesteps      | 4997120      |
| train/                  |              |
|    approx_kl            | 0.0015608956 |
|    clip_fraction        | 0.00217      |
|    clip_range           | 0.2          |
|    entropy_loss         | -1.75        |
|    explained_variance   | 0.98         |
|    learning_rate        | 0.0003       |
|    loss                 | 4.32         |
|    n_updates            | 6670         |
|    policy_gradient_loss | -0.00037     |
|    std                  | 1.39         |
|    value_loss           | 253          |
------------------------------------------
------------------------------------------
| rollout/                |              |
|    ep_len_mean          | 974          |
|    ep_rew_mean          | -910         |
| time/                   |              |
|    fps                  | 3117         |
|    iterations           | 611          |
|    time_elapsed         | 1605         |
|    total_timesteps      | 5005312      |
| train/                  |              |
|    approx_kl            | 0.0005415651 |
|    clip_fraction        | 0.00239      |
|    clip_range           | 0.2          |
|    entropy_loss         | -1.75        |
|    explained_variance   | 0.99         |
|    learning_rate        | 0.0003       |
|    loss                 | 13.9         |
|    n_updates            | 6680         |
|    policy_gradient_loss | -0.00105     |
|    std                  | 1.4          |
|    value_loss           | 196          |
------------------------------------------
done. best model -> ckpt/best_model.zip
