/home/zy/car_rl/code0919/.venv/lib/python3.13/site-packages/stable_baselines3/common/on_policy_algorithm.py:150: UserWarning: You are trying to run PPO on the GPU, but it is primarily intended to run on the CPU when not using a CNN policy (you are using ActorCriticPolicy which should be a MlpPolicy). See https://github.com/DLR-RM/stable-baselines3/issues/1245 for more info. You can pass `device='cpu'` or `export CUDA_VISIBLE_DEVICES=` to force using the CPU.Note: The model will train, but the GPU utilization will be poor and the training might take longer than on CPU.
  warnings.warn(
/home/zy/car_rl/code0919/.venv/lib/python3.13/site-packages/stable_baselines3/common/on_policy_algorithm.py:150: UserWarning: You are trying to run PPO on the GPU, but it is primarily intended to run on the CPU when not using a CNN policy (you are using ActorCriticPolicy which should be a MlpPolicy). See https://github.com/DLR-RM/stable-baselines3/issues/1245 for more info. You can pass `device='cpu'` or `export CUDA_VISIBLE_DEVICES=` to force using the CPU.Note: The model will train, but the GPU utilization will be poor and the training might take longer than on CPU.
  warnings.warn(
rows=16  updates=312.5
before-training win rate vs UNTRAINED self: (23, 17, 0)
trained 1,280,000 steps in 686.8s (1,864 steps/s)

==============================================================================
TREND: does the failure rate fall over training?  (bucket=100 eps)
==============================================================================
      steps   mean_ret  ~collision%  entropy_loss   value_loss
      1,728     -740.0        74.0%           n/a          n/a
      2,128     -570.0        57.0%           n/a          n/a
      2,528     -370.0        37.0%           n/a          n/a
      2,928      -10.0         1.0%           n/a          n/a
      3,328     -230.0        23.0%           n/a          n/a
      3,728      -60.0         6.0%           n/a          n/a
      4,128        0.0         0.0%        -2.835    2.774e+04
      4,528        0.0         0.0%        -2.835    2.774e+04
      4,928        0.0         0.0%        -2.835    2.774e+04
      5,328      -40.0         4.0%        -2.835    2.774e+04
      5,696     -260.0        26.0%        -2.835    2.774e+04
      6,016      -60.0         6.0%        -2.835    2.774e+04
      6,336        0.0         0.0%        -2.835    2.774e+04
      6,656        0.0         0.0%        -2.835    2.774e+04
      6,976        0.0         0.0%        -2.835    2.774e+04
      7,264     -120.0        12.0%        -2.835    2.774e+04
      7,536     -170.0        17.0%        -2.835    2.774e+04
      7,808     -170.0        17.0%        -2.835    2.774e+04
      8,080      -50.0         5.0%        -2.835    2.774e+04
      8,352        0.0         0.0%        -2.828    1.216e+04
      8,624        0.0         0.0%        -2.828    1.216e+04
      8,896        0.0         0.0%        -2.828    1.216e+04
      9,168        0.0         0.0%        -2.828    1.216e+04
      9,440        0.0         0.0%        -2.828    1.216e+04
      9,712        0.0         0.0%        -2.828    1.216e+04
      9,984        0.0         0.0%        -2.828    1.216e+04
     10,256        0.0         0.0%        -2.828    1.216e+04
     10,528        0.0         0.0%        -2.828    1.216e+04
     10,800     -130.0        13.0%        -2.828    1.216e+04
     11,072     -170.0        17.0%        -2.828    1.216e+04
     11,344     -170.0        17.0%        -2.828    1.216e+04
     11,616     -170.0        17.0%        -2.828    1.216e+04
     11,888      -30.0         3.0%        -2.828    1.216e+04
     12,160        0.0         0.0%        -2.828    1.216e+04
     12,432        0.0         0.0%        -2.837    7.837e+03
     12,704        0.0         0.0%        -2.837    7.837e+03
     12,976        0.0         0.0%        -2.837    7.837e+03
     13,248      -20.0         2.0%        -2.837    7.837e+03
     13,520     -190.0        19.0%        -2.837    7.837e+03
     13,792     -340.0        34.0%        -2.837    7.837e+03
     14,064     -200.0        20.0%        -2.837    7.837e+03
     14,336     -170.0        17.0%        -2.837    7.837e+03
     14,608     -170.0        17.0%        -2.837    7.837e+03
     14,880     -170.0        17.0%        -2.837    7.837e+03
     15,152     -290.0        29.0%        -2.837    7.837e+03
     15,424     -310.0        31.0%        -2.837    7.837e+03
     15,696     -340.0        34.0%        -2.837    7.837e+03
     15,968     -340.0        34.0%        -2.837    7.837e+03
     16,240     -340.0        34.0%        -2.837    7.837e+03
     16,512     -260.0        26.0%        -2.847    3.481e+04
     16,784     -170.0        17.0%        -2.847    3.481e+04
     17,056     -170.0        17.0%        -2.847    3.481e+04
     17,328      -30.0         3.0%        -2.847    3.481e+04
     17,600        0.0         0.0%        -2.847    3.481e+04
     17,872        0.0         0.0%        -2.847    3.481e+04
     18,144      -60.0         6.0%        -2.847    3.481e+04
     18,416      -30.0         3.0%        -2.847    3.481e+04
     18,688        0.0         0.0%        -2.847    3.481e+04
     18,960        0.0         0.0%        -2.847    3.481e+04
     19,232        0.0         0.0%        -2.847    3.481e+04
     19,504        0.0         0.0%        -2.847    3.481e+04
     19,776        0.0         0.0%        -2.847    3.481e+04
     20,048        0.0         0.0%        -2.847    3.481e+04
     20,320     -170.0        17.0%        -2.847    3.481e+04
     20,592     -170.0        17.0%        -2.855    9.307e+03
     20,864      -10.0         1.0%        -2.855    9.307e+03
     21,136        0.0         0.0%        -2.855    9.307e+03
     21,408        0.0         0.0%        -2.855    9.307e+03
     21,680        0.0         0.0%        -2.855    9.307e+03
     21,952      -10.0         1.0%        -2.855    9.307e+03
     22,224     -170.0        17.0%        -2.855    9.307e+03
     22,496     -170.0        17.0%        -2.855    9.307e+03
     22,768     -170.0        17.0%        -2.855    9.307e+03
     23,040     -100.0        10.0%        -2.855    9.307e+03
     23,312        0.0         0.0%        -2.855    9.307e+03
     23,584        0.0         0.0%        -2.855    9.307e+03
     23,856      -20.0         2.0%        -2.855    9.307e+03
     24,096     -150.0        15.0%        -2.855    9.307e+03
     24,304     -120.0        12.0%        -2.855    9.307e+03
     24,512        0.0         0.0%        -2.855    9.307e+03
     24,720        0.0         0.0%        -2.863    1.127e+04
     24,928        0.0         0.0%        -2.863    1.127e+04
     25,136     -130.0        13.0%        -2.863    1.127e+04
     25,344     -130.0        13.0%        -2.863    1.127e+04
     25,552     -130.0        13.0%        -2.863    1.127e+04
     25,760      -40.0         4.0%        -2.863    1.127e+04
     25,968        0.0         0.0%        -2.863    1.127e+04
     26,176        0.0         0.0%        -2.863    1.127e+04
     26,384        0.0         0.0%        -2.863    1.127e+04
     26,592        0.0         0.0%        -2.863    1.127e+04
     26,800        0.0         0.0%        -2.863    1.127e+04
     27,008        0.0         0.0%        -2.863    1.127e+04
     27,216        0.0         0.0%        -2.863    1.127e+04
     27,424        0.0         0.0%        -2.863    1.127e+04
     27,632        0.0         0.0%        -2.863    1.127e+04
     27,840        0.0         0.0%        -2.863    1.127e+04
     28,048        0.0         0.0%        -2.863    1.127e+04
     28,256        0.0         0.0%        -2.863    1.127e+04
     28,464        0.0         0.0%        -2.863    1.127e+04
     28,672        0.0         0.0%        -2.863    1.127e+04
     28,880        0.0         0.0%        -2.866    4.857e+03
     29,088        0.0         0.0%        -2.866    4.857e+03
     29,296        0.0         0.0%        -2.866    4.857e+03
     29,504        0.0         0.0%        -2.866    4.857e+03
     29,712        0.0         0.0%        -2.866    4.857e+03
     29,920        0.0         0.0%        -2.866    4.857e+03
     30,128        0.0         0.0%        -2.866    4.857e+03
     30,336        0.0         0.0%        -2.866    4.857e+03
     30,544        0.0         0.0%        -2.866    4.857e+03
     30,752        0.0         0.0%        -2.866    4.857e+03
     30,960        0.0         0.0%        -2.866    4.857e+03
     31,168        0.0         0.0%        -2.866    4.857e+03
     31,376        0.0         0.0%        -2.866    4.857e+03
     31,584        0.0         0.0%        -2.866    4.857e+03
     31,792        0.0         0.0%        -2.866    4.857e+03
     32,000        0.0         0.0%        -2.866    4.857e+03
     32,208        0.0         0.0%        -2.866    4.857e+03
     32,416        0.0         0.0%        -2.866    4.857e+03
     32,624        0.0         0.0%        -2.866    4.857e+03
     32,832        0.0         0.0%        -2.877    5.128e+01
     33,040        0.0         0.0%        -2.877    5.128e+01
     33,248        0.0         0.0%        -2.877    5.128e+01
     33,456        0.0         0.0%        -2.877    5.128e+01
     33,664        0.0         0.0%        -2.877    5.128e+01
     33,872        0.0         0.0%        -2.877    5.128e+01
     34,080      -60.0         6.0%        -2.877    5.128e+01
     34,288     -120.0        12.0%        -2.877    5.128e+01
     34,496     -190.0        19.0%        -2.877    5.128e+01
     34,704     -250.0        25.0%        -2.877    5.128e+01
     34,912     -250.0        25.0%        -2.877    5.128e+01
     35,120     -250.0        25.0%        -2.877    5.128e+01
     35,328      -10.0         1.0%        -2.877    5.128e+01
     35,536        0.0         0.0%        -2.877    5.128e+01
     35,744        0.0         0.0%        -2.877    5.128e+01
     35,952        0.0         0.0%        -2.877    5.128e+01
     36,160        0.0         0.0%        -2.877    5.128e+01
     36,368        0.0         0.0%        -2.877    5.128e+01
     36,576        0.0         0.0%        -2.877    5.128e+01
     36,784        0.0         0.0%        -2.877    5.128e+01
     36,992        0.0         0.0%        -2.882    1.364e+04
     37,200        0.0         0.0%        -2.882    1.364e+04
     37,408        0.0         0.0%        -2.882    1.364e+04
     37,616        0.0         0.0%        -2.882    1.364e+04
     37,824        0.0         0.0%        -2.882    1.364e+04
     38,032        0.0         0.0%        -2.882    1.364e+04
     38,240        0.0         0.0%        -2.882    1.364e+04
     38,448        0.0         0.0%        -2.882    1.364e+04
     38,656        0.0         0.0%        -2.882    1.364e+04
     38,864        0.0         0.0%        -2.882    1.364e+04
     39,072        0.0         0.0%        -2.882    1.364e+04
     39,280      -60.0         6.0%        -2.882    1.364e+04
     39,488     -120.0        12.0%        -2.882    1.364e+04
     39,696      -30.0         3.0%        -2.882    1.364e+04
     39,904        0.0         0.0%        -2.882    1.364e+04
     40,112        0.0         0.0%        -2.882    1.364e+04
     40,320        0.0         0.0%        -2.882    1.364e+04
     40,528        0.0         0.0%        -2.882    1.364e+04
     40,736        0.0         0.0%        -2.882    1.364e+04
     40,944        0.0         0.0%        -2.882    1.364e+04
     41,152        0.0         0.0%        -2.878    2.611e+03
     41,360        0.0         0.0%        -2.878    2.611e+03
     41,568        0.0         0.0%        -2.878    2.611e+03
     41,776        0.0         0.0%        -2.878    2.611e+03
     41,984        0.0         0.0%        -2.878    2.611e+03
     42,192        0.0         0.0%        -2.878    2.611e+03
     42,400        0.0         0.0%        -2.878    2.611e+03
     42,608        0.0         0.0%        -2.878    2.611e+03
     42,816        0.0         0.0%        -2.878    2.611e+03
     43,024        0.0         0.0%        -2.878    2.611e+03
     43,232        0.0         0.0%        -2.878    2.611e+03
     43,440        0.0         0.0%        -2.878    2.611e+03
     43,648        0.0         0.0%        -2.878    2.611e+03
     43,856        0.0         0.0%        -2.878    2.611e+03
     44,064        0.0         0.0%        -2.878    2.611e+03
     44,272        0.0         0.0%        -2.878    2.611e+03
     44,480        0.0         0.0%        -2.878    2.611e+03
     44,688        0.0         0.0%        -2.878    2.611e+03
     44,896        0.0         0.0%        -2.878    2.611e+03
     45,104        0.0         0.0%        -2.870    1.262e+01
     45,312        0.0         0.0%        -2.870    1.262e+01
     45,520        0.0         0.0%        -2.870    1.262e+01
     45,728        0.0         0.0%        -2.870    1.262e+01
     45,936        0.0         0.0%        -2.870    1.262e+01
     46,144        0.0         0.0%        -2.870    1.262e+01
     46,352        0.0         0.0%        -2.870    1.262e+01
     46,560        0.0         0.0%        -2.870    1.262e+01
     46,768        0.0         0.0%        -2.870    1.262e+01
     46,976        0.0         0.0%        -2.870    1.262e+01
     47,184        0.0         0.0%        -2.870    1.262e+01
     47,392        0.0         0.0%        -2.870    1.262e+01
     47,600        0.0         0.0%        -2.870    1.262e+01
     47,808        0.0         0.0%        -2.870    1.262e+01
     48,016        0.0         0.0%        -2.870    1.262e+01
     48,224        0.0         0.0%        -2.870    1.262e+01
     48,432        0.0         0.0%        -2.870    1.262e+01
     48,640        0.0         0.0%        -2.870    1.262e+01
     48,848        0.0         0.0%        -2.870    1.262e+01
     49,056        0.0         0.0%        -2.870    1.262e+01
     49,264        0.0         0.0%        -2.893    3.834e-01
     49,472        0.0         0.0%        -2.893    3.834e-01
     49,680        0.0         0.0%        -2.893    3.834e-01
     49,888        0.0         0.0%        -2.893    3.834e-01
     50,096        0.0         0.0%        -2.893    3.834e-01
     50,304        0.0         0.0%        -2.893    3.834e-01
     50,512        0.0         0.0%        -2.893    3.834e-01
     50,720        0.0         0.0%        -2.893    3.834e-01
     50,928        0.0         0.0%        -2.893    3.834e-01
     51,136        0.0         0.0%        -2.893    3.834e-01
     51,344        0.0         0.0%        -2.893    3.834e-01
     51,552        0.0         0.0%        -2.893    3.834e-01
     51,760        0.0         0.0%        -2.893    3.834e-01
     51,968        0.0         0.0%        -2.893    3.834e-01
     52,176        0.0         0.0%        -2.893    3.834e-01
     52,384        0.0         0.0%        -2.893    3.834e-01
     52,592        0.0         0.0%        -2.893    3.834e-01
     52,800        0.0         0.0%        -2.893    3.834e-01
     53,008        0.0         0.0%        -2.893    3.834e-01
     53,216        0.0         0.0%        -2.893    3.834e-01
     53,424        0.0         0.0%        -2.913    5.302e-02
     53,632        0.0         0.0%        -2.913    5.302e-02
     53,840        0.0         0.0%        -2.913    5.302e-02
     54,048        0.0         0.0%        -2.913    5.302e-02
     54,256        0.0         0.0%        -2.913    5.302e-02
     54,464        0.0         0.0%        -2.913    5.302e-02
     54,672        0.0         0.0%        -2.913    5.302e-02
     54,880        0.0         0.0%        -2.913    5.302e-02
     55,088        0.0         0.0%        -2.913    5.302e-02
     55,296        0.0         0.0%        -2.913    5.302e-02
     55,504        0.0         0.0%        -2.913    5.302e-02
     55,712        0.0         0.0%        -2.913    5.302e-02
     55,920        0.0         0.0%        -2.913    5.302e-02
     56,128        0.0         0.0%        -2.913    5.302e-02
     56,336        0.0         0.0%        -2.913    5.302e-02
     56,544        0.0         0.0%        -2.913    5.302e-02
     56,752        0.0         0.0%        -2.913    5.302e-02
     56,960        0.0         0.0%        -2.913    5.302e-02
     57,168        0.0         0.0%        -2.913    5.302e-02
     57,376        0.0         0.0%        -2.915    4.325e-02
     57,584        0.0         0.0%        -2.915    4.325e-02
     57,792        0.0         0.0%        -2.915    4.325e-02
     58,000        0.0         0.0%        -2.915    4.325e-02
     58,208        0.0         0.0%        -2.915    4.325e-02
     58,416        0.0         0.0%        -2.915    4.325e-02
     58,624        0.0         0.0%        -2.915    4.325e-02
     58,832        0.0         0.0%        -2.915    4.325e-02
     59,040        0.0         0.0%        -2.915    4.325e-02
     59,248        0.0         0.0%        -2.915    4.325e-02
     59,456        0.0         0.0%        -2.915    4.325e-02
     59,664        0.0         0.0%        -2.915    4.325e-02
     59,872        0.0         0.0%        -2.915    4.325e-02
     60,080        0.0         0.0%        -2.915    4.325e-02
     60,288        0.0         0.0%        -2.915    4.325e-02
     60,496        0.0         0.0%        -2.915    4.325e-02
     60,704        0.0         0.0%        -2.915    4.325e-02
     60,912        0.0         0.0%        -2.915    4.325e-02
     61,120        0.0         0.0%        -2.915    4.325e-02
     61,328        0.0         0.0%        -2.915    4.325e-02
     61,536        0.0         0.0%        -2.916    4.632e-02
     61,744        0.0         0.0%        -2.916    4.632e-02
     61,952        0.0         0.0%        -2.916    4.632e-02
     62,160        0.0         0.0%        -2.916    4.632e-02
     62,368        0.0         0.0%        -2.916    4.632e-02
     62,576        0.0         0.0%        -2.916    4.632e-02
     62,784        0.0         0.0%        -2.916    4.632e-02
     62,992        0.0         0.0%        -2.916    4.632e-02
     63,200        0.0         0.0%        -2.916    4.632e-02
     63,408        0.0         0.0%        -2.916    4.632e-02
     63,616        0.0         0.0%        -2.916    4.632e-02
     63,824        0.0         0.0%        -2.916    4.632e-02
     64,032        0.0         0.0%        -2.916    4.632e-02
     64,240        0.0         0.0%        -2.916    4.632e-02
     64,448        0.0         0.0%        -2.916    4.632e-02
     64,656        0.0         0.0%        -2.916    4.632e-02
     64,864        0.0         0.0%        -2.916    4.632e-02
     65,072        0.0         0.0%        -2.916    4.632e-02
     65,280        0.0         0.0%        -2.916    4.632e-02
     65,488        0.0         0.0%        -2.916    4.632e-02
     65,696        0.0         0.0%        -2.925    6.215e-02
     65,904        0.0         0.0%        -2.925    6.215e-02
     66,112        0.0         0.0%        -2.925    6.215e-02
     66,320        0.0         0.0%        -2.925    6.215e-02
     66,528        0.0         0.0%        -2.925    6.215e-02
     66,736        0.0         0.0%        -2.925    6.215e-02
     66,944        0.0         0.0%        -2.925    6.215e-02
     67,152        0.0         0.0%        -2.925    6.215e-02
     67,360        0.0         0.0%        -2.925    6.215e-02
     67,568        0.0         0.0%        -2.925    6.215e-02
     67,776        0.0         0.0%        -2.925    6.215e-02
     67,984        0.0         0.0%        -2.925    6.215e-02
     68,192        0.0         0.0%        -2.925    6.215e-02
     68,400        0.0         0.0%        -2.925    6.215e-02
     68,608        0.0         0.0%        -2.925    6.215e-02
     68,816        0.0         0.0%        -2.925    6.215e-02
     69,024        0.0         0.0%        -2.925    6.215e-02
     69,232        0.0         0.0%        -2.925    6.215e-02
     69,440        0.0         0.0%        -2.925    6.215e-02
     69,648        0.0         0.0%        -2.943    4.505e-02
     69,856        0.0         0.0%        -2.943    4.505e-02
     70,064        0.0         0.0%        -2.943    4.505e-02
     70,272        0.0         0.0%        -2.943    4.505e-02
     70,480        0.0         0.0%        -2.943    4.505e-02
     70,688        0.0         0.0%        -2.943    4.505e-02
     70,896        0.0         0.0%        -2.943    4.505e-02
     71,104        0.0         0.0%        -2.943    4.505e-02
     71,312        0.0         0.0%        -2.943    4.505e-02
     71,520        0.0         0.0%        -2.943    4.505e-02
     71,728        0.0         0.0%        -2.943    4.505e-02
     71,936        0.0         0.0%        -2.943    4.505e-02
     72,144        0.0         0.0%        -2.943    4.505e-02
     72,352        0.0         0.0%        -2.943    4.505e-02
     72,560        0.0         0.0%        -2.943    4.505e-02
     72,768        0.0         0.0%        -2.943    4.505e-02
     72,976        0.0         0.0%        -2.943    4.505e-02
     73,184        0.0         0.0%        -2.943    4.505e-02
     73,392        0.0         0.0%        -2.943    4.505e-02
     73,600        0.0         0.0%        -2.943    4.505e-02
     73,808        0.0         0.0%        -2.950    5.922e-02
     74,016        0.0         0.0%        -2.950    5.922e-02
     74,224        0.0         0.0%        -2.950    5.922e-02
     74,432        0.0         0.0%        -2.950    5.922e-02
     74,640        0.0         0.0%        -2.950    5.922e-02
     74,848        0.0         0.0%        -2.950    5.922e-02
     75,056        0.0         0.0%        -2.950    5.922e-02
     75,264        0.0         0.0%        -2.950    5.922e-02
     75,472        0.0         0.0%        -2.950    5.922e-02
     75,680        0.0         0.0%        -2.950    5.922e-02
     75,888        0.0         0.0%        -2.950    5.922e-02
     76,096        0.0         0.0%        -2.950    5.922e-02
     76,304        0.0         0.0%        -2.950    5.922e-02
     76,512        0.0         0.0%        -2.950    5.922e-02
     76,720        0.0         0.0%        -2.950    5.922e-02
     76,928        0.0         0.0%        -2.950    5.922e-02
     77,136        0.0         0.0%        -2.950    5.922e-02
     77,344        0.0         0.0%        -2.950    5.922e-02
     77,552        0.0         0.0%        -2.950    5.922e-02
     77,760        0.0         0.0%        -2.950    5.922e-02
     77,968        0.0         0.0%        -2.955    8.149e-02
     78,176        0.0         0.0%        -2.955    8.149e-02
     78,384        0.0         0.0%        -2.955    8.149e-02
     78,592        0.0         0.0%        -2.955    8.149e-02
     78,800        0.0         0.0%        -2.955    8.149e-02
     79,008        0.0         0.0%        -2.955    8.149e-02
     79,216        0.0         0.0%        -2.955    8.149e-02
     79,424        0.0         0.0%        -2.955    8.149e-02
     79,632        0.0         0.0%        -2.955    8.149e-02
     79,840        0.0         0.0%        -2.955    8.149e-02
     80,048        0.0         0.0%        -2.955    8.149e-02
     80,256        0.0         0.0%        -2.955    8.149e-02
     80,464        0.0         0.0%        -2.955    8.149e-02
     80,672        0.0         0.0%        -2.955    8.149e-02
     80,880        0.0         0.0%        -2.955    8.149e-02
     81,088        0.0         0.0%        -2.955    8.149e-02
     81,296        0.0         0.0%        -2.955    8.149e-02
     81,504        0.0         0.0%        -2.955    8.149e-02
     81,712        0.0         0.0%        -2.955    8.149e-02
     81,920        0.0         0.0%        -2.955    8.149e-02
     82,128        0.0         0.0%        -2.959    6.776e-02
     82,336        0.0         0.0%        -2.959    6.776e-02
     82,544        0.0         0.0%        -2.959    6.776e-02
     82,752        0.0         0.0%        -2.959    6.776e-02
     82,960        0.0         0.0%        -2.959    6.776e-02
     83,168        0.0         0.0%        -2.959    6.776e-02
     83,376        0.0         0.0%        -2.959    6.776e-02
     83,584        0.0         0.0%        -2.959    6.776e-02
     83,792        0.0         0.0%        -2.959    6.776e-02
     84,000        0.0         0.0%        -2.959    6.776e-02
     84,208        0.0         0.0%        -2.959    6.776e-02
     84,416        0.0         0.0%        -2.959    6.776e-02
     84,624        0.0         0.0%        -2.959    6.776e-02
     84,832        0.0         0.0%        -2.959    6.776e-02
     85,040        0.0         0.0%        -2.959    6.776e-02
     85,248        0.0         0.0%        -2.959    6.776e-02
     85,456        0.0         0.0%        -2.959    6.776e-02
     85,664        0.0         0.0%        -2.959    6.776e-02
     85,872        0.0         0.0%        -2.959    6.776e-02
     86,080        0.0         0.0%        -2.970    7.763e-02
     86,288        0.0         0.0%        -2.970    7.763e-02
     86,496        0.0         0.0%        -2.970    7.763e-02
     86,704        0.0         0.0%        -2.970    7.763e-02
     86,912        0.0         0.0%        -2.970    7.763e-02
     87,120        0.0         0.0%        -2.970    7.763e-02
     87,328        0.0         0.0%        -2.970    7.763e-02
     87,536        0.0         0.0%        -2.970    7.763e-02
     87,744        0.0         0.0%        -2.970    7.763e-02
     87,952        0.0         0.0%        -2.970    7.763e-02
     88,160        0.0         0.0%        -2.970    7.763e-02
     88,368        0.0         0.0%        -2.970    7.763e-02
     88,576        0.0         0.0%        -2.970    7.763e-02
     88,784        0.0         0.0%        -2.970    7.763e-02
     88,992        0.0         0.0%        -2.970    7.763e-02
     89,200        0.0         0.0%        -2.970    7.763e-02
     89,408        0.0         0.0%        -2.970    7.763e-02
     89,616        0.0         0.0%        -2.970    7.763e-02
     89,824        0.0         0.0%        -2.970    7.763e-02
     90,032        0.0         0.0%        -2.970    7.763e-02
     90,240        0.0         0.0%        -2.984    4.956e-02
     90,448        0.0         0.0%        -2.984    4.956e-02
     90,656        0.0         0.0%        -2.984    4.956e-02
     90,864        0.0         0.0%        -2.984    4.956e-02
     91,072        0.0         0.0%        -2.984    4.956e-02
     91,280        0.0         0.0%        -2.984    4.956e-02
     91,488        0.0         0.0%        -2.984    4.956e-02
     91,696        0.0         0.0%        -2.984    4.956e-02
     91,904        0.0         0.0%        -2.984    4.956e-02
     92,112        0.0         0.0%        -2.984    4.956e-02
     92,320        0.0         0.0%        -2.984    4.956e-02
     92,528        0.0         0.0%        -2.984    4.956e-02
     92,736        0.0         0.0%        -2.984    4.956e-02
     92,944        0.0         0.0%        -2.984    4.956e-02
     93,152        0.0         0.0%        -2.984    4.956e-02
     93,360        0.0         0.0%        -2.984    4.956e-02
     93,568        0.0         0.0%        -2.984    4.956e-02
     93,776        0.0         0.0%        -2.984    4.956e-02
     93,984        0.0         0.0%        -2.984    4.956e-02
     94,192        0.0         0.0%        -2.984    4.956e-02
     94,400        0.0         0.0%        -2.989    4.915e-02
     94,608        0.0         0.0%        -2.989    4.915e-02
     94,816        0.0         0.0%        -2.989    4.915e-02
     95,024        0.0         0.0%        -2.989    4.915e-02
     95,232        0.0         0.0%        -2.989    4.915e-02
     95,440        0.0         0.0%        -2.989    4.915e-02
     95,648        0.0         0.0%        -2.989    4.915e-02
     95,856        0.0         0.0%        -2.989    4.915e-02
     96,064        0.0         0.0%        -2.989    4.915e-02
     96,272        0.0         0.0%        -2.989    4.915e-02
     96,480        0.0         0.0%        -2.989    4.915e-02
     96,688        0.0         0.0%        -2.989    4.915e-02
     96,896        0.0         0.0%        -2.989    4.915e-02
     97,104        0.0         0.0%        -2.989    4.915e-02
     97,312        0.0         0.0%        -2.989    4.915e-02
     97,520        0.0         0.0%        -2.989    4.915e-02
     97,728        0.0         0.0%        -2.989    4.915e-02
     97,936        0.0         0.0%        -2.989    4.915e-02
     98,144        0.0         0.0%        -2.989    4.915e-02
     98,352        0.0         0.0%        -2.985    4.920e-02
     98,560        0.0         0.0%        -2.985    4.920e-02
     98,768        0.0         0.0%        -2.985    4.920e-02
     98,976        0.0         0.0%        -2.985    4.920e-02
     99,184        0.0         0.0%        -2.985    4.920e-02
     99,392        0.0         0.0%        -2.985    4.920e-02
     99,600        0.0         0.0%        -2.985    4.920e-02
     99,808        0.0         0.0%        -2.985    4.920e-02
    100,016        0.0         0.0%        -2.985    4.920e-02
    100,224        0.0         0.0%        -2.985    4.920e-02
    100,432        0.0         0.0%        -2.985    4.920e-02
    100,640        0.0         0.0%        -2.985    4.920e-02
    100,848        0.0         0.0%        -2.985    4.920e-02
    101,056        0.0         0.0%        -2.985    4.920e-02
    101,264        0.0         0.0%        -2.985    4.920e-02
    101,472        0.0         0.0%        -2.985    4.920e-02
    101,680        0.0         0.0%        -2.985    4.920e-02
    101,888        0.0         0.0%        -2.985    4.920e-02
    102,096        0.0         0.0%        -2.985    4.920e-02
    102,304        0.0         0.0%        -2.985    4.920e-02
    102,512        0.0         0.0%        -2.991    8.542e-02
    102,720        0.0         0.0%        -2.991    8.542e-02
    102,928        0.0         0.0%        -2.991    8.542e-02
    103,136        0.0         0.0%        -2.991    8.542e-02
    103,344        0.0         0.0%        -2.991    8.542e-02
    103,552        0.0         0.0%        -2.991    8.542e-02
    103,760        0.0         0.0%        -2.991    8.542e-02
    103,968        0.0         0.0%        -2.991    8.542e-02
    104,176        0.0         0.0%        -2.991    8.542e-02
    104,384        0.0         0.0%        -2.991    8.542e-02
    104,592        0.0         0.0%        -2.991    8.542e-02
    104,800        0.0         0.0%        -2.991    8.542e-02
    105,008        0.0         0.0%        -2.991    8.542e-02
    105,216        0.0         0.0%        -2.991    8.542e-02
    105,424        0.0         0.0%        -2.991    8.542e-02
    105,632        0.0         0.0%        -2.991    8.542e-02
    105,840        0.0         0.0%        -2.991    8.542e-02
    106,048        0.0         0.0%        -2.991    8.542e-02
    106,256        0.0         0.0%        -2.991    8.542e-02
    106,464        0.0         0.0%        -2.991    8.542e-02
    106,672        0.0         0.0%        -3.005    7.479e-02
    106,880        0.0         0.0%        -3.005    7.479e-02
    107,088        0.0         0.0%        -3.005    7.479e-02
    107,296        0.0         0.0%        -3.005    7.479e-02
    107,504        0.0         0.0%        -3.005    7.479e-02
    107,712        0.0         0.0%        -3.005    7.479e-02
    107,920        0.0         0.0%        -3.005    7.479e-02
    108,128        0.0         0.0%        -3.005    7.479e-02
    108,336        0.0         0.0%        -3.005    7.479e-02
    108,544        0.0         0.0%        -3.005    7.479e-02
    108,752        0.0         0.0%        -3.005    7.479e-02
    108,960        0.0         0.0%        -3.005    7.479e-02
    109,168        0.0         0.0%        -3.005    7.479e-02
    109,376        0.0         0.0%        -3.005    7.479e-02
    109,584        0.0         0.0%        -3.005    7.479e-02
    109,792        0.0         0.0%        -3.005    7.479e-02
    110,000        0.0         0.0%        -3.005    7.479e-02
    110,208        0.0         0.0%        -3.005    7.479e-02
    110,416        0.0         0.0%        -3.005    7.479e-02
    110,624        0.0         0.0%        -3.024    7.234e-02
    110,832        0.0         0.0%        -3.024    7.234e-02
    111,040        0.0         0.0%        -3.024    7.234e-02
    111,248        0.0         0.0%        -3.024    7.234e-02
    111,456        0.0         0.0%        -3.024    7.234e-02
    111,664        0.0         0.0%        -3.024    7.234e-02
    111,872        0.0         0.0%        -3.024    7.234e-02
    112,080        0.0         0.0%        -3.024    7.234e-02
    112,288        0.0         0.0%        -3.024    7.234e-02
    112,496        0.0         0.0%        -3.024    7.234e-02
    112,704        0.0         0.0%        -3.024    7.234e-02
    112,912        0.0         0.0%        -3.024    7.234e-02
    113,120        0.0         0.0%        -3.024    7.234e-02
    113,328        0.0         0.0%        -3.024    7.234e-02
    113,536        0.0         0.0%        -3.024    7.234e-02
    113,744        0.0         0.0%        -3.024    7.234e-02
    113,952        0.0         0.0%        -3.024    7.234e-02
    114,160        0.0         0.0%        -3.024    7.234e-02
    114,368        0.0         0.0%        -3.024    7.234e-02
    114,576        0.0         0.0%        -3.024    7.234e-02
    114,784        0.0         0.0%        -3.039    7.448e-02
    114,992        0.0         0.0%        -3.039    7.448e-02
    115,200        0.0         0.0%        -3.039    7.448e-02
    115,408        0.0         0.0%        -3.039    7.448e-02
    115,616        0.0         0.0%        -3.039    7.448e-02
    115,824        0.0         0.0%        -3.039    7.448e-02
    116,032        0.0         0.0%        -3.039    7.448e-02
    116,240        0.0         0.0%        -3.039    7.448e-02
    116,448        0.0         0.0%        -3.039    7.448e-02
    116,656        0.0         0.0%        -3.039    7.448e-02
    116,864        0.0         0.0%        -3.039    7.448e-02
    117,072        0.0         0.0%        -3.039    7.448e-02
    117,280        0.0         0.0%        -3.039    7.448e-02
    117,488        0.0         0.0%        -3.039    7.448e-02
    117,696        0.0         0.0%        -3.039    7.448e-02
    117,904        0.0         0.0%        -3.039    7.448e-02
    118,112        0.0         0.0%        -3.039    7.448e-02
    118,320        0.0         0.0%        -3.039    7.448e-02
    118,528        0.0         0.0%        -3.039    7.448e-02
    118,736        0.0         0.0%        -3.039    7.448e-02
    118,944        0.0         0.0%        -3.048    7.456e-02
    119,152        0.0         0.0%        -3.048    7.456e-02
    119,360        0.0         0.0%        -3.048    7.456e-02
    119,568        0.0         0.0%        -3.048    7.456e-02
    119,776        0.0         0.0%        -3.048    7.456e-02
    119,984        0.0         0.0%        -3.048    7.456e-02
    120,192        0.0         0.0%        -3.048    7.456e-02
    120,400        0.0         0.0%        -3.048    7.456e-02
    120,608        0.0         0.0%        -3.048    7.456e-02
    120,816        0.0         0.0%        -3.048    7.456e-02
    121,024        0.0         0.0%        -3.048    7.456e-02
    121,232        0.0         0.0%        -3.048    7.456e-02
    121,440        0.0         0.0%        -3.048    7.456e-02
    121,648        0.0         0.0%        -3.048    7.456e-02
    121,856        0.0         0.0%        -3.048    7.456e-02
    122,064        0.0         0.0%        -3.048    7.456e-02
    122,272        0.0         0.0%        -3.048    7.456e-02
    122,480        0.0         0.0%        -3.048    7.456e-02
    122,688        0.0         0.0%        -3.048    7.456e-02
    122,896        0.0         0.0%        -3.064    8.180e-02
    123,104        0.0         0.0%        -3.064    8.180e-02
    123,312        0.0         0.0%        -3.064    8.180e-02
    123,520        0.0         0.0%        -3.064    8.180e-02
    123,728        0.0         0.0%        -3.064    8.180e-02
    123,936        0.0         0.0%        -3.064    8.180e-02
    124,144        0.0         0.0%        -3.064    8.180e-02
    124,352        0.0         0.0%        -3.064    8.180e-02
    124,560        0.0         0.0%        -3.064    8.180e-02
    124,768        0.0         0.0%        -3.064    8.180e-02
    124,976        0.0         0.0%        -3.064    8.180e-02
    125,184        0.0         0.0%        -3.064    8.180e-02
    125,392        0.0         0.0%        -3.064    8.180e-02
    125,600        0.0         0.0%        -3.064    8.180e-02
    125,808        0.0         0.0%        -3.064    8.180e-02
    126,016        0.0         0.0%        -3.064    8.180e-02
    126,224        0.0         0.0%        -3.064    8.180e-02
    126,432        0.0         0.0%        -3.064    8.180e-02
    126,640        0.0         0.0%        -3.064    8.180e-02
    126,848        0.0         0.0%        -3.064    8.180e-02
    127,056        0.0         0.0%        -3.083    1.112e-01
    127,264        0.0         0.0%        -3.083    1.112e-01
    127,472        0.0         0.0%        -3.083    1.112e-01
    127,680        0.0         0.0%        -3.083    1.112e-01
    127,888        0.0         0.0%        -3.083    1.112e-01
    128,096        0.0         0.0%        -3.083    1.112e-01
    128,304        0.0         0.0%        -3.083    1.112e-01
    128,512        0.0         0.0%        -3.083    1.112e-01
    128,720        0.0         0.0%        -3.083    1.112e-01
    128,928        0.0         0.0%        -3.083    1.112e-01
    129,136        0.0         0.0%        -3.083    1.112e-01
    129,344        0.0         0.0%        -3.083    1.112e-01
    129,552        0.0         0.0%        -3.083    1.112e-01
    129,760        0.0         0.0%        -3.083    1.112e-01
    129,968        0.0         0.0%        -3.083    1.112e-01
    130,176        0.0         0.0%        -3.083    1.112e-01
    130,384        0.0         0.0%        -3.083    1.112e-01
    130,592        0.0         0.0%        -3.083    1.112e-01
    130,800        0.0         0.0%        -3.083    1.112e-01
    131,008        0.0         0.0%        -3.083    1.112e-01
    131,216        0.0         0.0%        -3.106    9.003e-02
    131,424        0.0         0.0%        -3.106    9.003e-02
    131,632        0.0         0.0%        -3.106    9.003e-02
    131,840        0.0         0.0%        -3.106    9.003e-02
    132,048        0.0         0.0%        -3.106    9.003e-02
    132,256        0.0         0.0%        -3.106    9.003e-02
    132,464        0.0         0.0%        -3.106    9.003e-02
    132,672        0.0         0.0%        -3.106    9.003e-02
    132,880        0.0         0.0%        -3.106    9.003e-02
    133,088        0.0         0.0%        -3.106    9.003e-02
    133,296        0.0         0.0%        -3.106    9.003e-02
    133,504        0.0         0.0%        -3.106    9.003e-02
    133,712        0.0         0.0%        -3.106    9.003e-02
    133,920        0.0         0.0%        -3.106    9.003e-02
    134,128        0.0         0.0%        -3.106    9.003e-02
    134,336        0.0         0.0%        -3.106    9.003e-02
    134,544        0.0         0.0%        -3.106    9.003e-02
    134,752        0.0         0.0%        -3.106    9.003e-02
    134,960        0.0         0.0%        -3.106    9.003e-02
    135,168        0.0         0.0%        -3.106    9.003e-02
    135,376        0.0         0.0%        -3.123    7.230e-02
    135,584        0.0         0.0%        -3.123    7.230e-02
    135,792        0.0         0.0%        -3.123    7.230e-02
    136,000        0.0         0.0%        -3.123    7.230e-02
    136,208        0.0         0.0%        -3.123    7.230e-02
    136,416        0.0         0.0%        -3.123    7.230e-02
    136,624        0.0         0.0%        -3.123    7.230e-02
    136,832        0.0         0.0%        -3.123    7.230e-02
    137,040        0.0         0.0%        -3.123    7.230e-02
    137,248        0.0         0.0%        -3.123    7.230e-02
    137,456        0.0         0.0%        -3.123    7.230e-02
    137,664        0.0         0.0%        -3.123    7.230e-02
    137,872        0.0         0.0%        -3.123    7.230e-02
    138,080        0.0         0.0%        -3.123    7.230e-02
    138,288        0.0         0.0%        -3.123    7.230e-02
    138,496        0.0         0.0%        -3.123    7.230e-02
    138,704        0.0         0.0%        -3.123    7.230e-02
    138,912        0.0         0.0%        -3.123    7.230e-02
    139,120        0.0         0.0%        -3.123    7.230e-02
    139,328        0.0         0.0%        -3.127    1.465e-01
    139,536        0.0         0.0%        -3.127    1.465e-01
    139,744        0.0         0.0%        -3.127    1.465e-01
    139,952        0.0         0.0%        -3.127    1.465e-01
    140,160        0.0         0.0%        -3.127    1.465e-01
    140,368        0.0         0.0%        -3.127    1.465e-01
    140,576        0.0         0.0%        -3.127    1.465e-01
    140,784        0.0         0.0%        -3.127    1.465e-01
    140,992        0.0         0.0%        -3.127    1.465e-01
    141,200        0.0         0.0%        -3.127    1.465e-01
    141,408        0.0         0.0%        -3.127    1.465e-01
    141,616        0.0         0.0%        -3.127    1.465e-01
    141,824        0.0         0.0%        -3.127    1.465e-01
    142,032        0.0         0.0%        -3.127    1.465e-01
    142,240        0.0         0.0%        -3.127    1.465e-01
    142,448        0.0         0.0%        -3.127    1.465e-01
    142,656        0.0         0.0%        -3.127    1.465e-01
    142,864        0.0         0.0%        -3.127    1.465e-01
    143,072        0.0         0.0%        -3.127    1.465e-01
    143,280        0.0         0.0%        -3.127    1.465e-01
    143,488        0.0         0.0%        -3.126    1.353e-01
    143,696        0.0         0.0%        -3.126    1.353e-01
    143,904        0.0         0.0%        -3.126    1.353e-01
    144,112        0.0         0.0%        -3.126    1.353e-01
    144,320        0.0         0.0%        -3.126    1.353e-01
    144,528        0.0         0.0%        -3.126    1.353e-01
    144,736        0.0         0.0%        -3.126    1.353e-01
    144,944        0.0         0.0%        -3.126    1.353e-01
    145,152        0.0         0.0%        -3.126    1.353e-01
    145,360        0.0         0.0%        -3.126    1.353e-01
    145,568        0.0         0.0%        -3.126    1.353e-01
    145,776        0.0         0.0%        -3.126    1.353e-01
    145,984        0.0         0.0%        -3.126    1.353e-01
    146,192        0.0         0.0%        -3.126    1.353e-01
    146,400        0.0         0.0%        -3.126    1.353e-01
    146,608        0.0         0.0%        -3.126    1.353e-01
    146,816        0.0         0.0%        -3.126    1.353e-01
    147,024        0.0         0.0%        -3.126    1.353e-01
    147,232        0.0         0.0%        -3.126    1.353e-01
    147,440        0.0         0.0%        -3.126    1.353e-01
    147,648        0.0         0.0%        -3.119    1.641e-01
    147,856        0.0         0.0%        -3.119    1.641e-01
    148,064        0.0         0.0%        -3.119    1.641e-01
    148,272        0.0         0.0%        -3.119    1.641e-01
    148,480        0.0         0.0%        -3.119    1.641e-01
    148,688        0.0         0.0%        -3.119    1.641e-01
    148,896        0.0         0.0%        -3.119    1.641e-01
    149,104        0.0         0.0%        -3.119    1.641e-01
    149,312        0.0         0.0%        -3.119    1.641e-01
    149,520        0.0         0.0%        -3.119    1.641e-01
    149,728        0.0         0.0%        -3.119    1.641e-01
    149,936        0.0         0.0%        -3.119    1.641e-01
    150,144        0.0         0.0%        -3.119    1.641e-01
    150,352        0.0         0.0%        -3.119    1.641e-01
    150,560        0.0         0.0%        -3.119    1.641e-01
    150,768        0.0         0.0%        -3.119    1.641e-01
    150,976        0.0         0.0%        -3.119    1.641e-01
    151,184        0.0         0.0%        -3.119    1.641e-01
    151,392        0.0         0.0%        -3.119    1.641e-01
    151,600        0.0         0.0%        -3.116    2.058e-01
    151,808        0.0         0.0%        -3.116    2.058e-01
    152,016        0.0         0.0%        -3.116    2.058e-01
    152,224        0.0         0.0%        -3.116    2.058e-01
    152,432        0.0         0.0%        -3.116    2.058e-01
    152,640        0.0         0.0%        -3.116    2.058e-01
    152,848        0.0         0.0%        -3.116    2.058e-01
    153,056        0.0         0.0%        -3.116    2.058e-01
    153,264        0.0         0.0%        -3.116    2.058e-01
    153,472        0.0         0.0%        -3.116    2.058e-01
    153,680        0.0         0.0%        -3.116    2.058e-01
    153,888        0.0         0.0%        -3.116    2.058e-01
    154,096        0.0         0.0%        -3.116    2.058e-01
    154,304        0.0         0.0%        -3.116    2.058e-01
    154,512        0.0         0.0%        -3.116    2.058e-01
    154,720        0.0         0.0%        -3.116    2.058e-01
    154,928        0.0         0.0%        -3.116    2.058e-01
    155,136        0.0         0.0%        -3.116    2.058e-01
    155,344        0.0         0.0%        -3.116    2.058e-01
    155,552        0.0         0.0%        -3.116    2.058e-01
    155,760        0.0         0.0%        -3.123    2.529e-01
    155,968        0.0         0.0%        -3.123    2.529e-01
    156,176        0.0         0.0%        -3.123    2.529e-01
    156,384        0.0         0.0%        -3.123    2.529e-01
    156,592        0.0         0.0%        -3.123    2.529e-01
    156,800        0.0         0.0%        -3.123    2.529e-01
    157,008        0.0         0.0%        -3.123    2.529e-01
    157,216        0.0         0.0%        -3.123    2.529e-01
    157,424        0.0         0.0%        -3.123    2.529e-01
    157,632        0.0         0.0%        -3.123    2.529e-01
    157,840        0.0         0.0%        -3.123    2.529e-01
    158,048        0.0         0.0%        -3.123    2.529e-01
    158,256        0.0         0.0%        -3.123    2.529e-01
    158,464        0.0         0.0%        -3.123    2.529e-01
    158,672        0.0         0.0%        -3.123    2.529e-01
    158,880        0.0         0.0%        -3.123    2.529e-01
    159,088        0.0         0.0%        -3.123    2.529e-01
    159,296        0.0         0.0%        -3.123    2.529e-01
    159,504        0.0         0.0%        -3.123    2.529e-01
    159,712        0.0         0.0%        -3.123    2.529e-01
    159,920        0.0         0.0%        -3.112    1.561e-01
    160,128        0.0         0.0%        -3.112    1.561e-01
    160,336        0.0         0.0%        -3.112    1.561e-01
    160,544        0.0         0.0%        -3.112    1.561e-01
    160,752        0.0         0.0%        -3.112    1.561e-01
    160,960        0.0         0.0%        -3.112    1.561e-01
    161,168        0.0         0.0%        -3.112    1.561e-01
    161,376        0.0         0.0%        -3.112    1.561e-01
    161,584        0.0         0.0%        -3.112    1.561e-01
    161,792        0.0         0.0%        -3.112    1.561e-01
    162,000        0.0         0.0%        -3.112    1.561e-01
    162,208        0.0         0.0%        -3.112    1.561e-01
    162,416        0.0         0.0%        -3.112    1.561e-01
    162,624        0.0         0.0%        -3.112    1.561e-01
    162,832        0.0         0.0%        -3.112    1.561e-01
    163,040        0.0         0.0%        -3.112    1.561e-01
    163,248        0.0         0.0%        -3.112    1.561e-01
    163,456        0.0         0.0%        -3.112    1.561e-01
    163,664        0.0         0.0%        -3.112    1.561e-01
    163,872        0.0         0.0%        -3.091    1.107e-01
    164,080        0.0         0.0%        -3.091    1.107e-01
    164,288        0.0         0.0%        -3.091    1.107e-01
    164,496        0.0         0.0%        -3.091    1.107e-01
    164,704        0.0         0.0%        -3.091    1.107e-01
    164,912        0.0         0.0%        -3.091    1.107e-01
    165,120        0.0         0.0%        -3.091    1.107e-01
    165,328        0.0         0.0%        -3.091    1.107e-01
    165,536        0.0         0.0%        -3.091    1.107e-01
    165,744        0.0         0.0%        -3.091    1.107e-01
    165,952        0.0         0.0%        -3.091    1.107e-01
    166,160        0.0         0.0%        -3.091    1.107e-01
    166,368        0.0         0.0%        -3.091    1.107e-01
    166,576        0.0         0.0%        -3.091    1.107e-01
    166,784        0.0         0.0%        -3.091    1.107e-01
    166,992        0.0         0.0%        -3.091    1.107e-01
    167,200        0.0         0.0%        -3.091    1.107e-01
    167,408        0.0         0.0%        -3.091    1.107e-01
    167,616        0.0         0.0%        -3.091    1.107e-01
    167,824        0.0         0.0%        -3.091    1.107e-01
    168,032        0.0         0.0%        -3.076    8.188e-02
    168,240        0.0         0.0%        -3.076    8.188e-02
    168,448        0.0         0.0%        -3.076    8.188e-02
    168,656        0.0         0.0%        -3.076    8.188e-02
    168,864        0.0         0.0%        -3.076    8.188e-02
    169,072        0.0         0.0%        -3.076    8.188e-02
    169,280        0.0         0.0%        -3.076    8.188e-02
    169,488        0.0         0.0%        -3.076    8.188e-02
    169,696        0.0         0.0%        -3.076    8.188e-02
    169,904        0.0         0.0%        -3.076    8.188e-02
    170,112        0.0         0.0%        -3.076    8.188e-02
    170,320        0.0         0.0%        -3.076    8.188e-02
    170,528        0.0         0.0%        -3.076    8.188e-02
    170,736        0.0         0.0%        -3.076    8.188e-02
    170,944        0.0         0.0%        -3.076    8.188e-02
    171,152        0.0         0.0%        -3.076    8.188e-02
    171,360        0.0         0.0%        -3.076    8.188e-02
    171,568        0.0         0.0%        -3.076    8.188e-02
    171,776        0.0         0.0%        -3.076    8.188e-02
    171,984        0.0         0.0%        -3.076    8.188e-02
    172,192        0.0         0.0%        -3.077    5.744e-02
    172,400        0.0         0.0%        -3.077    5.744e-02
    172,608        0.0         0.0%        -3.077    5.744e-02
    172,816        0.0         0.0%        -3.077    5.744e-02
    173,024        0.0         0.0%        -3.077    5.744e-02
    173,232        0.0         0.0%        -3.077    5.744e-02
    173,440        0.0         0.0%        -3.077    5.744e-02
    173,648        0.0         0.0%        -3.077    5.744e-02
    173,856        0.0         0.0%        -3.077    5.744e-02
    174,064        0.0         0.0%        -3.077    5.744e-02
    174,272        0.0         0.0%        -3.077    5.744e-02
    174,480        0.0         0.0%        -3.077    5.744e-02
    174,688        0.0         0.0%        -3.077    5.744e-02
    174,896        0.0         0.0%        -3.077    5.744e-02
    175,104        0.0         0.0%        -3.077    5.744e-02
    175,312        0.0         0.0%        -3.077    5.744e-02
    175,520        0.0         0.0%        -3.077    5.744e-02
    175,728        0.0         0.0%        -3.077    5.744e-02
    175,936        0.0         0.0%        -3.077    5.744e-02
    176,144        0.0         0.0%        -3.074    1.514e-02
    176,352        0.0         0.0%        -3.074    1.514e-02
    176,560        0.0         0.0%        -3.074    1.514e-02
    176,768        0.0         0.0%        -3.074    1.514e-02
    176,976        0.0         0.0%        -3.074    1.514e-02
    177,184        0.0         0.0%        -3.074    1.514e-02
    177,392        0.0         0.0%        -3.074    1.514e-02
    177,600        0.0         0.0%        -3.074    1.514e-02
    177,808        0.0         0.0%        -3.074    1.514e-02
    178,016        0.0         0.0%        -3.074    1.514e-02
    178,224        0.0         0.0%        -3.074    1.514e-02
    178,432        0.0         0.0%        -3.074    1.514e-02
    178,640        0.0         0.0%        -3.074    1.514e-02
    178,848        0.0         0.0%        -3.074    1.514e-02
    179,056        0.0         0.0%        -3.074    1.514e-02
    179,264        0.0         0.0%        -3.074    1.514e-02
    179,472        0.0         0.0%        -3.074    1.514e-02
    179,680        0.0         0.0%        -3.074    1.514e-02
    179,888        0.0         0.0%        -3.074    1.514e-02
    180,096        0.0         0.0%        -3.074    1.514e-02
    180,304        0.0         0.0%        -3.068    2.010e-02
    180,512        0.0         0.0%        -3.068    2.010e-02
    180,720        0.0         0.0%        -3.068    2.010e-02
    180,928        0.0         0.0%        -3.068    2.010e-02
    181,136        0.0         0.0%        -3.068    2.010e-02
    181,344        0.0         0.0%        -3.068    2.010e-02
    181,552        0.0         0.0%        -3.068    2.010e-02
    181,760        0.0         0.0%        -3.068    2.010e-02
    181,968        0.0         0.0%        -3.068    2.010e-02
    182,176        0.0         0.0%        -3.068    2.010e-02
    182,384        0.0         0.0%        -3.068    2.010e-02
    182,592        0.0         0.0%        -3.068    2.010e-02
    182,800        0.0         0.0%        -3.068    2.010e-02
    183,008        0.0         0.0%        -3.068    2.010e-02
    183,216        0.0         0.0%        -3.068    2.010e-02
    183,424        0.0         0.0%        -3.068    2.010e-02
    183,632        0.0         0.0%        -3.068    2.010e-02
    183,840        0.0         0.0%        -3.068    2.010e-02
    184,048        0.0         0.0%        -3.068    2.010e-02
    184,256        0.0         0.0%        -3.068    2.010e-02
    184,464        0.0         0.0%        -3.065    2.001e-02
    184,672        0.0         0.0%        -3.065    2.001e-02
    184,880        0.0         0.0%        -3.065    2.001e-02
    185,088        0.0         0.0%        -3.065    2.001e-02
    185,296        0.0         0.0%        -3.065    2.001e-02
    185,504        0.0         0.0%        -3.065    2.001e-02
    185,712        0.0         0.0%        -3.065    2.001e-02
    185,920        0.0         0.0%        -3.065    2.001e-02
    186,128        0.0         0.0%        -3.065    2.001e-02
    186,336        0.0         0.0%        -3.065    2.001e-02
    186,544        0.0         0.0%        -3.065    2.001e-02
    186,752        0.0         0.0%        -3.065    2.001e-02
    186,960        0.0         0.0%        -3.065    2.001e-02
    187,168        0.0         0.0%        -3.065    2.001e-02
    187,376        0.0         0.0%        -3.065    2.001e-02
    187,584        0.0         0.0%        -3.065    2.001e-02
    187,792        0.0         0.0%        -3.065    2.001e-02
    188,000        0.0         0.0%        -3.065    2.001e-02
    188,208        0.0         0.0%        -3.065    2.001e-02
    188,416        0.0         0.0%        -3.065    2.001e-02
    188,624        0.0         0.0%        -3.067    6.548e-05
    188,832        0.0         0.0%        -3.067    6.548e-05
    189,040        0.0         0.0%        -3.067    6.548e-05
    189,248        0.0         0.0%        -3.067    6.548e-05
    189,456        0.0         0.0%        -3.067    6.548e-05
    189,664        0.0         0.0%        -3.067    6.548e-05
    189,872        0.0         0.0%        -3.067    6.548e-05
    190,080        0.0         0.0%        -3.067    6.548e-05
    190,288        0.0         0.0%        -3.067    6.548e-05
    190,496        0.0         0.0%        -3.067    6.548e-05
    190,704        0.0         0.0%        -3.067    6.548e-05
    190,912        0.0         0.0%        -3.067    6.548e-05
    191,120        0.0         0.0%        -3.067    6.548e-05
    191,328        0.0         0.0%        -3.067    6.548e-05
    191,536        0.0         0.0%        -3.067    6.548e-05
    191,744        0.0         0.0%        -3.067    6.548e-05
    191,952        0.0         0.0%        -3.067    6.548e-05
    192,160        0.0         0.0%        -3.067    6.548e-05
    192,368        0.0         0.0%        -3.067    6.548e-05
    192,576        0.0         0.0%        -3.070    3.970e-05
    192,784        0.0         0.0%        -3.070    3.970e-05
    192,992        0.0         0.0%        -3.070    3.970e-05
    193,200        0.0         0.0%        -3.070    3.970e-05
    193,408        0.0         0.0%        -3.070    3.970e-05
    193,616        0.0         0.0%        -3.070    3.970e-05
    193,824        0.0         0.0%        -3.070    3.970e-05
    194,032        0.0         0.0%        -3.070    3.970e-05
    194,240        0.0         0.0%        -3.070    3.970e-05
    194,448        0.0         0.0%        -3.070    3.970e-05
    194,656        0.0         0.0%        -3.070    3.970e-05
    194,864        0.0         0.0%        -3.070    3.970e-05
    195,072        0.0         0.0%        -3.070    3.970e-05
    195,280        0.0         0.0%        -3.070    3.970e-05
    195,488        0.0         0.0%        -3.070    3.970e-05
    195,696        0.0         0.0%        -3.070    3.970e-05
    195,904        0.0         0.0%        -3.070    3.970e-05
    196,112        0.0         0.0%        -3.070    3.970e-05
    196,320        0.0         0.0%        -3.070    3.970e-05
    196,528        0.0         0.0%        -3.070    3.970e-05
    196,736        0.0         0.0%        -3.076    5.333e-05
    196,944        0.0         0.0%        -3.076    5.333e-05
    197,152        0.0         0.0%        -3.076    5.333e-05
    197,360        0.0         0.0%        -3.076    5.333e-05
    197,568        0.0         0.0%        -3.076    5.333e-05
    197,776        0.0         0.0%        -3.076    5.333e-05
    197,984        0.0         0.0%        -3.076    5.333e-05
    198,192        0.0         0.0%        -3.076    5.333e-05
    198,400        0.0         0.0%        -3.076    5.333e-05
    198,608        0.0         0.0%        -3.076    5.333e-05
    198,816        0.0         0.0%        -3.076    5.333e-05
    199,024        0.0         0.0%        -3.076    5.333e-05
    199,232        0.0         0.0%        -3.076    5.333e-05
    199,440        0.0         0.0%        -3.076    5.333e-05
    199,648        0.0         0.0%        -3.076    5.333e-05
    199,856        0.0         0.0%        -3.076    5.333e-05
    200,064        0.0         0.0%        -3.076    5.333e-05
    200,272        0.0         0.0%        -3.076    5.333e-05
    200,480        0.0         0.0%        -3.076    5.333e-05
    200,688        0.0         0.0%        -3.076    5.333e-05
    200,896        0.0         0.0%        -3.090    6.971e-05
    201,104        0.0         0.0%        -3.090    6.971e-05
    201,312        0.0         0.0%        -3.090    6.971e-05
    201,520        0.0         0.0%        -3.090    6.971e-05
    201,728        0.0         0.0%        -3.090    6.971e-05
    201,936        0.0         0.0%        -3.090    6.971e-05
    202,144        0.0         0.0%        -3.090    6.971e-05
    202,352        0.0         0.0%        -3.090    6.971e-05
    202,560        0.0         0.0%        -3.090    6.971e-05
    202,768        0.0         0.0%        -3.090    6.971e-05
    202,976        0.0         0.0%        -3.090    6.971e-05
    203,184        0.0         0.0%        -3.090    6.971e-05
    203,392        0.0         0.0%        -3.090    6.971e-05
    203,600        0.0         0.0%        -3.090    6.971e-05
    203,808        0.0         0.0%        -3.090    6.971e-05
    204,016        0.0         0.0%        -3.090    6.971e-05
    204,224        0.0         0.0%        -3.090    6.971e-05
    204,432        0.0         0.0%        -3.090    6.971e-05
    204,640        0.0         0.0%        -3.090    6.971e-05
    204,848        0.0         0.0%        -3.108    1.182e-04
    205,056        0.0         0.0%        -3.108    1.182e-04
    205,264        0.0         0.0%        -3.108    1.182e-04
    205,472        0.0         0.0%        -3.108    1.182e-04
    205,680        0.0         0.0%        -3.108    1.182e-04
    205,888        0.0         0.0%        -3.108    1.182e-04
    206,096        0.0         0.0%        -3.108    1.182e-04
    206,304        0.0         0.0%        -3.108    1.182e-04
    206,512        0.0         0.0%        -3.108    1.182e-04
    206,720        0.0         0.0%        -3.108    1.182e-04
    206,928        0.0         0.0%        -3.108    1.182e-04
    207,136        0.0         0.0%        -3.108    1.182e-04
    207,344        0.0         0.0%        -3.108    1.182e-04
    207,552        0.0         0.0%        -3.108    1.182e-04
    207,760        0.0         0.0%        -3.108    1.182e-04
    207,968        0.0         0.0%        -3.108    1.182e-04
    208,176        0.0         0.0%        -3.108    1.182e-04
    208,384        0.0         0.0%        -3.108    1.182e-04
    208,592        0.0         0.0%        -3.108    1.182e-04
    208,800        0.0         0.0%        -3.108    1.182e-04
    209,008        0.0         0.0%        -3.131    1.340e-04
    209,216        0.0         0.0%        -3.131    1.340e-04
    209,424        0.0         0.0%        -3.131    1.340e-04
    209,632        0.0         0.0%        -3.131    1.340e-04
    209,840        0.0         0.0%        -3.131    1.340e-04
    210,048        0.0         0.0%        -3.131    1.340e-04
    210,256        0.0         0.0%        -3.131    1.340e-04
    210,464        0.0         0.0%        -3.131    1.340e-04
    210,672        0.0         0.0%        -3.131    1.340e-04
    210,880        0.0         0.0%        -3.131    1.340e-04
    211,088        0.0         0.0%        -3.131    1.340e-04
    211,296        0.0         0.0%        -3.131    1.340e-04
    211,504        0.0         0.0%        -3.131    1.340e-04
    211,712        0.0         0.0%        -3.131    1.340e-04
    211,920        0.0         0.0%        -3.131    1.340e-04
    212,128        0.0         0.0%        -3.131    1.340e-04
    212,336        0.0         0.0%        -3.131    1.340e-04
    212,544        0.0         0.0%        -3.131    1.340e-04
    212,752        0.0         0.0%        -3.131    1.340e-04
    212,960        0.0         0.0%        -3.131    1.340e-04
    213,168        0.0         0.0%        -3.145    1.532e-04
    213,376        0.0         0.0%        -3.145    1.532e-04
    213,584        0.0         0.0%        -3.145    1.532e-04
    213,792        0.0         0.0%        -3.145    1.532e-04
    214,000        0.0         0.0%        -3.145    1.532e-04
    214,208        0.0         0.0%        -3.145    1.532e-04
    214,416        0.0         0.0%        -3.145    1.532e-04
    214,624        0.0         0.0%        -3.145    1.532e-04
    214,832        0.0         0.0%        -3.145    1.532e-04
    215,040        0.0         0.0%        -3.145    1.532e-04
    215,248        0.0         0.0%        -3.145    1.532e-04
    215,456        0.0         0.0%        -3.145    1.532e-04
    215,664        0.0         0.0%        -3.145    1.532e-04
    215,872        0.0         0.0%        -3.145    1.532e-04
    216,080        0.0         0.0%        -3.145    1.532e-04
    216,288        0.0         0.0%        -3.145    1.532e-04
    216,496        0.0         0.0%        -3.145    1.532e-04
    216,704        0.0         0.0%        -3.145    1.532e-04
    216,912        0.0         0.0%        -3.145    1.532e-04
    217,120        0.0         0.0%        -3.157    1.828e-04
    217,328        0.0         0.0%        -3.157    1.828e-04
    217,536        0.0         0.0%        -3.157    1.828e-04
    217,744        0.0         0.0%        -3.157    1.828e-04
    217,952        0.0         0.0%        -3.157    1.828e-04
    218,160        0.0         0.0%        -3.157    1.828e-04
    218,368        0.0         0.0%        -3.157    1.828e-04
    218,576        0.0         0.0%        -3.157    1.828e-04
    218,784        0.0         0.0%        -3.157    1.828e-04
    218,992        0.0         0.0%        -3.157    1.828e-04
    219,200        0.0         0.0%        -3.157    1.828e-04
    219,408        0.0         0.0%        -3.157    1.828e-04
    219,616        0.0         0.0%        -3.157    1.828e-04
    219,824        0.0         0.0%        -3.157    1.828e-04
    220,032        0.0         0.0%        -3.157    1.828e-04
    220,240        0.0         0.0%        -3.157    1.828e-04
    220,448        0.0         0.0%        -3.157    1.828e-04
    220,656        0.0         0.0%        -3.157    1.828e-04
    220,864        0.0         0.0%        -3.157    1.828e-04
    221,072        0.0         0.0%        -3.157    1.828e-04
    221,280        0.0         0.0%        -3.164    2.077e-04
    221,488        0.0         0.0%        -3.164    2.077e-04
    221,696        0.0         0.0%        -3.164    2.077e-04
    221,904        0.0         0.0%        -3.164    2.077e-04
    222,112        0.0         0.0%        -3.164    2.077e-04
    222,320        0.0         0.0%        -3.164    2.077e-04
    222,528        0.0         0.0%        -3.164    2.077e-04
    222,736        0.0         0.0%        -3.164    2.077e-04
    222,944        0.0         0.0%        -3.164    2.077e-04
    223,152        0.0         0.0%        -3.164    2.077e-04
    223,360        0.0         0.0%        -3.164    2.077e-04
    223,568        0.0         0.0%        -3.164    2.077e-04
    223,776        0.0         0.0%        -3.164    2.077e-04
    223,984        0.0         0.0%        -3.164    2.077e-04
    224,192        0.0         0.0%        -3.164    2.077e-04
    224,400        0.0         0.0%        -3.164    2.077e-04
    224,608        0.0         0.0%        -3.164    2.077e-04
    224,816        0.0         0.0%        -3.164    2.077e-04
    225,024        0.0         0.0%        -3.164    2.077e-04
    225,232        0.0         0.0%        -3.164    2.077e-04
    225,440        0.0         0.0%        -3.164    2.054e-04
    225,648        0.0         0.0%        -3.164    2.054e-04
    225,856        0.0         0.0%        -3.164    2.054e-04
    226,064        0.0         0.0%        -3.164    2.054e-04
    226,272        0.0         0.0%        -3.164    2.054e-04
    226,480        0.0         0.0%        -3.164    2.054e-04
    226,688        0.0         0.0%        -3.164    2.054e-04
    226,896        0.0         0.0%        -3.164    2.054e-04
    227,104        0.0         0.0%        -3.164    2.054e-04
    227,312        0.0         0.0%        -3.164    2.054e-04
    227,520        0.0         0.0%        -3.164    2.054e-04
    227,728        0.0         0.0%        -3.164    2.054e-04
    227,936        0.0         0.0%        -3.164    2.054e-04
    228,144        0.0         0.0%        -3.164    2.054e-04
    228,352        0.0         0.0%        -3.164    2.054e-04
    228,560        0.0         0.0%        -3.164    2.054e-04
    228,768        0.0         0.0%        -3.164    2.054e-04
    228,976        0.0         0.0%        -3.164    2.054e-04
    229,184        0.0         0.0%        -3.164    2.054e-04
    229,392        0.0         0.0%        -3.158    2.788e-04
    229,600        0.0         0.0%        -3.158    2.788e-04
    229,808        0.0         0.0%        -3.158    2.788e-04
    230,016        0.0         0.0%        -3.158    2.788e-04
    230,224        0.0         0.0%        -3.158    2.788e-04
    230,432        0.0         0.0%        -3.158    2.788e-04
    230,640        0.0         0.0%        -3.158    2.788e-04
    230,848        0.0         0.0%        -3.158    2.788e-04
    231,056        0.0         0.0%        -3.158    2.788e-04
    231,264        0.0         0.0%        -3.158    2.788e-04
    231,472        0.0         0.0%        -3.158    2.788e-04
    231,680        0.0         0.0%        -3.158    2.788e-04
    231,888        0.0         0.0%        -3.158    2.788e-04
    232,096        0.0         0.0%        -3.158    2.788e-04
    232,304        0.0         0.0%        -3.158    2.788e-04
    232,512        0.0         0.0%        -3.158    2.788e-04
    232,720        0.0         0.0%        -3.158    2.788e-04
    232,928        0.0         0.0%        -3.158    2.788e-04
    233,136        0.0         0.0%        -3.158    2.788e-04
    233,344        0.0         0.0%        -3.158    2.788e-04
    233,552        0.0         0.0%        -3.161    3.535e-04
    233,760        0.0         0.0%        -3.161    3.535e-04
    233,968        0.0         0.0%        -3.161    3.535e-04
    234,176        0.0         0.0%        -3.161    3.535e-04
    234,384        0.0         0.0%        -3.161    3.535e-04
    234,592        0.0         0.0%        -3.161    3.535e-04
    234,800        0.0         0.0%        -3.161    3.535e-04
    235,008        0.0         0.0%        -3.161    3.535e-04
    235,216        0.0         0.0%        -3.161    3.535e-04
    235,424        0.0         0.0%        -3.161    3.535e-04
    235,632        0.0         0.0%        -3.161    3.535e-04
    235,840        0.0         0.0%        -3.161    3.535e-04
    236,048        0.0         0.0%        -3.161    3.535e-04
    236,256        0.0         0.0%        -3.161    3.535e-04
    236,464        0.0         0.0%        -3.161    3.535e-04
    236,672        0.0         0.0%        -3.161    3.535e-04
    236,880        0.0         0.0%        -3.161    3.535e-04
    237,088        0.0         0.0%        -3.161    3.535e-04
    237,296        0.0         0.0%        -3.161    3.535e-04
    237,504        0.0         0.0%        -3.161    3.535e-04
    237,712        0.0         0.0%        -3.168    2.304e-04
    237,920        0.0         0.0%        -3.168    2.304e-04
    238,128        0.0         0.0%        -3.168    2.304e-04
    238,336        0.0         0.0%        -3.168    2.304e-04
    238,544        0.0         0.0%        -3.168    2.304e-04
    238,752        0.0         0.0%        -3.168    2.304e-04
    238,960        0.0         0.0%        -3.168    2.304e-04
    239,168        0.0         0.0%        -3.168    2.304e-04
    239,376        0.0         0.0%        -3.168    2.304e-04
    239,584        0.0         0.0%        -3.168    2.304e-04
    239,792        0.0         0.0%        -3.168    2.304e-04
    240,000        0.0         0.0%        -3.168    2.304e-04
    240,208        0.0         0.0%        -3.168    2.304e-04
    240,416        0.0         0.0%        -3.168    2.304e-04
    240,624        0.0         0.0%        -3.168    2.304e-04
    240,832        0.0         0.0%        -3.168    2.304e-04
    241,040        0.0         0.0%        -3.168    2.304e-04
    241,248        0.0         0.0%        -3.168    2.304e-04
    241,456        0.0         0.0%        -3.168    2.304e-04
    241,664        0.0         0.0%        -3.168    2.304e-04
    241,872        0.0         0.0%        -3.156    1.417e-04
    242,080        0.0         0.0%        -3.156    1.417e-04
    242,288        0.0         0.0%        -3.156    1.417e-04
    242,496        0.0         0.0%        -3.156    1.417e-04
    242,704        0.0         0.0%        -3.156    1.417e-04
    242,912        0.0         0.0%        -3.156    1.417e-04
    243,120        0.0         0.0%        -3.156    1.417e-04
    243,328        0.0         0.0%        -3.156    1.417e-04
    243,536        0.0         0.0%        -3.156    1.417e-04
    243,744        0.0         0.0%        -3.156    1.417e-04
    243,952        0.0         0.0%        -3.156    1.417e-04
    244,160        0.0         0.0%        -3.156    1.417e-04
    244,368        0.0         0.0%        -3.156    1.417e-04
    244,576        0.0         0.0%        -3.156    1.417e-04
    244,784        0.0         0.0%        -3.156    1.417e-04
    244,992        0.0         0.0%        -3.156    1.417e-04
    245,200        0.0         0.0%        -3.156    1.417e-04
    245,408        0.0         0.0%        -3.156    1.417e-04
    245,616        0.0         0.0%        -3.156    1.417e-04
    245,824        0.0         0.0%        -3.148    1.019e-04
    246,032        0.0         0.0%        -3.148    1.019e-04
    246,240        0.0         0.0%        -3.148    1.019e-04
    246,448        0.0         0.0%        -3.148    1.019e-04
    246,656        0.0         0.0%        -3.148    1.019e-04
    246,864        0.0         0.0%        -3.148    1.019e-04
    247,072        0.0         0.0%        -3.148    1.019e-04
    247,280        0.0         0.0%        -3.148    1.019e-04
    247,488        0.0         0.0%        -3.148    1.019e-04
    247,696        0.0         0.0%        -3.148    1.019e-04
    247,904        0.0         0.0%        -3.148    1.019e-04
    248,112        0.0         0.0%        -3.148    1.019e-04
    248,320        0.0         0.0%        -3.148    1.019e-04
    248,528        0.0         0.0%        -3.148    1.019e-04
    248,736        0.0         0.0%        -3.148    1.019e-04
    248,944        0.0         0.0%        -3.148    1.019e-04
    249,152        0.0         0.0%        -3.148    1.019e-04
    249,360        0.0         0.0%        -3.148    1.019e-04
    249,568        0.0         0.0%        -3.148    1.019e-04
    249,776        0.0         0.0%        -3.148    1.019e-04
    249,984        0.0         0.0%        -3.147    7.932e-05
    250,192        0.0         0.0%        -3.147    7.932e-05
    250,400        0.0         0.0%        -3.147    7.932e-05
    250,608        0.0         0.0%        -3.147    7.932e-05
    250,816        0.0         0.0%        -3.147    7.932e-05
    251,024        0.0         0.0%        -3.147    7.932e-05
    251,232        0.0         0.0%        -3.147    7.932e-05
    251,440        0.0         0.0%        -3.147    7.932e-05
    251,648        0.0         0.0%        -3.147    7.932e-05
    251,856        0.0         0.0%        -3.147    7.932e-05
    252,064        0.0         0.0%        -3.147    7.932e-05
    252,272        0.0         0.0%        -3.147    7.932e-05
    252,480        0.0         0.0%        -3.147    7.932e-05
    252,688        0.0         0.0%        -3.147    7.932e-05
    252,896        0.0         0.0%        -3.147    7.932e-05
    253,104        0.0         0.0%        -3.147    7.932e-05
    253,312        0.0         0.0%        -3.147    7.932e-05
    253,520        0.0         0.0%        -3.147    7.932e-05
    253,728        0.0         0.0%        -3.147    7.932e-05
    253,936        0.0         0.0%        -3.147    7.932e-05
    254,144        0.0         0.0%        -3.151    5.933e-05
    254,352        0.0         0.0%        -3.151    5.933e-05
    254,560        0.0         0.0%        -3.151    5.933e-05
    254,768        0.0         0.0%        -3.151    5.933e-05
    254,976        0.0         0.0%        -3.151    5.933e-05
    255,184        0.0         0.0%        -3.151    5.933e-05
    255,392        0.0         0.0%        -3.151    5.933e-05
    255,600        0.0         0.0%        -3.151    5.933e-05
    255,808        0.0         0.0%        -3.151    5.933e-05
    256,016        0.0         0.0%        -3.151    5.933e-05
    256,224        0.0         0.0%        -3.151    5.933e-05
    256,432        0.0         0.0%        -3.151    5.933e-05
    256,640        0.0         0.0%        -3.151    5.933e-05
    256,848        0.0         0.0%        -3.151    5.933e-05
    257,056        0.0         0.0%        -3.151    5.933e-05
    257,264        0.0         0.0%        -3.151    5.933e-05
    257,472        0.0         0.0%        -3.151    5.933e-05
    257,680        0.0         0.0%        -3.151    5.933e-05
    257,888        0.0         0.0%        -3.151    5.933e-05
    258,096        0.0         0.0%        -3.155    5.066e-05
    258,304        0.0         0.0%        -3.155    5.066e-05
    258,512        0.0         0.0%        -3.155    5.066e-05
    258,720        0.0         0.0%        -3.155    5.066e-05
    258,928        0.0         0.0%        -3.155    5.066e-05
    259,136        0.0         0.0%        -3.155    5.066e-05
    259,344        0.0         0.0%        -3.155    5.066e-05
    259,552        0.0         0.0%        -3.155    5.066e-05
    259,760        0.0         0.0%        -3.155    5.066e-05
    259,968        0.0         0.0%        -3.155    5.066e-05
    260,176        0.0         0.0%        -3.155    5.066e-05
    260,384        0.0         0.0%        -3.155    5.066e-05
    260,592        0.0         0.0%        -3.155    5.066e-05
    260,800        0.0         0.0%        -3.155    5.066e-05
    261,008        0.0         0.0%        -3.155    5.066e-05
    261,216        0.0         0.0%        -3.155    5.066e-05
    261,424        0.0         0.0%        -3.155    5.066e-05
    261,632        0.0         0.0%        -3.155    5.066e-05
    261,840        0.0         0.0%        -3.155    5.066e-05
    262,048        0.0         0.0%        -3.155    5.066e-05
    262,256        0.0         0.0%        -3.157    4.250e-05
    262,464        0.0         0.0%        -3.157    4.250e-05
    262,672        0.0         0.0%        -3.157    4.250e-05
    262,880        0.0         0.0%        -3.157    4.250e-05
    263,088        0.0         0.0%        -3.157    4.250e-05
    263,296        0.0         0.0%        -3.157    4.250e-05
    263,504        0.0         0.0%        -3.157    4.250e-05
    263,712        0.0         0.0%        -3.157    4.250e-05
    263,920        0.0         0.0%        -3.157    4.250e-05
    264,128        0.0         0.0%        -3.157    4.250e-05
    264,336        0.0         0.0%        -3.157    4.250e-05
    264,544        0.0         0.0%        -3.157    4.250e-05
    264,752        0.0         0.0%        -3.157    4.250e-05
    264,960        0.0         0.0%        -3.157    4.250e-05
    265,168        0.0         0.0%        -3.157    4.250e-05
    265,376        0.0         0.0%        -3.157    4.250e-05
    265,584        0.0         0.0%        -3.157    4.250e-05
    265,792        0.0         0.0%        -3.157    4.250e-05
    266,000        0.0         0.0%        -3.157    4.250e-05
    266,208        0.0         0.0%        -3.157    4.250e-05
    266,416        0.0         0.0%        -3.166    3.412e-05
    266,624        0.0         0.0%        -3.166    3.412e-05
    266,832        0.0         0.0%        -3.166    3.412e-05
    267,040        0.0         0.0%        -3.166    3.412e-05
    267,248        0.0         0.0%        -3.166    3.412e-05
    267,456        0.0         0.0%        -3.166    3.412e-05
    267,664        0.0         0.0%        -3.166    3.412e-05
    267,872        0.0         0.0%        -3.166    3.412e-05
    268,080        0.0         0.0%        -3.166    3.412e-05
    268,288        0.0         0.0%        -3.166    3.412e-05
    268,496        0.0         0.0%        -3.166    3.412e-05
    268,704        0.0         0.0%        -3.166    3.412e-05
    268,912        0.0         0.0%        -3.166    3.412e-05
    269,120        0.0         0.0%        -3.166    3.412e-05
    269,328        0.0         0.0%        -3.166    3.412e-05
    269,536        0.0         0.0%        -3.166    3.412e-05
    269,744        0.0         0.0%        -3.166    3.412e-05
    269,952        0.0         0.0%        -3.166    3.412e-05
    270,160        0.0         0.0%        -3.166    3.412e-05
    270,368        0.0         0.0%        -3.171    3.493e-05
    270,576        0.0         0.0%        -3.171    3.493e-05
    270,784        0.0         0.0%        -3.171    3.493e-05
    270,992        0.0         0.0%        -3.171    3.493e-05
    271,200        0.0         0.0%        -3.171    3.493e-05
    271,408        0.0         0.0%        -3.171    3.493e-05
    271,616        0.0         0.0%        -3.171    3.493e-05
    271,824        0.0         0.0%        -3.171    3.493e-05
    272,032        0.0         0.0%        -3.171    3.493e-05
    272,240        0.0         0.0%        -3.171    3.493e-05
    272,448        0.0         0.0%        -3.171    3.493e-05
    272,656        0.0         0.0%        -3.171    3.493e-05
    272,864        0.0         0.0%        -3.171    3.493e-05
    273,072        0.0         0.0%        -3.171    3.493e-05
    273,280        0.0         0.0%        -3.171    3.493e-05
    273,488        0.0         0.0%        -3.171    3.493e-05
    273,696        0.0         0.0%        -3.171    3.493e-05
    273,904        0.0         0.0%        -3.171    3.493e-05
    274,112        0.0         0.0%        -3.171    3.493e-05
    274,320        0.0         0.0%        -3.171    3.493e-05
    274,528        0.0         0.0%        -3.173    3.369e-05
    274,736        0.0         0.0%        -3.173    3.369e-05
    274,944        0.0         0.0%        -3.173    3.369e-05
    275,152        0.0         0.0%        -3.173    3.369e-05
    275,360        0.0         0.0%        -3.173    3.369e-05
    275,568        0.0         0.0%        -3.173    3.369e-05
    275,776        0.0         0.0%        -3.173    3.369e-05
    275,984        0.0         0.0%        -3.173    3.369e-05
    276,192        0.0         0.0%        -3.173    3.369e-05
    276,400        0.0         0.0%        -3.173    3.369e-05
    276,608        0.0         0.0%        -3.173    3.369e-05
    276,816        0.0         0.0%        -3.173    3.369e-05
    277,024        0.0         0.0%        -3.173    3.369e-05
    277,232        0.0         0.0%        -3.173    3.369e-05
    277,440        0.0         0.0%        -3.173    3.369e-05
    277,648        0.0         0.0%        -3.173    3.369e-05
    277,856        0.0         0.0%        -3.173    3.369e-05
    278,064        0.0         0.0%        -3.173    3.369e-05
    278,272        0.0         0.0%        -3.173    3.369e-05
    278,480        0.0         0.0%        -3.173    3.369e-05
    278,688        0.0         0.0%        -3.183    3.205e-05
    278,896        0.0         0.0%        -3.183    3.205e-05
    279,104        0.0         0.0%        -3.183    3.205e-05
    279,312        0.0         0.0%        -3.183    3.205e-05
    279,520        0.0         0.0%        -3.183    3.205e-05
    279,728        0.0         0.0%        -3.183    3.205e-05
    279,936        0.0         0.0%        -3.183    3.205e-05
    280,144        0.0         0.0%        -3.183    3.205e-05
    280,352        0.0         0.0%        -3.183    3.205e-05
    280,560        0.0         0.0%        -3.183    3.205e-05
    280,768        0.0         0.0%        -3.183    3.205e-05
    280,976        0.0         0.0%        -3.183    3.205e-05
    281,184        0.0         0.0%        -3.183    3.205e-05
    281,392        0.0         0.0%        -3.183    3.205e-05
    281,600        0.0         0.0%        -3.183    3.205e-05
    281,808        0.0         0.0%        -3.183    3.205e-05
    282,016        0.0         0.0%        -3.183    3.205e-05
    282,224        0.0         0.0%        -3.183    3.205e-05
    282,432        0.0         0.0%        -3.183    3.205e-05
    282,640        0.0         0.0%        -3.198    4.059e-05
    282,848        0.0         0.0%        -3.198    4.059e-05
    283,056        0.0         0.0%        -3.198    4.059e-05
    283,264        0.0         0.0%        -3.198    4.059e-05
    283,472        0.0         0.0%        -3.198    4.059e-05
    283,680        0.0         0.0%        -3.198    4.059e-05
    283,888        0.0         0.0%        -3.198    4.059e-05
    284,096        0.0         0.0%        -3.198    4.059e-05
    284,304        0.0         0.0%        -3.198    4.059e-05
    284,512        0.0         0.0%        -3.198    4.059e-05
    284,720        0.0         0.0%        -3.198    4.059e-05
    284,928        0.0         0.0%        -3.198    4.059e-05
    285,136        0.0         0.0%        -3.198    4.059e-05
    285,344        0.0         0.0%        -3.198    4.059e-05
    285,552        0.0         0.0%        -3.198    4.059e-05
    285,760        0.0         0.0%        -3.198    4.059e-05
    285,968        0.0         0.0%        -3.198    4.059e-05
    286,176        0.0         0.0%        -3.198    4.059e-05
    286,384        0.0         0.0%        -3.198    4.059e-05
    286,592        0.0         0.0%        -3.198    4.059e-05
    286,800        0.0         0.0%        -3.198    4.034e-05
    287,008        0.0         0.0%        -3.198    4.034e-05
    287,216        0.0         0.0%        -3.198    4.034e-05
    287,424        0.0         0.0%        -3.198    4.034e-05
    287,632        0.0         0.0%        -3.198    4.034e-05
    287,840        0.0         0.0%        -3.198    4.034e-05
    288,048        0.0         0.0%        -3.198    4.034e-05
    288,256        0.0         0.0%        -3.198    4.034e-05
    288,464        0.0         0.0%        -3.198    4.034e-05
    288,672        0.0         0.0%        -3.198    4.034e-05
    288,880        0.0         0.0%        -3.198    4.034e-05
    289,088        0.0         0.0%        -3.198    4.034e-05
    289,296        0.0         0.0%        -3.198    4.034e-05
    289,504        0.0         0.0%        -3.198    4.034e-05
    289,712        0.0         0.0%        -3.198    4.034e-05
    289,920        0.0         0.0%        -3.198    4.034e-05
    290,128        0.0         0.0%        -3.198    4.034e-05
    290,336        0.0         0.0%        -3.198    4.034e-05
    290,544        0.0         0.0%        -3.198    4.034e-05
    290,752        0.0         0.0%        -3.198    4.034e-05
    290,960        0.0         0.0%        -3.194    3.237e-05
    291,168        0.0         0.0%        -3.194    3.237e-05
    291,376        0.0         0.0%        -3.194    3.237e-05
    291,584        0.0         0.0%        -3.194    3.237e-05
    291,792        0.0         0.0%        -3.194    3.237e-05
    292,000        0.0         0.0%        -3.194    3.237e-05
    292,208        0.0         0.0%        -3.194    3.237e-05
    292,416        0.0         0.0%        -3.194    3.237e-05
    292,624        0.0         0.0%        -3.194    3.237e-05
    292,832        0.0         0.0%        -3.194    3.237e-05
    293,040        0.0         0.0%        -3.194    3.237e-05
    293,248        0.0         0.0%        -3.194    3.237e-05
    293,456        0.0         0.0%        -3.194    3.237e-05
    293,664        0.0         0.0%        -3.194    3.237e-05
    293,872        0.0         0.0%        -3.194    3.237e-05
    294,080        0.0         0.0%        -3.194    3.237e-05
    294,288        0.0         0.0%        -3.194    3.237e-05
    294,496        0.0         0.0%        -3.194    3.237e-05
    294,704        0.0         0.0%        -3.194    3.237e-05
    294,912        0.0         0.0%        -3.194    3.237e-05
    295,120        0.0         0.0%        -3.199    3.233e-05
    295,328        0.0         0.0%        -3.199    3.233e-05
    295,536        0.0         0.0%        -3.199    3.233e-05
    295,744        0.0         0.0%        -3.199    3.233e-05
    295,952        0.0         0.0%        -3.199    3.233e-05
    296,160        0.0         0.0%        -3.199    3.233e-05
    296,368        0.0         0.0%        -3.199    3.233e-05
    296,576        0.0         0.0%        -3.199    3.233e-05
    296,784        0.0         0.0%        -3.199    3.233e-05
    296,992        0.0         0.0%        -3.199    3.233e-05
    297,200        0.0         0.0%        -3.199    3.233e-05
    297,408        0.0         0.0%        -3.199    3.233e-05
    297,616        0.0         0.0%        -3.199    3.233e-05
    297,824        0.0         0.0%        -3.199    3.233e-05
    298,032        0.0         0.0%        -3.199    3.233e-05
    298,240        0.0         0.0%        -3.199    3.233e-05
    298,448        0.0         0.0%        -3.199    3.233e-05
    298,656        0.0         0.0%        -3.199    3.233e-05
    298,864        0.0         0.0%        -3.199    3.233e-05
    299,072        0.0         0.0%        -3.210    3.160e-05
    299,280        0.0         0.0%        -3.210    3.160e-05
    299,488        0.0         0.0%        -3.210    3.160e-05
    299,696        0.0         0.0%        -3.210    3.160e-05
    299,904        0.0         0.0%        -3.210    3.160e-05
    300,112        0.0         0.0%        -3.210    3.160e-05
    300,320        0.0         0.0%        -3.210    3.160e-05
    300,528        0.0         0.0%        -3.210    3.160e-05
    300,736        0.0         0.0%        -3.210    3.160e-05
    300,944        0.0         0.0%        -3.210    3.160e-05
    301,152        0.0         0.0%        -3.210    3.160e-05
    301,360        0.0         0.0%        -3.210    3.160e-05
    301,568        0.0         0.0%        -3.210    3.160e-05
    301,776        0.0         0.0%        -3.210    3.160e-05
    301,984        0.0         0.0%        -3.210    3.160e-05
    302,192        0.0         0.0%        -3.210    3.160e-05
    302,400        0.0         0.0%        -3.210    3.160e-05
    302,608        0.0         0.0%        -3.210    3.160e-05
    302,816        0.0         0.0%        -3.210    3.160e-05
    303,024        0.0         0.0%        -3.210    3.160e-05
    303,232        0.0         0.0%        -3.216    2.815e-05
    303,440        0.0         0.0%        -3.216    2.815e-05
    303,648        0.0         0.0%        -3.216    2.815e-05
    303,856        0.0         0.0%        -3.216    2.815e-05
    304,064        0.0         0.0%        -3.216    2.815e-05
    304,272        0.0         0.0%        -3.216    2.815e-05
    304,480        0.0         0.0%        -3.216    2.815e-05
    304,688        0.0         0.0%        -3.216    2.815e-05
    304,896        0.0         0.0%        -3.216    2.815e-05
    305,104        0.0         0.0%        -3.216    2.815e-05
    305,312        0.0         0.0%        -3.216    2.815e-05
    305,520        0.0         0.0%        -3.216    2.815e-05
    305,728        0.0         0.0%        -3.216    2.815e-05
    305,936        0.0         0.0%        -3.216    2.815e-05
    306,144        0.0         0.0%        -3.216    2.815e-05
    306,352        0.0         0.0%        -3.216    2.815e-05
    306,560        0.0         0.0%        -3.216    2.815e-05
    306,768        0.0         0.0%        -3.216    2.815e-05
    306,976        0.0         0.0%        -3.216    2.815e-05
    307,184        0.0         0.0%        -3.216    2.815e-05
    307,392        0.0         0.0%        -3.218    2.293e-05
    307,600        0.0         0.0%        -3.218    2.293e-05
    307,808        0.0         0.0%        -3.218    2.293e-05
    308,016        0.0         0.0%        -3.218    2.293e-05
    308,224        0.0         0.0%        -3.218    2.293e-05
    308,432        0.0         0.0%        -3.218    2.293e-05
    308,640        0.0         0.0%        -3.218    2.293e-05
    308,848        0.0         0.0%        -3.218    2.293e-05
    309,056        0.0         0.0%        -3.218    2.293e-05
    309,264        0.0         0.0%        -3.218    2.293e-05
    309,472        0.0         0.0%        -3.218    2.293e-05
    309,680        0.0         0.0%        -3.218    2.293e-05
    309,888        0.0         0.0%        -3.218    2.293e-05
    310,096        0.0         0.0%        -3.218    2.293e-05
    310,304        0.0         0.0%        -3.218    2.293e-05
    310,512        0.0         0.0%        -3.218    2.293e-05
    310,720        0.0         0.0%        -3.218    2.293e-05
    310,928        0.0         0.0%        -3.218    2.293e-05
    311,136        0.0         0.0%        -3.218    2.293e-05
    311,344        0.0         0.0%        -3.219    2.996e-05
    311,552        0.0         0.0%        -3.219    2.996e-05
    311,760        0.0         0.0%        -3.219    2.996e-05
    311,968        0.0         0.0%        -3.219    2.996e-05
    312,176        0.0         0.0%        -3.219    2.996e-05
    312,384        0.0         0.0%        -3.219    2.996e-05
    312,592        0.0         0.0%        -3.219    2.996e-05
    312,800        0.0         0.0%        -3.219    2.996e-05
    313,008        0.0         0.0%        -3.219    2.996e-05
    313,216        0.0         0.0%        -3.219    2.996e-05
    313,424        0.0         0.0%        -3.219    2.996e-05
    313,632        0.0         0.0%        -3.219    2.996e-05
    313,840        0.0         0.0%        -3.219    2.996e-05
    314,048        0.0         0.0%        -3.219    2.996e-05
    314,256        0.0         0.0%        -3.219    2.996e-05
    314,464        0.0         0.0%        -3.219    2.996e-05
    314,672        0.0         0.0%        -3.219    2.996e-05
    314,880        0.0         0.0%        -3.219    2.996e-05
    315,088        0.0         0.0%        -3.219    2.996e-05
    315,296        0.0         0.0%        -3.219    2.996e-05
    315,504        0.0         0.0%        -3.213    2.043e-05
    315,712        0.0         0.0%        -3.213    2.043e-05
    315,920        0.0         0.0%        -3.213    2.043e-05
    316,128        0.0         0.0%        -3.213    2.043e-05
    316,336        0.0         0.0%        -3.213    2.043e-05
    316,544        0.0         0.0%        -3.213    2.043e-05
    316,752        0.0         0.0%        -3.213    2.043e-05
    316,960        0.0         0.0%        -3.213    2.043e-05
    317,168        0.0         0.0%        -3.213    2.043e-05
    317,376        0.0         0.0%        -3.213    2.043e-05
    317,584        0.0         0.0%        -3.213    2.043e-05
    317,792        0.0         0.0%        -3.213    2.043e-05
    318,000        0.0         0.0%        -3.213    2.043e-05
    318,208        0.0         0.0%        -3.213    2.043e-05
    318,416        0.0         0.0%        -3.213    2.043e-05
    318,624        0.0         0.0%        -3.213    2.043e-05
    318,832        0.0         0.0%        -3.213    2.043e-05
    319,040        0.0         0.0%        -3.213    2.043e-05
    319,248        0.0         0.0%        -3.213    2.043e-05
    319,456        0.0         0.0%        -3.213    2.043e-05
    319,664        0.0         0.0%        -3.198    1.426e-05
    319,872        0.0         0.0%        -3.198    1.426e-05
    320,080        0.0         0.0%        -3.198    1.426e-05
    320,288        0.0         0.0%        -3.198    1.426e-05
    320,496        0.0         0.0%        -3.198    1.426e-05
    320,704        0.0         0.0%        -3.198    1.426e-05
    320,912        0.0         0.0%        -3.198    1.426e-05
    321,120        0.0         0.0%        -3.198    1.426e-05
    321,328        0.0         0.0%        -3.198    1.426e-05
    321,536        0.0         0.0%        -3.198    1.426e-05
    321,744        0.0         0.0%        -3.198    1.426e-05
    321,952        0.0         0.0%        -3.198    1.426e-05
    322,160        0.0         0.0%        -3.198    1.426e-05
    322,368        0.0         0.0%        -3.198    1.426e-05
    322,576        0.0         0.0%        -3.198    1.426e-05
    322,784        0.0         0.0%        -3.198    1.426e-05
    322,992        0.0         0.0%        -3.198    1.426e-05
    323,200        0.0         0.0%        -3.198    1.426e-05
    323,408        0.0         0.0%        -3.198    1.426e-05
    323,616        0.0         0.0%        -3.188    1.621e-05
    323,824        0.0         0.0%        -3.188    1.621e-05
    324,032        0.0         0.0%        -3.188    1.621e-05
    324,240        0.0         0.0%        -3.188    1.621e-05
    324,448        0.0         0.0%        -3.188    1.621e-05
    324,656        0.0         0.0%        -3.188    1.621e-05
    324,864        0.0         0.0%        -3.188    1.621e-05
    325,072        0.0         0.0%        -3.188    1.621e-05
    325,280        0.0         0.0%        -3.188    1.621e-05
    325,488        0.0         0.0%        -3.188    1.621e-05
    325,696        0.0         0.0%        -3.188    1.621e-05
    325,904        0.0         0.0%        -3.188    1.621e-05
    326,112        0.0         0.0%        -3.188    1.621e-05
    326,320        0.0         0.0%        -3.188    1.621e-05
    326,528        0.0         0.0%        -3.188    1.621e-05
    326,736        0.0         0.0%        -3.188    1.621e-05
    326,944        0.0         0.0%        -3.188    1.621e-05
    327,152        0.0         0.0%        -3.188    1.621e-05
    327,360        0.0         0.0%        -3.188    1.621e-05
    327,568        0.0         0.0%        -3.188    1.621e-05
    327,776        0.0         0.0%        -3.194    1.734e-05
    327,984        0.0         0.0%        -3.194    1.734e-05
    328,192        0.0         0.0%        -3.194    1.734e-05
    328,400        0.0         0.0%        -3.194    1.734e-05
    328,608        0.0         0.0%        -3.194    1.734e-05
    328,816        0.0         0.0%        -3.194    1.734e-05
    329,024        0.0         0.0%        -3.194    1.734e-05
    329,232        0.0         0.0%        -3.194    1.734e-05
    329,440        0.0         0.0%        -3.194    1.734e-05
    329,648        0.0         0.0%        -3.194    1.734e-05
    329,856        0.0         0.0%        -3.194    1.734e-05
    330,064        0.0         0.0%        -3.194    1.734e-05
    330,272        0.0         0.0%        -3.194    1.734e-05
    330,480        0.0         0.0%        -3.194    1.734e-05
    330,688        0.0         0.0%        -3.194    1.734e-05
    330,896        0.0         0.0%        -3.194    1.734e-05
    331,104        0.0         0.0%        -3.194    1.734e-05
    331,312        0.0         0.0%        -3.194    1.734e-05
    331,520        0.0         0.0%        -3.194    1.734e-05
    331,728        0.0         0.0%        -3.194    1.734e-05
    331,936        0.0         0.0%        -3.195    1.617e-05
    332,144        0.0         0.0%        -3.195    1.617e-05
    332,352        0.0         0.0%        -3.195    1.617e-05
    332,560        0.0         0.0%        -3.195    1.617e-05
    332,768        0.0         0.0%        -3.195    1.617e-05
    332,976        0.0         0.0%        -3.195    1.617e-05
    333,184        0.0         0.0%        -3.195    1.617e-05
    333,392        0.0         0.0%        -3.195    1.617e-05
    333,600        0.0         0.0%        -3.195    1.617e-05
    333,808        0.0         0.0%        -3.195    1.617e-05
    334,016        0.0         0.0%        -3.195    1.617e-05
    334,224        0.0         0.0%        -3.195    1.617e-05
    334,432        0.0         0.0%        -3.195    1.617e-05
    334,640        0.0         0.0%        -3.195    1.617e-05
    334,848        0.0         0.0%        -3.195    1.617e-05
    335,056        0.0         0.0%        -3.195    1.617e-05
    335,264        0.0         0.0%        -3.195    1.617e-05
    335,472        0.0         0.0%        -3.195    1.617e-05
    335,680        0.0         0.0%        -3.195    1.617e-05
    335,888        0.0         0.0%        -3.190    1.443e-05
    336,096        0.0         0.0%        -3.190    1.443e-05
    336,304        0.0         0.0%        -3.190    1.443e-05
    336,512        0.0         0.0%        -3.190    1.443e-05
    336,720        0.0         0.0%        -3.190    1.443e-05
    336,928        0.0         0.0%        -3.190    1.443e-05
    337,136        0.0         0.0%        -3.190    1.443e-05
    337,344        0.0         0.0%        -3.190    1.443e-05
    337,552        0.0         0.0%        -3.190    1.443e-05
    337,760        0.0         0.0%        -3.190    1.443e-05
    337,968        0.0         0.0%        -3.190    1.443e-05
    338,176        0.0         0.0%        -3.190    1.443e-05
    338,384        0.0         0.0%        -3.190    1.443e-05
    338,592        0.0         0.0%        -3.190    1.443e-05
    338,800        0.0         0.0%        -3.190    1.443e-05
    339,008        0.0         0.0%        -3.190    1.443e-05
    339,216        0.0         0.0%        -3.190    1.443e-05
    339,424        0.0         0.0%        -3.190    1.443e-05
    339,632        0.0         0.0%        -3.190    1.443e-05
    339,840        0.0         0.0%        -3.190    1.443e-05
    340,048        0.0         0.0%        -3.197    1.532e-05
    340,256        0.0         0.0%        -3.197    1.532e-05
    340,464        0.0         0.0%        -3.197    1.532e-05
    340,672        0.0         0.0%        -3.197    1.532e-05
    340,880        0.0         0.0%        -3.197    1.532e-05
    341,088        0.0         0.0%        -3.197    1.532e-05
    341,296        0.0         0.0%        -3.197    1.532e-05
    341,504        0.0         0.0%        -3.197    1.532e-05
    341,712        0.0         0.0%        -3.197    1.532e-05
    341,920        0.0         0.0%        -3.197    1.532e-05
    342,128        0.0         0.0%        -3.197    1.532e-05
    342,336        0.0         0.0%        -3.197    1.532e-05
    342,544        0.0         0.0%        -3.197    1.532e-05
    342,752        0.0         0.0%        -3.197    1.532e-05
    342,960        0.0         0.0%        -3.197    1.532e-05
    343,168        0.0         0.0%        -3.197    1.532e-05
    343,376        0.0         0.0%        -3.197    1.532e-05
    343,584        0.0         0.0%        -3.197    1.532e-05
    343,792        0.0         0.0%        -3.197    1.532e-05
    344,000        0.0         0.0%        -3.197    1.532e-05
    344,208        0.0         0.0%        -3.206    1.872e-05
    344,416        0.0         0.0%        -3.206    1.872e-05
    344,624        0.0         0.0%        -3.206    1.872e-05
    344,832        0.0         0.0%        -3.206    1.872e-05
    345,040        0.0         0.0%        -3.206    1.872e-05
    345,248        0.0         0.0%        -3.206    1.872e-05
    345,456        0.0         0.0%        -3.206    1.872e-05
    345,664        0.0         0.0%        -3.206    1.872e-05
    345,872        0.0         0.0%        -3.206    1.872e-05
    346,080        0.0         0.0%        -3.206    1.872e-05
    346,288        0.0         0.0%        -3.206    1.872e-05
    346,496        0.0         0.0%        -3.206    1.872e-05
    346,704        0.0         0.0%        -3.206    1.872e-05
    346,912        0.0         0.0%        -3.206    1.872e-05
    347,120        0.0         0.0%        -3.206    1.872e-05
    347,328        0.0         0.0%        -3.206    1.872e-05
    347,536        0.0         0.0%        -3.206    1.872e-05
    347,744        0.0         0.0%        -3.206    1.872e-05
    347,952        0.0         0.0%        -3.206    1.872e-05
    348,160        0.0         0.0%        -3.206    1.872e-05
    348,368        0.0         0.0%        -3.208    1.728e-05
    348,576        0.0         0.0%        -3.208    1.728e-05
    348,784        0.0         0.0%        -3.208    1.728e-05
    348,992        0.0         0.0%        -3.208    1.728e-05
    349,200        0.0         0.0%        -3.208    1.728e-05
    349,408        0.0         0.0%        -3.208    1.728e-05
    349,616        0.0         0.0%        -3.208    1.728e-05
    349,824        0.0         0.0%        -3.208    1.728e-05
    350,032        0.0         0.0%        -3.208    1.728e-05
    350,240        0.0         0.0%        -3.208    1.728e-05
    350,448        0.0         0.0%        -3.208    1.728e-05
    350,656        0.0         0.0%        -3.208    1.728e-05
    350,864        0.0         0.0%        -3.208    1.728e-05
    351,072        0.0         0.0%        -3.208    1.728e-05
    351,280        0.0         0.0%        -3.208    1.728e-05
    351,488        0.0         0.0%        -3.208    1.728e-05
    351,696        0.0         0.0%        -3.208    1.728e-05
    351,904        0.0         0.0%        -3.208    1.728e-05
    352,112        0.0         0.0%        -3.208    1.728e-05
    352,320        0.0         0.0%        -3.206    1.774e-05
    352,528        0.0         0.0%        -3.206    1.774e-05
    352,736        0.0         0.0%        -3.206    1.774e-05
    352,944        0.0         0.0%        -3.206    1.774e-05
    353,152        0.0         0.0%        -3.206    1.774e-05
    353,360        0.0         0.0%        -3.206    1.774e-05
    353,568        0.0         0.0%        -3.206    1.774e-05
    353,776        0.0         0.0%        -3.206    1.774e-05
    353,984        0.0         0.0%        -3.206    1.774e-05
    354,192        0.0         0.0%        -3.206    1.774e-05
    354,400        0.0         0.0%        -3.206    1.774e-05
    354,608        0.0         0.0%        -3.206    1.774e-05
    354,816        0.0         0.0%        -3.206    1.774e-05
    355,024        0.0         0.0%        -3.206    1.774e-05
    355,232        0.0         0.0%        -3.206    1.774e-05
    355,440        0.0         0.0%        -3.206    1.774e-05
    355,648        0.0         0.0%        -3.206    1.774e-05
    355,856        0.0         0.0%        -3.206    1.774e-05
    356,064        0.0         0.0%        -3.206    1.774e-05
    356,272        0.0         0.0%        -3.206    1.774e-05
    356,480        0.0         0.0%        -3.205    2.107e-05
    356,688        0.0         0.0%        -3.205    2.107e-05
    356,896        0.0         0.0%        -3.205    2.107e-05
    357,104        0.0         0.0%        -3.205    2.107e-05
    357,312        0.0         0.0%        -3.205    2.107e-05
    357,520        0.0         0.0%        -3.205    2.107e-05
    357,728        0.0         0.0%        -3.205    2.107e-05
    357,936        0.0         0.0%        -3.205    2.107e-05
    358,144        0.0         0.0%        -3.205    2.107e-05
    358,352        0.0         0.0%        -3.205    2.107e-05
    358,560        0.0         0.0%        -3.205    2.107e-05
    358,768        0.0         0.0%        -3.205    2.107e-05
    358,976        0.0         0.0%        -3.205    2.107e-05
    359,184        0.0         0.0%        -3.205    2.107e-05
    359,392        0.0         0.0%        -3.205    2.107e-05
    359,600        0.0         0.0%        -3.205    2.107e-05
    359,808        0.0         0.0%        -3.205    2.107e-05
    360,016        0.0         0.0%        -3.205    2.107e-05
    360,224        0.0         0.0%        -3.205    2.107e-05
    360,432        0.0         0.0%        -3.205    2.107e-05
    360,640        0.0         0.0%        -3.205    1.980e-05
    360,848        0.0         0.0%        -3.205    1.980e-05
    361,056        0.0         0.0%        -3.205    1.980e-05
    361,264        0.0         0.0%        -3.205    1.980e-05
    361,472        0.0         0.0%        -3.205    1.980e-05
    361,680        0.0         0.0%        -3.205    1.980e-05
    361,888        0.0         0.0%        -3.205    1.980e-05
    362,096        0.0         0.0%        -3.205    1.980e-05
    362,304        0.0         0.0%        -3.205    1.980e-05
    362,512        0.0         0.0%        -3.205    1.980e-05
    362,720        0.0         0.0%        -3.205    1.980e-05
    362,928        0.0         0.0%        -3.205    1.980e-05
    363,136        0.0         0.0%        -3.205    1.980e-05
    363,344        0.0         0.0%        -3.205    1.980e-05
    363,552        0.0         0.0%        -3.205    1.980e-05
    363,760        0.0         0.0%        -3.205    1.980e-05
    363,968        0.0         0.0%        -3.205    1.980e-05
    364,176        0.0         0.0%        -3.205    1.980e-05
    364,384        0.0         0.0%        -3.205    1.980e-05
    364,592        0.0         0.0%        -3.209    1.634e-05
    364,800        0.0         0.0%        -3.209    1.634e-05
    365,008        0.0         0.0%        -3.209    1.634e-05
    365,216        0.0         0.0%        -3.209    1.634e-05
    365,424        0.0         0.0%        -3.209    1.634e-05
    365,632        0.0         0.0%        -3.209    1.634e-05
    365,840        0.0         0.0%        -3.209    1.634e-05
    366,048        0.0         0.0%        -3.209    1.634e-05
    366,256        0.0         0.0%        -3.209    1.634e-05
    366,464        0.0         0.0%        -3.209    1.634e-05
    366,672        0.0         0.0%        -3.209    1.634e-05
    366,880        0.0         0.0%        -3.209    1.634e-05
    367,088        0.0         0.0%        -3.209    1.634e-05
    367,296        0.0         0.0%        -3.209    1.634e-05
    367,504        0.0         0.0%        -3.209    1.634e-05
    367,712        0.0         0.0%        -3.209    1.634e-05
    367,920        0.0         0.0%        -3.209    1.634e-05
    368,128        0.0         0.0%        -3.209    1.634e-05
    368,336        0.0         0.0%        -3.209    1.634e-05
    368,544        0.0         0.0%        -3.209    1.634e-05
    368,752        0.0         0.0%        -3.205    1.660e-05
    368,960        0.0         0.0%        -3.205    1.660e-05
    369,168        0.0         0.0%        -3.205    1.660e-05
    369,376        0.0         0.0%        -3.205    1.660e-05
    369,584        0.0         0.0%        -3.205    1.660e-05
    369,792        0.0         0.0%        -3.205    1.660e-05
    370,000        0.0         0.0%        -3.205    1.660e-05
    370,208        0.0         0.0%        -3.205    1.660e-05
    370,416        0.0         0.0%        -3.205    1.660e-05
    370,624        0.0         0.0%        -3.205    1.660e-05
    370,832        0.0         0.0%        -3.205    1.660e-05
    371,040        0.0         0.0%        -3.205    1.660e-05
    371,248        0.0         0.0%        -3.205    1.660e-05
    371,456        0.0         0.0%        -3.205    1.660e-05
    371,664        0.0         0.0%        -3.205    1.660e-05
    371,872        0.0         0.0%        -3.205    1.660e-05
    372,080        0.0         0.0%        -3.205    1.660e-05
    372,288        0.0         0.0%        -3.205    1.660e-05
    372,496        0.0         0.0%        -3.205    1.660e-05
    372,704        0.0         0.0%        -3.205    1.660e-05
    372,912        0.0         0.0%        -3.204    1.595e-05
    373,120        0.0         0.0%        -3.204    1.595e-05
    373,328        0.0         0.0%        -3.204    1.595e-05
    373,536        0.0         0.0%        -3.204    1.595e-05
    373,744        0.0         0.0%        -3.204    1.595e-05
    373,952        0.0         0.0%        -3.204    1.595e-05
    374,160        0.0         0.0%        -3.204    1.595e-05
    374,368        0.0         0.0%        -3.204    1.595e-05
    374,576        0.0         0.0%        -3.204    1.595e-05
    374,784        0.0         0.0%        -3.204    1.595e-05
    374,992        0.0         0.0%        -3.204    1.595e-05
    375,200        0.0         0.0%        -3.204    1.595e-05
    375,408        0.0         0.0%        -3.204    1.595e-05
    375,616        0.0         0.0%        -3.204    1.595e-05
    375,824        0.0         0.0%        -3.204    1.595e-05
    376,032        0.0         0.0%        -3.204    1.595e-05
    376,240        0.0         0.0%        -3.204    1.595e-05
    376,448        0.0         0.0%        -3.204    1.595e-05
    376,656        0.0         0.0%        -3.204    1.595e-05
    376,864        0.0         0.0%        -3.212    1.695e-05
    377,072        0.0         0.0%        -3.212    1.695e-05
    377,280        0.0         0.0%        -3.212    1.695e-05
    377,488        0.0         0.0%        -3.212    1.695e-05
    377,696        0.0         0.0%        -3.212    1.695e-05
    377,904        0.0         0.0%        -3.212    1.695e-05
    378,112        0.0         0.0%        -3.212    1.695e-05
    378,320        0.0         0.0%        -3.212    1.695e-05
    378,528        0.0         0.0%        -3.212    1.695e-05
    378,736        0.0         0.0%        -3.212    1.695e-05
    378,944        0.0         0.0%        -3.212    1.695e-05
    379,152        0.0         0.0%        -3.212    1.695e-05
    379,360        0.0         0.0%        -3.212    1.695e-05
    379,568        0.0         0.0%        -3.212    1.695e-05
    379,776        0.0         0.0%        -3.212    1.695e-05
    379,984        0.0         0.0%        -3.212    1.695e-05
    380,192        0.0         0.0%        -3.212    1.695e-05
    380,400        0.0         0.0%        -3.212    1.695e-05
    380,608        0.0         0.0%        -3.212    1.695e-05
    380,816        0.0         0.0%        -3.212    1.695e-05
    381,024        0.0         0.0%        -3.219    1.291e-05
    381,232        0.0         0.0%        -3.219    1.291e-05
    381,440        0.0         0.0%        -3.219    1.291e-05
    381,648        0.0         0.0%        -3.219    1.291e-05
    381,856        0.0         0.0%        -3.219    1.291e-05
    382,064        0.0         0.0%        -3.219    1.291e-05
    382,272        0.0         0.0%        -3.219    1.291e-05
    382,480        0.0         0.0%        -3.219    1.291e-05
    382,688        0.0         0.0%        -3.219    1.291e-05
    382,896        0.0         0.0%        -3.219    1.291e-05
    383,104        0.0         0.0%        -3.219    1.291e-05
    383,312        0.0         0.0%        -3.219    1.291e-05
    383,520        0.0         0.0%        -3.219    1.291e-05
    383,728        0.0         0.0%        -3.219    1.291e-05
    383,936        0.0         0.0%        -3.219    1.291e-05
    384,144        0.0         0.0%        -3.219    1.291e-05
    384,352        0.0         0.0%        -3.219    1.291e-05
    384,560        0.0         0.0%        -3.219    1.291e-05
    384,768        0.0         0.0%        -3.219    1.291e-05
    384,976        0.0         0.0%        -3.219    1.291e-05
    385,184        0.0         0.0%        -3.221    1.200e-05
    385,392        0.0         0.0%        -3.221    1.200e-05
    385,600        0.0         0.0%        -3.221    1.200e-05
    385,808        0.0         0.0%        -3.221    1.200e-05
    386,016        0.0         0.0%        -3.221    1.200e-05
    386,224        0.0         0.0%        -3.221    1.200e-05
    386,432        0.0         0.0%        -3.221    1.200e-05
    386,640        0.0         0.0%        -3.221    1.200e-05
    386,848        0.0         0.0%        -3.221    1.200e-05
    387,056        0.0         0.0%        -3.221    1.200e-05
    387,264        0.0         0.0%        -3.221    1.200e-05
    387,472        0.0         0.0%        -3.221    1.200e-05
    387,680        0.0         0.0%        -3.221    1.200e-05
    387,888        0.0         0.0%        -3.221    1.200e-05
    388,096        0.0         0.0%        -3.221    1.200e-05
    388,304        0.0         0.0%        -3.221    1.200e-05
    388,512        0.0         0.0%        -3.221    1.200e-05
    388,720        0.0         0.0%        -3.221    1.200e-05
    388,928        0.0         0.0%        -3.221    1.200e-05
    389,136        0.0         0.0%        -3.226    1.129e-05
    389,344        0.0         0.0%        -3.226    1.129e-05
    389,552        0.0         0.0%        -3.226    1.129e-05
    389,760        0.0         0.0%        -3.226    1.129e-05
    389,968        0.0         0.0%        -3.226    1.129e-05
    390,176        0.0         0.0%        -3.226    1.129e-05
    390,384        0.0         0.0%        -3.226    1.129e-05
    390,592        0.0         0.0%        -3.226    1.129e-05
    390,800        0.0         0.0%        -3.226    1.129e-05
    391,008        0.0         0.0%        -3.226    1.129e-05
    391,216        0.0         0.0%        -3.226    1.129e-05
    391,424        0.0         0.0%        -3.226    1.129e-05
    391,632        0.0         0.0%        -3.226    1.129e-05
    391,840        0.0         0.0%        -3.226    1.129e-05
    392,048        0.0         0.0%        -3.226    1.129e-05
    392,256        0.0         0.0%        -3.226    1.129e-05
    392,464        0.0         0.0%        -3.226    1.129e-05
    392,672        0.0         0.0%        -3.226    1.129e-05
    392,880        0.0         0.0%        -3.226    1.129e-05
    393,088        0.0         0.0%        -3.226    1.129e-05
    393,296        0.0         0.0%        -3.232    1.656e-05
    393,504        0.0         0.0%        -3.232    1.656e-05
    393,712        0.0         0.0%        -3.232    1.656e-05
    393,920        0.0         0.0%        -3.232    1.656e-05
    394,128        0.0         0.0%        -3.232    1.656e-05
    394,336        0.0         0.0%        -3.232    1.656e-05
    394,544        0.0         0.0%        -3.232    1.656e-05
    394,752        0.0         0.0%        -3.232    1.656e-05
    394,960        0.0         0.0%        -3.232    1.656e-05
    395,168        0.0         0.0%        -3.232    1.656e-05
    395,376        0.0         0.0%        -3.232    1.656e-05
    395,584        0.0         0.0%        -3.232    1.656e-05
    395,792        0.0         0.0%        -3.232    1.656e-05
    396,000        0.0         0.0%        -3.232    1.656e-05
    396,208        0.0         0.0%        -3.232    1.656e-05
    396,416        0.0         0.0%        -3.232    1.656e-05
    396,624        0.0         0.0%        -3.232    1.656e-05
    396,832        0.0         0.0%        -3.232    1.656e-05
    397,040        0.0         0.0%        -3.232    1.656e-05
    397,248        0.0         0.0%        -3.232    1.656e-05
    397,456        0.0         0.0%        -3.227    1.641e-05
    397,664        0.0         0.0%        -3.227    1.641e-05
    397,872        0.0         0.0%        -3.227    1.641e-05
    398,080        0.0         0.0%        -3.227    1.641e-05
    398,288        0.0         0.0%        -3.227    1.641e-05
    398,496        0.0         0.0%        -3.227    1.641e-05
    398,704        0.0         0.0%        -3.227    1.641e-05
    398,912        0.0         0.0%        -3.227    1.641e-05
    399,120        0.0         0.0%        -3.227    1.641e-05
    399,328        0.0         0.0%        -3.227    1.641e-05
    399,536        0.0         0.0%        -3.227    1.641e-05
    399,744        0.0         0.0%        -3.227    1.641e-05
    399,952        0.0         0.0%        -3.227    1.641e-05
    400,160        0.0         0.0%        -3.227    1.641e-05
    400,368        0.0         0.0%        -3.227    1.641e-05
    400,576        0.0         0.0%        -3.227    1.641e-05
    400,784        0.0         0.0%        -3.227    1.641e-05
    400,992        0.0         0.0%        -3.227    1.641e-05
    401,200        0.0         0.0%        -3.227    1.641e-05
    401,408        0.0         0.0%        -3.227    1.641e-05
    401,616        0.0         0.0%        -3.216    1.132e-05
    401,824        0.0         0.0%        -3.216    1.132e-05
    402,032        0.0         0.0%        -3.216    1.132e-05
    402,240        0.0         0.0%        -3.216    1.132e-05
    402,448        0.0         0.0%        -3.216    1.132e-05
    402,656        0.0         0.0%        -3.216    1.132e-05
    402,864        0.0         0.0%        -3.216    1.132e-05
    403,072        0.0         0.0%        -3.216    1.132e-05
    403,280        0.0         0.0%        -3.216    1.132e-05
    403,488        0.0         0.0%        -3.216    1.132e-05
    403,696        0.0         0.0%        -3.216    1.132e-05
    403,904        0.0         0.0%        -3.216    1.132e-05
    404,112        0.0         0.0%        -3.216    1.132e-05
    404,320        0.0         0.0%        -3.216    1.132e-05
    404,528        0.0         0.0%        -3.216    1.132e-05
    404,736        0.0         0.0%        -3.216    1.132e-05
    404,944        0.0         0.0%        -3.216    1.132e-05
    405,152        0.0         0.0%        -3.216    1.132e-05
    405,360        0.0         0.0%        -3.216    1.132e-05
    405,568        0.0         0.0%        -3.212    1.195e-05
    405,776        0.0         0.0%        -3.212    1.195e-05
    405,984        0.0         0.0%        -3.212    1.195e-05
    406,192        0.0         0.0%        -3.212    1.195e-05
    406,400        0.0         0.0%        -3.212    1.195e-05
    406,608        0.0         0.0%        -3.212    1.195e-05
    406,816        0.0         0.0%        -3.212    1.195e-05
    407,024        0.0         0.0%        -3.212    1.195e-05
    407,232        0.0         0.0%        -3.212    1.195e-05
    407,440        0.0         0.0%        -3.212    1.195e-05
    407,648        0.0         0.0%        -3.212    1.195e-05
    407,856        0.0         0.0%        -3.212    1.195e-05
    408,064        0.0         0.0%        -3.212    1.195e-05
    408,272        0.0         0.0%        -3.212    1.195e-05
    408,480        0.0         0.0%        -3.212    1.195e-05
    408,688        0.0         0.0%        -3.212    1.195e-05
    408,896        0.0         0.0%        -3.212    1.195e-05
    409,104        0.0         0.0%        -3.212    1.195e-05
    409,312        0.0         0.0%        -3.212    1.195e-05
    409,520        0.0         0.0%        -3.212    1.195e-05
    409,728        0.0         0.0%        -3.213    1.176e-05
    409,936        0.0         0.0%        -3.213    1.176e-05
    410,144        0.0         0.0%        -3.213    1.176e-05
    410,352        0.0         0.0%        -3.213    1.176e-05
    410,560        0.0         0.0%        -3.213    1.176e-05
    410,768        0.0         0.0%        -3.213    1.176e-05
    410,976        0.0         0.0%        -3.213    1.176e-05
    411,184        0.0         0.0%        -3.213    1.176e-05
    411,392        0.0         0.0%        -3.213    1.176e-05
    411,600        0.0         0.0%        -3.213    1.176e-05
    411,808        0.0         0.0%        -3.213    1.176e-05
    412,016        0.0         0.0%        -3.213    1.176e-05
    412,224        0.0         0.0%        -3.213    1.176e-05
    412,432        0.0         0.0%        -3.213    1.176e-05
    412,640        0.0         0.0%        -3.213    1.176e-05
    412,848        0.0         0.0%        -3.213    1.176e-05
    413,056        0.0         0.0%        -3.213    1.176e-05
    413,264        0.0         0.0%        -3.213    1.176e-05
    413,472        0.0         0.0%        -3.213    1.176e-05
    413,680        0.0         0.0%        -3.213    1.176e-05
    413,888        0.0         0.0%        -3.216    1.161e-05
    414,096        0.0         0.0%        -3.216    1.161e-05
    414,304        0.0         0.0%        -3.216    1.161e-05
    414,512        0.0         0.0%        -3.216    1.161e-05
    414,720        0.0         0.0%        -3.216    1.161e-05
    414,928        0.0         0.0%        -3.216    1.161e-05
    415,136        0.0         0.0%        -3.216    1.161e-05
    415,344        0.0         0.0%        -3.216    1.161e-05
    415,552        0.0         0.0%        -3.216    1.161e-05
    415,760        0.0         0.0%        -3.216    1.161e-05
    415,968        0.0         0.0%        -3.216    1.161e-05
    416,176        0.0         0.0%        -3.216    1.161e-05
    416,384        0.0         0.0%        -3.216    1.161e-05
    416,592        0.0         0.0%        -3.216    1.161e-05
    416,800        0.0         0.0%        -3.216    1.161e-05
    417,008        0.0         0.0%        -3.216    1.161e-05
    417,216        0.0         0.0%        -3.216    1.161e-05
    417,424        0.0         0.0%        -3.216    1.161e-05
    417,632        0.0         0.0%        -3.216    1.161e-05
    417,840        0.0         0.0%        -3.222    9.620e-06
    418,048        0.0         0.0%        -3.222    9.620e-06
    418,256        0.0         0.0%        -3.222    9.620e-06
    418,464        0.0         0.0%        -3.222    9.620e-06
    418,672        0.0         0.0%        -3.222    9.620e-06
    418,880        0.0         0.0%        -3.222    9.620e-06
    419,088        0.0         0.0%        -3.222    9.620e-06
    419,296        0.0         0.0%        -3.222    9.620e-06
    419,504        0.0         0.0%        -3.222    9.620e-06
    419,712        0.0         0.0%        -3.222    9.620e-06
    419,920        0.0         0.0%        -3.222    9.620e-06
    420,128        0.0         0.0%        -3.222    9.620e-06
    420,336        0.0         0.0%        -3.222    9.620e-06
    420,544        0.0         0.0%        -3.222    9.620e-06
    420,752        0.0         0.0%        -3.222    9.620e-06
    420,960        0.0         0.0%        -3.222    9.620e-06
    421,168        0.0         0.0%        -3.222    9.620e-06
    421,376        0.0         0.0%        -3.222    9.620e-06
    421,584        0.0         0.0%        -3.222    9.620e-06
    421,792        0.0         0.0%        -3.222    9.620e-06
    422,000        0.0         0.0%        -3.217    9.999e-06
    422,208        0.0         0.0%        -3.217    9.999e-06
    422,416        0.0         0.0%        -3.217    9.999e-06
    422,624        0.0         0.0%        -3.217    9.999e-06
    422,832        0.0         0.0%        -3.217    9.999e-06
    423,040        0.0         0.0%        -3.217    9.999e-06
    423,248        0.0         0.0%        -3.217    9.999e-06
    423,456        0.0         0.0%        -3.217    9.999e-06
    423,664        0.0         0.0%        -3.217    9.999e-06
    423,872        0.0         0.0%        -3.217    9.999e-06
    424,080        0.0         0.0%        -3.217    9.999e-06
    424,288        0.0         0.0%        -3.217    9.999e-06
    424,496        0.0         0.0%        -3.217    9.999e-06
    424,704        0.0         0.0%        -3.217    9.999e-06
    424,912        0.0         0.0%        -3.217    9.999e-06
    425,120        0.0         0.0%        -3.217    9.999e-06
    425,328        0.0         0.0%        -3.217    9.999e-06
    425,536        0.0         0.0%        -3.217    9.999e-06
    425,744        0.0         0.0%        -3.217    9.999e-06
    425,952        0.0         0.0%        -3.217    9.999e-06
    426,160        0.0         0.0%        -3.217    9.480e-06
    426,368        0.0         0.0%        -3.217    9.480e-06
    426,576        0.0         0.0%        -3.217    9.480e-06
    426,784        0.0         0.0%        -3.217    9.480e-06
    426,992        0.0         0.0%        -3.217    9.480e-06
    427,200        0.0         0.0%        -3.217    9.480e-06
    427,408        0.0         0.0%        -3.217    9.480e-06
    427,616        0.0         0.0%        -3.217    9.480e-06
    427,824        0.0         0.0%        -3.217    9.480e-06
    428,032        0.0         0.0%        -3.217    9.480e-06
    428,240        0.0         0.0%        -3.217    9.480e-06
    428,448        0.0         0.0%        -3.217    9.480e-06
    428,656        0.0         0.0%        -3.217    9.480e-06
    428,864        0.0         0.0%        -3.217    9.480e-06
    429,072        0.0         0.0%        -3.217    9.480e-06
    429,280        0.0         0.0%        -3.217    9.480e-06
    429,488        0.0         0.0%        -3.217    9.480e-06
    429,696        0.0         0.0%        -3.217    9.480e-06
    429,904        0.0         0.0%        -3.217    9.480e-06
    430,112        0.0         0.0%        -3.222    5.295e-06
    430,320        0.0         0.0%        -3.222    5.295e-06
    430,528        0.0         0.0%        -3.222    5.295e-06
    430,736        0.0         0.0%        -3.222    5.295e-06
    430,944        0.0         0.0%        -3.222    5.295e-06
    431,152        0.0         0.0%        -3.222    5.295e-06
    431,360        0.0         0.0%        -3.222    5.295e-06
    431,568        0.0         0.0%        -3.222    5.295e-06
    431,776        0.0         0.0%        -3.222    5.295e-06
    431,984        0.0         0.0%        -3.222    5.295e-06
    432,192        0.0         0.0%        -3.222    5.295e-06
    432,400        0.0         0.0%        -3.222    5.295e-06
    432,608        0.0         0.0%        -3.222    5.295e-06
    432,816        0.0         0.0%        -3.222    5.295e-06
    433,024        0.0         0.0%        -3.222    5.295e-06
    433,232        0.0         0.0%        -3.222    5.295e-06
    433,440        0.0         0.0%        -3.222    5.295e-06
    433,648        0.0         0.0%        -3.222    5.295e-06
    433,856        0.0         0.0%        -3.222    5.295e-06
    434,064        0.0         0.0%        -3.222    5.295e-06
    434,272        0.0         0.0%        -3.232    5.267e-06
    434,480        0.0         0.0%        -3.232    5.267e-06
    434,688        0.0         0.0%        -3.232    5.267e-06
    434,896        0.0         0.0%        -3.232    5.267e-06
    435,104        0.0         0.0%        -3.232    5.267e-06
    435,312        0.0         0.0%        -3.232    5.267e-06
    435,520        0.0         0.0%        -3.232    5.267e-06
    435,728        0.0         0.0%        -3.232    5.267e-06
    435,936        0.0         0.0%        -3.232    5.267e-06
    436,144        0.0         0.0%        -3.232    5.267e-06
    436,352        0.0         0.0%        -3.232    5.267e-06
    436,560        0.0         0.0%        -3.232    5.267e-06
    436,768        0.0         0.0%        -3.232    5.267e-06
    436,976        0.0         0.0%        -3.232    5.267e-06
    437,184        0.0         0.0%        -3.232    5.267e-06
    437,392        0.0         0.0%        -3.232    5.267e-06
    437,600        0.0         0.0%        -3.232    5.267e-06
    437,808        0.0         0.0%        -3.232    5.267e-06
    438,016        0.0         0.0%        -3.232    5.267e-06
    438,224        0.0         0.0%        -3.232    5.267e-06
    438,432        0.0         0.0%        -3.236    3.962e-06
    438,640        0.0         0.0%        -3.236    3.962e-06
    438,848        0.0         0.0%        -3.236    3.962e-06
    439,056        0.0         0.0%        -3.236    3.962e-06
    439,264        0.0         0.0%        -3.236    3.962e-06
    439,472        0.0         0.0%        -3.236    3.962e-06
    439,680        0.0         0.0%        -3.236    3.962e-06
    439,888        0.0         0.0%        -3.236    3.962e-06
    440,096        0.0         0.0%        -3.236    3.962e-06
    440,304        0.0         0.0%        -3.236    3.962e-06
    440,512        0.0         0.0%        -3.236    3.962e-06
    440,720        0.0         0.0%        -3.236    3.962e-06
    440,928        0.0         0.0%        -3.236    3.962e-06
    441,136        0.0         0.0%        -3.236    3.962e-06
    441,344        0.0         0.0%        -3.236    3.962e-06
    441,552        0.0         0.0%        -3.236    3.962e-06
    441,760        0.0         0.0%        -3.236    3.962e-06
    441,968        0.0         0.0%        -3.236    3.962e-06
    442,176        0.0         0.0%        -3.236    3.962e-06
    442,384        0.0         0.0%        -3.237    7.406e-06
    442,592        0.0         0.0%        -3.237    7.406e-06
    442,800        0.0         0.0%        -3.237    7.406e-06
    443,008        0.0         0.0%        -3.237    7.406e-06
    443,216        0.0         0.0%        -3.237    7.406e-06
    443,424        0.0         0.0%        -3.237    7.406e-06
    443,632        0.0         0.0%        -3.237    7.406e-06
    443,840        0.0         0.0%        -3.237    7.406e-06
    444,048        0.0         0.0%        -3.237    7.406e-06
    444,256        0.0         0.0%        -3.237    7.406e-06
    444,464        0.0         0.0%        -3.237    7.406e-06
    444,672        0.0         0.0%        -3.237    7.406e-06
    444,880        0.0         0.0%        -3.237    7.406e-06
    445,088        0.0         0.0%        -3.237    7.406e-06
    445,296        0.0         0.0%        -3.237    7.406e-06
    445,504        0.0         0.0%        -3.237    7.406e-06
    445,712        0.0         0.0%        -3.237    7.406e-06
    445,920        0.0         0.0%        -3.237    7.406e-06
    446,128        0.0         0.0%        -3.237    7.406e-06
    446,336        0.0         0.0%        -3.237    7.406e-06
    446,544        0.0         0.0%        -3.240    6.709e-06
    446,752        0.0         0.0%        -3.240    6.709e-06
    446,960        0.0         0.0%        -3.240    6.709e-06
    447,168        0.0         0.0%        -3.240    6.709e-06
    447,376        0.0         0.0%        -3.240    6.709e-06
    447,584        0.0         0.0%        -3.240    6.709e-06
    447,792        0.0         0.0%        -3.240    6.709e-06
    448,000        0.0         0.0%        -3.240    6.709e-06
    448,208        0.0         0.0%        -3.240    6.709e-06
    448,416        0.0         0.0%        -3.240    6.709e-06
    448,624        0.0         0.0%        -3.240    6.709e-06
    448,832        0.0         0.0%        -3.240    6.709e-06
    449,040        0.0         0.0%        -3.240    6.709e-06
    449,248        0.0         0.0%        -3.240    6.709e-06
    449,456        0.0         0.0%        -3.240    6.709e-06
    449,664        0.0         0.0%        -3.240    6.709e-06
    449,872        0.0         0.0%        -3.240    6.709e-06
    450,080        0.0         0.0%        -3.240    6.709e-06
    450,288        0.0         0.0%        -3.240    6.709e-06
    450,496        0.0         0.0%        -3.240    6.709e-06
    450,704        0.0         0.0%        -3.236    7.223e-06
    450,912        0.0         0.0%        -3.236    7.223e-06
    451,120        0.0         0.0%        -3.236    7.223e-06
    451,328        0.0         0.0%        -3.236    7.223e-06
    451,536        0.0         0.0%        -3.236    7.223e-06
    451,744        0.0         0.0%        -3.236    7.223e-06
    451,952        0.0         0.0%        -3.236    7.223e-06
    452,160        0.0         0.0%        -3.236    7.223e-06
    452,368        0.0         0.0%        -3.236    7.223e-06
    452,576        0.0         0.0%        -3.236    7.223e-06
    452,784        0.0         0.0%        -3.236    7.223e-06
    452,992        0.0         0.0%        -3.236    7.223e-06
    453,200        0.0         0.0%        -3.236    7.223e-06
    453,408        0.0         0.0%        -3.236    7.223e-06
    453,616        0.0         0.0%        -3.236    7.223e-06
    453,824        0.0         0.0%        -3.236    7.223e-06
    454,032        0.0         0.0%        -3.236    7.223e-06
    454,240        0.0         0.0%        -3.236    7.223e-06
    454,448        0.0         0.0%        -3.236    7.223e-06
    454,656        0.0         0.0%        -3.236    7.223e-06
    454,864        0.0         0.0%        -3.234    7.479e-06
    455,072        0.0         0.0%        -3.234    7.479e-06
    455,280        0.0         0.0%        -3.234    7.479e-06
    455,488        0.0         0.0%        -3.234    7.479e-06
    455,696        0.0         0.0%        -3.234    7.479e-06
    455,904        0.0         0.0%        -3.234    7.479e-06
    456,112        0.0         0.0%        -3.234    7.479e-06
    456,320        0.0         0.0%        -3.234    7.479e-06
    456,528        0.0         0.0%        -3.234    7.479e-06
    456,736        0.0         0.0%        -3.234    7.479e-06
    456,944        0.0         0.0%        -3.234    7.479e-06
    457,152        0.0         0.0%        -3.234    7.479e-06
    457,360        0.0         0.0%        -3.234    7.479e-06
    457,568        0.0         0.0%        -3.234    7.479e-06
    457,776        0.0         0.0%        -3.234    7.479e-06
    457,984        0.0         0.0%        -3.234    7.479e-06
    458,192        0.0         0.0%        -3.234    7.479e-06
    458,400        0.0         0.0%        -3.234    7.479e-06
    458,608        0.0         0.0%        -3.234    7.479e-06
    458,816        0.0         0.0%        -3.240    1.219e-05
    459,024        0.0         0.0%        -3.240    1.219e-05
    459,232        0.0         0.0%        -3.240    1.219e-05
    459,440        0.0         0.0%        -3.240    1.219e-05
    459,648        0.0         0.0%        -3.240    1.219e-05
    459,856        0.0         0.0%        -3.240    1.219e-05
    460,064        0.0         0.0%        -3.240    1.219e-05
    460,272        0.0         0.0%        -3.240    1.219e-05
    460,480        0.0         0.0%        -3.240    1.219e-05
    460,688        0.0         0.0%        -3.240    1.219e-05
    460,896        0.0         0.0%        -3.240    1.219e-05
    461,104        0.0         0.0%        -3.240    1.219e-05
    461,312        0.0         0.0%        -3.240    1.219e-05
    461,520        0.0         0.0%        -3.240    1.219e-05
    461,728        0.0         0.0%        -3.240    1.219e-05
    461,936        0.0         0.0%        -3.240    1.219e-05
    462,144        0.0         0.0%        -3.240    1.219e-05
    462,352        0.0         0.0%        -3.240    1.219e-05
    462,560        0.0         0.0%        -3.240    1.219e-05
    462,768        0.0         0.0%        -3.240    1.219e-05
    462,976        0.0         0.0%        -3.255    9.357e-06
    463,184        0.0         0.0%        -3.255    9.357e-06
    463,392        0.0         0.0%        -3.255    9.357e-06
    463,600        0.0         0.0%        -3.255    9.357e-06
    463,808        0.0         0.0%        -3.255    9.357e-06
    464,016        0.0         0.0%        -3.255    9.357e-06
    464,224        0.0         0.0%        -3.255    9.357e-06
    464,432        0.0         0.0%        -3.255    9.357e-06
    464,640        0.0         0.0%        -3.255    9.357e-06
    464,848        0.0         0.0%        -3.255    9.357e-06
    465,056        0.0         0.0%        -3.255    9.357e-06
    465,264        0.0         0.0%        -3.255    9.357e-06
    465,472        0.0         0.0%        -3.255    9.357e-06
    465,680        0.0         0.0%        -3.255    9.357e-06
    465,888        0.0         0.0%        -3.255    9.357e-06
    466,096        0.0         0.0%        -3.255    9.357e-06
    466,304        0.0         0.0%        -3.255    9.357e-06
    466,512        0.0         0.0%        -3.255    9.357e-06
    466,720        0.0         0.0%        -3.255    9.357e-06
    466,928        0.0         0.0%        -3.255    9.357e-06
    467,136        0.0         0.0%        -3.263    1.013e-05
    467,344        0.0         0.0%        -3.263    1.013e-05
    467,552        0.0         0.0%        -3.263    1.013e-05
    467,760        0.0         0.0%        -3.263    1.013e-05
    467,968        0.0         0.0%        -3.263    1.013e-05
    468,176        0.0         0.0%        -3.263    1.013e-05
    468,384        0.0         0.0%        -3.263    1.013e-05
    468,592        0.0         0.0%        -3.263    1.013e-05
    468,800        0.0         0.0%        -3.263    1.013e-05
    469,008        0.0         0.0%        -3.263    1.013e-05
    469,216        0.0         0.0%        -3.263    1.013e-05
    469,424        0.0         0.0%        -3.263    1.013e-05
    469,632        0.0         0.0%        -3.263    1.013e-05
    469,840        0.0         0.0%        -3.263    1.013e-05
    470,048        0.0         0.0%        -3.263    1.013e-05
    470,256        0.0         0.0%        -3.263    1.013e-05
    470,464        0.0         0.0%        -3.263    1.013e-05
    470,672        0.0         0.0%        -3.263    1.013e-05
    470,880        0.0         0.0%        -3.263    1.013e-05
    471,088        0.0         0.0%        -3.271    2.370e-05
    471,296        0.0         0.0%        -3.271    2.370e-05
    471,504        0.0         0.0%        -3.271    2.370e-05
    471,712        0.0         0.0%        -3.271    2.370e-05
    471,920        0.0         0.0%        -3.271    2.370e-05
    472,128        0.0         0.0%        -3.271    2.370e-05
    472,336        0.0         0.0%        -3.271    2.370e-05
    472,544        0.0         0.0%        -3.271    2.370e-05
    472,752        0.0         0.0%        -3.271    2.370e-05
    472,960        0.0         0.0%        -3.271    2.370e-05
    473,168        0.0         0.0%        -3.271    2.370e-05
    473,376        0.0         0.0%        -3.271    2.370e-05
    473,584        0.0         0.0%        -3.271    2.370e-05
    473,792        0.0         0.0%        -3.271    2.370e-05
    474,000        0.0         0.0%        -3.271    2.370e-05
    474,208        0.0         0.0%        -3.271    2.370e-05
    474,416        0.0         0.0%        -3.271    2.370e-05
    474,624        0.0         0.0%        -3.271    2.370e-05
    474,832        0.0         0.0%        -3.271    2.370e-05
    475,040        0.0         0.0%        -3.271    2.370e-05
    475,248        0.0         0.0%        -3.277    1.298e-05
    475,456        0.0         0.0%        -3.277    1.298e-05
    475,664        0.0         0.0%        -3.277    1.298e-05
    475,872        0.0         0.0%        -3.277    1.298e-05
    476,080        0.0         0.0%        -3.277    1.298e-05
    476,288        0.0         0.0%        -3.277    1.298e-05
    476,496        0.0         0.0%        -3.277    1.298e-05
    476,704        0.0         0.0%        -3.277    1.298e-05
    476,912        0.0         0.0%        -3.277    1.298e-05
    477,120        0.0         0.0%        -3.277    1.298e-05
    477,328        0.0         0.0%        -3.277    1.298e-05
    477,536        0.0         0.0%        -3.277    1.298e-05
    477,744        0.0         0.0%        -3.277    1.298e-05
    477,952        0.0         0.0%        -3.277    1.298e-05
    478,160        0.0         0.0%        -3.277    1.298e-05
    478,368        0.0         0.0%        -3.277    1.298e-05
    478,576        0.0         0.0%        -3.277    1.298e-05
    478,784        0.0         0.0%        -3.277    1.298e-05
    478,992        0.0         0.0%        -3.277    1.298e-05
    479,200        0.0         0.0%        -3.277    1.298e-05
    479,408        0.0         0.0%        -3.280    1.769e-05
    479,616        0.0         0.0%        -3.280    1.769e-05
    479,824        0.0         0.0%        -3.280    1.769e-05
    480,032        0.0         0.0%        -3.280    1.769e-05
    480,240        0.0         0.0%        -3.280    1.769e-05
    480,448        0.0         0.0%        -3.280    1.769e-05
    480,656        0.0         0.0%        -3.280    1.769e-05
    480,864        0.0         0.0%        -3.280    1.769e-05
    481,072        0.0         0.0%        -3.280    1.769e-05
    481,280        0.0         0.0%        -3.280    1.769e-05
    481,488        0.0         0.0%        -3.280    1.769e-05
    481,696        0.0         0.0%        -3.280    1.769e-05
    481,904        0.0         0.0%        -3.280    1.769e-05
    482,112        0.0         0.0%        -3.280    1.769e-05
    482,320        0.0         0.0%        -3.280    1.769e-05
    482,528        0.0         0.0%        -3.280    1.769e-05
    482,736        0.0         0.0%        -3.280    1.769e-05
    482,944        0.0         0.0%        -3.280    1.769e-05
    483,152        0.0         0.0%        -3.280    1.769e-05
    483,360        0.0         0.0%        -3.283    1.640e-05
    483,568        0.0         0.0%        -3.283    1.640e-05
    483,776        0.0         0.0%        -3.283    1.640e-05
    483,984        0.0         0.0%        -3.283    1.640e-05
    484,192        0.0         0.0%        -3.283    1.640e-05
    484,400        0.0         0.0%        -3.283    1.640e-05
    484,608        0.0         0.0%        -3.283    1.640e-05
    484,816        0.0         0.0%        -3.283    1.640e-05
    485,024        0.0         0.0%        -3.283    1.640e-05
    485,232        0.0         0.0%        -3.283    1.640e-05
    485,440        0.0         0.0%        -3.283    1.640e-05
    485,648        0.0         0.0%        -3.283    1.640e-05
    485,856        0.0         0.0%        -3.283    1.640e-05
    486,064        0.0         0.0%        -3.283    1.640e-05
    486,272        0.0         0.0%        -3.283    1.640e-05
    486,480        0.0         0.0%        -3.283    1.640e-05
    486,688        0.0         0.0%        -3.283    1.640e-05
    486,896        0.0         0.0%        -3.283    1.640e-05
    487,104        0.0         0.0%        -3.283    1.640e-05
    487,312        0.0         0.0%        -3.283    1.640e-05
    487,520        0.0         0.0%        -3.287    1.558e-05
    487,728        0.0         0.0%        -3.287    1.558e-05
    487,936        0.0         0.0%        -3.287    1.558e-05
    488,144        0.0         0.0%        -3.287    1.558e-05
    488,352        0.0         0.0%        -3.287    1.558e-05
    488,560        0.0         0.0%        -3.287    1.558e-05
    488,768        0.0         0.0%        -3.287    1.558e-05
    488,976        0.0         0.0%        -3.287    1.558e-05
    489,184        0.0         0.0%        -3.287    1.558e-05
    489,392        0.0         0.0%        -3.287    1.558e-05
    489,600        0.0         0.0%        -3.287    1.558e-05
    489,808        0.0         0.0%        -3.287    1.558e-05
    490,016        0.0         0.0%        -3.287    1.558e-05
    490,224        0.0         0.0%        -3.287    1.558e-05
    490,432        0.0         0.0%        -3.287    1.558e-05
    490,640        0.0         0.0%        -3.287    1.558e-05
    490,848        0.0         0.0%        -3.287    1.558e-05
    491,056        0.0         0.0%        -3.287    1.558e-05
    491,264        0.0         0.0%        -3.287    1.558e-05
    491,472        0.0         0.0%        -3.287    1.558e-05
    491,680        0.0         0.0%        -3.294    1.843e-05
    491,888        0.0         0.0%        -3.294    1.843e-05
    492,096        0.0         0.0%        -3.294    1.843e-05
    492,304        0.0         0.0%        -3.294    1.843e-05
    492,512        0.0         0.0%        -3.294    1.843e-05
    492,720        0.0         0.0%        -3.294    1.843e-05
    492,928        0.0         0.0%        -3.294    1.843e-05
    493,136        0.0         0.0%        -3.294    1.843e-05
    493,344        0.0         0.0%        -3.294    1.843e-05
    493,552        0.0         0.0%        -3.294    1.843e-05
    493,760        0.0         0.0%        -3.294    1.843e-05
    493,968        0.0         0.0%        -3.294    1.843e-05
    494,176        0.0         0.0%        -3.294    1.843e-05
    494,384        0.0         0.0%        -3.294    1.843e-05
    494,592        0.0         0.0%        -3.294    1.843e-05
    494,800        0.0         0.0%        -3.294    1.843e-05
    495,008        0.0         0.0%        -3.294    1.843e-05
    495,216        0.0         0.0%        -3.294    1.843e-05
    495,424        0.0         0.0%        -3.294    1.843e-05
    495,632        0.0         0.0%        -3.302    2.204e-05
    495,840        0.0         0.0%        -3.302    2.204e-05
    496,048        0.0         0.0%        -3.302    2.204e-05
    496,256        0.0         0.0%        -3.302    2.204e-05
    496,464        0.0         0.0%        -3.302    2.204e-05
    496,672        0.0         0.0%        -3.302    2.204e-05
    496,880        0.0         0.0%        -3.302    2.204e-05
    497,088        0.0         0.0%        -3.302    2.204e-05
    497,296        0.0         0.0%        -3.302    2.204e-05
    497,504        0.0         0.0%        -3.302    2.204e-05
    497,712        0.0         0.0%        -3.302    2.204e-05
    497,920        0.0         0.0%        -3.302    2.204e-05
    498,128        0.0         0.0%        -3.302    2.204e-05
    498,336        0.0         0.0%        -3.302    2.204e-05
    498,544        0.0         0.0%        -3.302    2.204e-05
    498,752        0.0         0.0%        -3.302    2.204e-05
    498,960        0.0         0.0%        -3.302    2.204e-05
    499,168        0.0         0.0%        -3.302    2.204e-05
    499,376        0.0         0.0%        -3.302    2.204e-05
    499,584        0.0         0.0%        -3.302    2.204e-05
    499,792        0.0         0.0%        -3.304    3.761e-05
    500,000        0.0         0.0%        -3.304    3.761e-05
    500,208        0.0         0.0%        -3.304    3.761e-05
    500,416        0.0         0.0%        -3.304    3.761e-05
    500,624        0.0         0.0%        -3.304    3.761e-05
    500,832        0.0         0.0%        -3.304    3.761e-05
    501,040        0.0         0.0%        -3.304    3.761e-05
    501,248        0.0         0.0%        -3.304    3.761e-05
    501,456        0.0         0.0%        -3.304    3.761e-05
    501,664        0.0         0.0%        -3.304    3.761e-05
    501,872        0.0         0.0%        -3.304    3.761e-05
    502,080        0.0         0.0%        -3.304    3.761e-05
    502,288        0.0         0.0%        -3.304    3.761e-05
    502,496        0.0         0.0%        -3.304    3.761e-05
    502,704        0.0         0.0%        -3.304    3.761e-05
    502,912        0.0         0.0%        -3.304    3.761e-05
    503,120        0.0         0.0%        -3.304    3.761e-05
    503,328        0.0         0.0%        -3.304    3.761e-05
    503,536        0.0         0.0%        -3.304    3.761e-05
    503,744        0.0         0.0%        -3.304    3.761e-05
    503,952        0.0         0.0%        -3.301    3.230e-05
    504,160        0.0         0.0%        -3.301    3.230e-05
    504,368        0.0         0.0%        -3.301    3.230e-05
    504,576        0.0         0.0%        -3.301    3.230e-05
    504,784        0.0         0.0%        -3.301    3.230e-05
    504,992        0.0         0.0%        -3.301    3.230e-05
    505,200        0.0         0.0%        -3.301    3.230e-05
    505,408        0.0         0.0%        -3.301    3.230e-05
    505,616        0.0         0.0%        -3.301    3.230e-05
    505,824        0.0         0.0%        -3.301    3.230e-05
    506,032        0.0         0.0%        -3.301    3.230e-05
    506,240        0.0         0.0%        -3.301    3.230e-05
    506,448        0.0         0.0%        -3.301    3.230e-05
    506,656        0.0         0.0%        -3.301    3.230e-05
    506,864        0.0         0.0%        -3.301    3.230e-05
    507,072        0.0         0.0%        -3.301    3.230e-05
    507,280        0.0         0.0%        -3.301    3.230e-05
    507,488        0.0         0.0%        -3.301    3.230e-05
    507,696        0.0         0.0%        -3.301    3.230e-05
    507,904        0.0         0.0%        -3.301    3.230e-05
    508,112        0.0         0.0%        -3.296    6.837e-05
    508,320        0.0         0.0%        -3.296    6.837e-05
    508,528        0.0         0.0%        -3.296    6.837e-05
    508,736        0.0         0.0%        -3.296    6.837e-05
    508,944        0.0         0.0%        -3.296    6.837e-05
    509,152        0.0         0.0%        -3.296    6.837e-05
    509,360        0.0         0.0%        -3.296    6.837e-05
    509,568        0.0         0.0%        -3.296    6.837e-05
    509,776        0.0         0.0%        -3.296    6.837e-05
    509,984        0.0         0.0%        -3.296    6.837e-05
    510,192        0.0         0.0%        -3.296    6.837e-05
    510,400        0.0         0.0%        -3.296    6.837e-05
    510,608        0.0         0.0%        -3.296    6.837e-05
    510,816        0.0         0.0%        -3.296    6.837e-05
    511,024        0.0         0.0%        -3.296    6.837e-05
    511,232        0.0         0.0%        -3.296    6.837e-05
    511,440        0.0         0.0%        -3.296    6.837e-05
    511,648        0.0         0.0%        -3.296    6.837e-05
    511,856        0.0         0.0%        -3.296    6.837e-05
    512,064        0.0         0.0%        -3.307    4.624e-05
    512,272        0.0         0.0%        -3.307    4.624e-05
    512,480        0.0         0.0%        -3.307    4.624e-05
    512,688        0.0         0.0%        -3.307    4.624e-05
    512,896        0.0         0.0%        -3.307    4.624e-05
    513,104        0.0         0.0%        -3.307    4.624e-05
    513,312        0.0         0.0%        -3.307    4.624e-05
    513,520        0.0         0.0%        -3.307    4.624e-05
    513,728        0.0         0.0%        -3.307    4.624e-05
    513,936        0.0         0.0%        -3.307    4.624e-05
    514,144        0.0         0.0%        -3.307    4.624e-05
    514,352        0.0         0.0%        -3.307    4.624e-05
    514,560        0.0         0.0%        -3.307    4.624e-05
    514,768        0.0         0.0%        -3.307    4.624e-05
    514,976        0.0         0.0%        -3.307    4.624e-05
    515,184        0.0         0.0%        -3.307    4.624e-05
    515,392        0.0         0.0%        -3.307    4.624e-05
    515,600        0.0         0.0%        -3.307    4.624e-05
    515,808        0.0         0.0%        -3.307    4.624e-05
    516,016        0.0         0.0%        -3.307    4.624e-05
    516,224        0.0         0.0%        -3.324    5.480e-05
    516,432        0.0         0.0%        -3.324    5.480e-05
    516,640        0.0         0.0%        -3.324    5.480e-05
    516,848        0.0         0.0%        -3.324    5.480e-05
    517,056        0.0         0.0%        -3.324    5.480e-05
    517,264        0.0         0.0%        -3.324    5.480e-05
    517,472        0.0         0.0%        -3.324    5.480e-05
    517,680        0.0         0.0%        -3.324    5.480e-05
    517,888        0.0         0.0%        -3.324    5.480e-05
    518,096        0.0         0.0%        -3.324    5.480e-05
    518,304        0.0         0.0%        -3.324    5.480e-05
    518,512        0.0         0.0%        -3.324    5.480e-05
    518,720        0.0         0.0%        -3.324    5.480e-05
    518,928        0.0         0.0%        -3.324    5.480e-05
    519,136        0.0         0.0%        -3.324    5.480e-05
    519,344        0.0         0.0%        -3.324    5.480e-05
    519,552        0.0         0.0%        -3.324    5.480e-05
    519,760        0.0         0.0%        -3.324    5.480e-05
    519,968        0.0         0.0%        -3.324    5.480e-05
    520,176        0.0         0.0%        -3.324    5.480e-05
    520,384        0.0         0.0%        -3.325    5.590e-05
    520,592        0.0         0.0%        -3.325    5.590e-05
    520,800        0.0         0.0%        -3.325    5.590e-05
    521,008        0.0         0.0%        -3.325    5.590e-05
    521,216        0.0         0.0%        -3.325    5.590e-05
    521,424        0.0         0.0%        -3.325    5.590e-05
    521,632        0.0         0.0%        -3.325    5.590e-05
    521,840        0.0         0.0%        -3.325    5.590e-05
    522,048        0.0         0.0%        -3.325    5.590e-05
    522,256        0.0         0.0%        -3.325    5.590e-05
    522,464        0.0         0.0%        -3.325    5.590e-05
    522,672        0.0         0.0%        -3.325    5.590e-05
    522,880        0.0         0.0%        -3.325    5.590e-05
    523,088        0.0         0.0%        -3.325    5.590e-05
    523,296        0.0         0.0%        -3.325    5.590e-05
    523,504        0.0         0.0%        -3.325    5.590e-05
    523,712        0.0         0.0%        -3.325    5.590e-05
    523,920        0.0         0.0%        -3.325    5.590e-05
    524,128        0.0         0.0%        -3.325    5.590e-05
    524,336        0.0         0.0%        -3.322    4.323e-05
    524,544        0.0         0.0%        -3.322    4.323e-05
    524,752        0.0         0.0%        -3.322    4.323e-05
    524,960        0.0         0.0%        -3.322    4.323e-05
    525,168        0.0         0.0%        -3.322    4.323e-05
    525,376        0.0         0.0%        -3.322    4.323e-05
    525,584        0.0         0.0%        -3.322    4.323e-05
    525,792        0.0         0.0%        -3.322    4.323e-05
    526,000        0.0         0.0%        -3.322    4.323e-05
    526,208        0.0         0.0%        -3.322    4.323e-05
    526,416        0.0         0.0%        -3.322    4.323e-05
    526,624        0.0         0.0%        -3.322    4.323e-05
    526,832        0.0         0.0%        -3.322    4.323e-05
    527,040        0.0         0.0%        -3.322    4.323e-05
    527,248        0.0         0.0%        -3.322    4.323e-05
    527,456        0.0         0.0%        -3.322    4.323e-05
    527,664        0.0         0.0%        -3.322    4.323e-05
    527,872        0.0         0.0%        -3.322    4.323e-05
    528,080        0.0         0.0%        -3.322    4.323e-05
    528,288        0.0         0.0%        -3.322    4.323e-05
    528,496        0.0         0.0%        -3.330    5.152e-05
    528,704        0.0         0.0%        -3.330    5.152e-05
    528,912        0.0         0.0%        -3.330    5.152e-05
    529,120        0.0         0.0%        -3.330    5.152e-05
    529,328        0.0         0.0%        -3.330    5.152e-05
    529,536        0.0         0.0%        -3.330    5.152e-05
    529,744        0.0         0.0%        -3.330    5.152e-05
    529,952        0.0         0.0%        -3.330    5.152e-05
    530,160        0.0         0.0%        -3.330    5.152e-05
    530,368        0.0         0.0%        -3.330    5.152e-05
    530,576        0.0         0.0%        -3.330    5.152e-05
    530,784        0.0         0.0%        -3.330    5.152e-05
    530,992        0.0         0.0%        -3.330    5.152e-05
    531,200        0.0         0.0%        -3.330    5.152e-05
    531,408        0.0         0.0%        -3.330    5.152e-05
    531,616        0.0         0.0%        -3.330    5.152e-05
    531,824        0.0         0.0%        -3.330    5.152e-05
    532,032        0.0         0.0%        -3.330    5.152e-05
    532,240        0.0         0.0%        -3.330    5.152e-05
    532,448        0.0         0.0%        -3.330    5.152e-05
    532,656        0.0         0.0%        -3.337    4.454e-05
    532,864        0.0         0.0%        -3.337    4.454e-05
    533,072        0.0         0.0%        -3.337    4.454e-05
    533,280        0.0         0.0%        -3.337    4.454e-05
    533,488        0.0         0.0%        -3.337    4.454e-05
    533,696        0.0         0.0%        -3.337    4.454e-05
    533,904        0.0         0.0%        -3.337    4.454e-05
    534,112        0.0         0.0%        -3.337    4.454e-05
    534,320        0.0         0.0%        -3.337    4.454e-05
    534,528        0.0         0.0%        -3.337    4.454e-05
    534,736        0.0         0.0%        -3.337    4.454e-05
    534,944        0.0         0.0%        -3.337    4.454e-05
    535,152        0.0         0.0%        -3.337    4.454e-05
    535,360        0.0         0.0%        -3.337    4.454e-05
    535,568        0.0         0.0%        -3.337    4.454e-05
    535,776        0.0         0.0%        -3.337    4.454e-05
    535,984        0.0         0.0%        -3.337    4.454e-05
    536,192        0.0         0.0%        -3.337    4.454e-05
    536,400        0.0         0.0%        -3.337    4.454e-05
    536,608        0.0         0.0%        -3.331    4.807e-05
    536,816        0.0         0.0%        -3.331    4.807e-05
    537,024        0.0         0.0%        -3.331    4.807e-05
    537,232        0.0         0.0%        -3.331    4.807e-05
    537,440        0.0         0.0%        -3.331    4.807e-05
    537,648        0.0         0.0%        -3.331    4.807e-05
    537,856        0.0         0.0%        -3.331    4.807e-05
    538,064        0.0         0.0%        -3.331    4.807e-05
    538,272        0.0         0.0%        -3.331    4.807e-05
    538,480        0.0         0.0%        -3.331    4.807e-05
    538,688        0.0         0.0%        -3.331    4.807e-05
    538,896        0.0         0.0%        -3.331    4.807e-05
    539,104        0.0         0.0%        -3.331    4.807e-05
    539,312        0.0         0.0%        -3.331    4.807e-05
    539,520        0.0         0.0%        -3.331    4.807e-05
    539,728        0.0         0.0%        -3.331    4.807e-05
    539,936        0.0         0.0%        -3.331    4.807e-05
    540,144        0.0         0.0%        -3.331    4.807e-05
    540,352        0.0         0.0%        -3.331    4.807e-05
    540,560        0.0         0.0%        -3.331    4.807e-05
    540,768        0.0         0.0%        -3.328    8.403e-05
    540,976        0.0         0.0%        -3.328    8.403e-05
    541,184        0.0         0.0%        -3.328    8.403e-05
    541,392        0.0         0.0%        -3.328    8.403e-05
    541,600        0.0         0.0%        -3.328    8.403e-05
    541,808        0.0         0.0%        -3.328    8.403e-05
    542,016        0.0         0.0%        -3.328    8.403e-05
    542,224        0.0         0.0%        -3.328    8.403e-05
    542,432        0.0         0.0%        -3.328    8.403e-05
    542,640        0.0         0.0%        -3.328    8.403e-05
    542,848        0.0         0.0%        -3.328    8.403e-05
    543,056        0.0         0.0%        -3.328    8.403e-05
    543,264        0.0         0.0%        -3.328    8.403e-05
    543,472        0.0         0.0%        -3.328    8.403e-05
    543,680        0.0         0.0%        -3.328    8.403e-05
    543,888        0.0         0.0%        -3.328    8.403e-05
    544,096        0.0         0.0%        -3.328    8.403e-05
    544,304        0.0         0.0%        -3.328    8.403e-05
    544,512        0.0         0.0%        -3.328    8.403e-05
    544,720        0.0         0.0%        -3.328    8.403e-05
    544,928        0.0         0.0%        -3.328    7.443e-05
    545,136        0.0         0.0%        -3.328    7.443e-05
    545,344        0.0         0.0%        -3.328    7.443e-05
    545,552        0.0         0.0%        -3.328    7.443e-05
    545,760        0.0         0.0%        -3.328    7.443e-05
    545,968        0.0         0.0%        -3.328    7.443e-05
    546,176        0.0         0.0%        -3.328    7.443e-05
    546,384        0.0         0.0%        -3.328    7.443e-05
    546,592        0.0         0.0%        -3.328    7.443e-05
    546,800        0.0         0.0%        -3.328    7.443e-05
    547,008        0.0         0.0%        -3.328    7.443e-05
    547,216        0.0         0.0%        -3.328    7.443e-05
    547,424        0.0         0.0%        -3.328    7.443e-05
    547,632        0.0         0.0%        -3.328    7.443e-05
    547,840        0.0         0.0%        -3.328    7.443e-05
    548,048        0.0         0.0%        -3.328    7.443e-05
    548,256        0.0         0.0%        -3.328    7.443e-05
    548,464        0.0         0.0%        -3.328    7.443e-05
    548,672        0.0         0.0%        -3.328    7.443e-05
    548,880        0.0         0.0%        -3.327    7.878e-05
    549,088        0.0         0.0%        -3.327    7.878e-05
    549,296        0.0         0.0%        -3.327    7.878e-05
    549,504        0.0         0.0%        -3.327    7.878e-05
    549,712        0.0         0.0%        -3.327    7.878e-05
    549,920        0.0         0.0%        -3.327    7.878e-05
    550,128        0.0         0.0%        -3.327    7.878e-05
    550,336        0.0         0.0%        -3.327    7.878e-05
    550,544        0.0         0.0%        -3.327    7.878e-05
    550,752        0.0         0.0%        -3.327    7.878e-05
    550,960        0.0         0.0%        -3.327    7.878e-05
    551,168        0.0         0.0%        -3.327    7.878e-05
    551,376        0.0         0.0%        -3.327    7.878e-05
    551,584        0.0         0.0%        -3.327    7.878e-05
    551,792        0.0         0.0%        -3.327    7.878e-05
    552,000        0.0         0.0%        -3.327    7.878e-05
    552,208        0.0         0.0%        -3.327    7.878e-05
    552,416        0.0         0.0%        -3.327    7.878e-05
    552,624        0.0         0.0%        -3.327    7.878e-05
    552,832        0.0         0.0%        -3.327    7.878e-05
    553,040        0.0         0.0%        -3.326    9.359e-05
    553,248        0.0         0.0%        -3.326    9.359e-05
    553,456        0.0         0.0%        -3.326    9.359e-05
    553,664        0.0         0.0%        -3.326    9.359e-05
    553,872        0.0         0.0%        -3.326    9.359e-05
    554,080        0.0         0.0%        -3.326    9.359e-05
    554,288        0.0         0.0%        -3.326    9.359e-05
    554,496        0.0         0.0%        -3.326    9.359e-05
    554,704        0.0         0.0%        -3.326    9.359e-05
    554,912        0.0         0.0%        -3.326    9.359e-05
    555,120        0.0         0.0%        -3.326    9.359e-05
    555,328        0.0         0.0%        -3.326    9.359e-05
    555,536        0.0         0.0%        -3.326    9.359e-05
    555,744        0.0         0.0%        -3.326    9.359e-05
    555,952        0.0         0.0%        -3.326    9.359e-05
    556,160        0.0         0.0%        -3.326    9.359e-05
    556,368        0.0         0.0%        -3.326    9.359e-05
    556,576        0.0         0.0%        -3.326    9.359e-05
    556,784        0.0         0.0%        -3.326    9.359e-05
    556,992        0.0         0.0%        -3.326    9.359e-05
    557,200        0.0         0.0%        -3.323    1.016e-04
    557,408        0.0         0.0%        -3.323    1.016e-04
    557,616        0.0         0.0%        -3.323    1.016e-04
    557,824        0.0         0.0%        -3.323    1.016e-04
    558,032        0.0         0.0%        -3.323    1.016e-04
    558,240        0.0         0.0%        -3.323    1.016e-04
    558,448        0.0         0.0%        -3.323    1.016e-04
    558,656        0.0         0.0%        -3.323    1.016e-04
    558,864        0.0         0.0%        -3.323    1.016e-04
    559,072        0.0         0.0%        -3.323    1.016e-04
    559,280        0.0         0.0%        -3.323    1.016e-04
    559,488        0.0         0.0%        -3.323    1.016e-04
    559,696        0.0         0.0%        -3.323    1.016e-04
    559,904        0.0         0.0%        -3.323    1.016e-04
    560,112        0.0         0.0%        -3.323    1.016e-04
    560,320        0.0         0.0%        -3.323    1.016e-04
    560,528        0.0         0.0%        -3.323    1.016e-04
    560,736        0.0         0.0%        -3.323    1.016e-04
    560,944        0.0         0.0%        -3.323    1.016e-04
    561,152        0.0         0.0%        -3.323    1.016e-04
    561,360        0.0         0.0%        -3.323    1.227e-04
    561,568        0.0         0.0%        -3.323    1.227e-04
    561,776        0.0         0.0%        -3.323    1.227e-04
    561,984        0.0         0.0%        -3.323    1.227e-04
    562,192        0.0         0.0%        -3.323    1.227e-04
    562,400        0.0         0.0%        -3.323    1.227e-04
    562,608        0.0         0.0%        -3.323    1.227e-04
    562,816        0.0         0.0%        -3.323    1.227e-04
    563,024        0.0         0.0%        -3.323    1.227e-04
    563,232        0.0         0.0%        -3.323    1.227e-04
    563,440        0.0         0.0%        -3.323    1.227e-04
    563,648        0.0         0.0%        -3.323    1.227e-04
    563,856        0.0         0.0%        -3.323    1.227e-04
    564,064        0.0         0.0%        -3.323    1.227e-04
    564,272        0.0         0.0%        -3.323    1.227e-04
    564,480        0.0         0.0%        -3.323    1.227e-04
    564,688        0.0         0.0%        -3.323    1.227e-04
    564,896        0.0         0.0%        -3.323    1.227e-04
    565,104        0.0         0.0%        -3.323    1.227e-04
    565,312        0.0         0.0%        -3.318    8.067e-05
    565,520        0.0         0.0%        -3.318    8.067e-05
    565,728        0.0         0.0%        -3.318    8.067e-05
    565,936        0.0         0.0%        -3.318    8.067e-05
    566,144        0.0         0.0%        -3.318    8.067e-05
    566,352        0.0         0.0%        -3.318    8.067e-05
    566,560        0.0         0.0%        -3.318    8.067e-05
    566,768        0.0         0.0%        -3.318    8.067e-05
    566,976        0.0         0.0%        -3.318    8.067e-05
    567,184        0.0         0.0%        -3.318    8.067e-05
    567,392        0.0         0.0%        -3.318    8.067e-05
    567,600        0.0         0.0%        -3.318    8.067e-05
    567,808        0.0         0.0%        -3.318    8.067e-05
    568,016        0.0         0.0%        -3.318    8.067e-05
    568,224        0.0         0.0%        -3.318    8.067e-05
    568,432        0.0         0.0%        -3.318    8.067e-05
    568,640        0.0         0.0%        -3.318    8.067e-05
    568,848        0.0         0.0%        -3.318    8.067e-05
    569,056        0.0         0.0%        -3.318    8.067e-05
    569,264        0.0         0.0%        -3.318    8.067e-05
    569,472        0.0         0.0%        -3.319    9.127e-05
    569,680        0.0         0.0%        -3.319    9.127e-05
    569,888        0.0         0.0%        -3.319    9.127e-05
    570,096        0.0         0.0%        -3.319    9.127e-05
    570,304        0.0         0.0%        -3.319    9.127e-05
    570,512        0.0         0.0%        -3.319    9.127e-05
    570,720        0.0         0.0%        -3.319    9.127e-05
    570,928        0.0         0.0%        -3.319    9.127e-05
    571,136        0.0         0.0%        -3.319    9.127e-05
    571,344        0.0         0.0%        -3.319    9.127e-05
    571,552        0.0         0.0%        -3.319    9.127e-05
    571,760        0.0         0.0%        -3.319    9.127e-05
    571,968        0.0         0.0%        -3.319    9.127e-05
    572,176        0.0         0.0%        -3.319    9.127e-05
    572,384        0.0         0.0%        -3.319    9.127e-05
    572,592        0.0         0.0%        -3.319    9.127e-05
    572,800        0.0         0.0%        -3.319    9.127e-05
    573,008        0.0         0.0%        -3.319    9.127e-05
    573,216        0.0         0.0%        -3.319    9.127e-05
    573,424        0.0         0.0%        -3.319    9.127e-05
    573,632        0.0         0.0%        -3.332    5.736e-05
    573,840        0.0         0.0%        -3.332    5.736e-05
    574,048        0.0         0.0%        -3.332    5.736e-05
    574,256        0.0         0.0%        -3.332    5.736e-05
    574,464        0.0         0.0%        -3.332    5.736e-05
    574,672        0.0         0.0%        -3.332    5.736e-05
    574,880        0.0         0.0%        -3.332    5.736e-05
    575,088        0.0         0.0%        -3.332    5.736e-05
    575,296        0.0         0.0%        -3.332    5.736e-05
    575,504        0.0         0.0%        -3.332    5.736e-05
    575,712        0.0         0.0%        -3.332    5.736e-05
    575,920        0.0         0.0%        -3.332    5.736e-05
    576,128        0.0         0.0%        -3.332    5.736e-05
    576,336        0.0         0.0%        -3.332    5.736e-05
    576,544        0.0         0.0%        -3.332    5.736e-05
    576,752        0.0         0.0%        -3.332    5.736e-05
    576,960        0.0         0.0%        -3.332    5.736e-05
    577,168        0.0         0.0%        -3.332    5.736e-05
    577,376        0.0         0.0%        -3.332    5.736e-05
    577,584        0.0         0.0%        -3.343    6.774e-05
    577,792        0.0         0.0%        -3.343    6.774e-05
    578,000        0.0         0.0%        -3.343    6.774e-05
    578,208        0.0         0.0%        -3.343    6.774e-05
    578,416        0.0         0.0%        -3.343    6.774e-05
    578,624        0.0         0.0%        -3.343    6.774e-05
    578,832        0.0         0.0%        -3.343    6.774e-05
    579,040        0.0         0.0%        -3.343    6.774e-05
    579,248        0.0         0.0%        -3.343    6.774e-05
    579,456        0.0         0.0%        -3.343    6.774e-05
    579,664        0.0         0.0%        -3.343    6.774e-05
    579,872        0.0         0.0%        -3.343    6.774e-05
    580,080        0.0         0.0%        -3.343    6.774e-05
    580,288        0.0         0.0%        -3.343    6.774e-05
    580,496        0.0         0.0%        -3.343    6.774e-05
    580,704        0.0         0.0%        -3.343    6.774e-05
    580,912        0.0         0.0%        -3.343    6.774e-05
    581,120        0.0         0.0%        -3.343    6.774e-05
    581,328        0.0         0.0%        -3.343    6.774e-05
    581,536        0.0         0.0%        -3.343    6.774e-05
    581,744        0.0         0.0%        -3.343    1.187e-04
    581,952        0.0         0.0%        -3.343    1.187e-04
    582,160        0.0         0.0%        -3.343    1.187e-04
    582,368        0.0         0.0%        -3.343    1.187e-04
    582,576        0.0         0.0%        -3.343    1.187e-04
    582,784        0.0         0.0%        -3.343    1.187e-04
    582,992        0.0         0.0%        -3.343    1.187e-04
    583,200        0.0         0.0%        -3.343    1.187e-04
    583,408        0.0         0.0%        -3.343    1.187e-04
    583,616        0.0         0.0%        -3.343    1.187e-04
    583,824        0.0         0.0%        -3.343    1.187e-04
    584,032        0.0         0.0%        -3.343    1.187e-04
    584,240        0.0         0.0%        -3.343    1.187e-04
    584,448        0.0         0.0%        -3.343    1.187e-04
    584,656        0.0         0.0%        -3.343    1.187e-04
    584,864        0.0         0.0%        -3.343    1.187e-04
    585,072        0.0         0.0%        -3.343    1.187e-04
    585,280        0.0         0.0%        -3.343    1.187e-04
    585,488        0.0         0.0%        -3.343    1.187e-04
    585,696        0.0         0.0%        -3.343    1.187e-04
    585,904        0.0         0.0%        -3.335    6.950e-05
    586,112        0.0         0.0%        -3.335    6.950e-05
    586,320        0.0         0.0%        -3.335    6.950e-05
    586,528        0.0         0.0%        -3.335    6.950e-05
    586,736        0.0         0.0%        -3.335    6.950e-05
    586,944        0.0         0.0%        -3.335    6.950e-05
    587,152        0.0         0.0%        -3.335    6.950e-05
    587,360        0.0         0.0%        -3.335    6.950e-05
    587,568        0.0         0.0%        -3.335    6.950e-05
    587,776        0.0         0.0%        -3.335    6.950e-05
    587,984        0.0         0.0%        -3.335    6.950e-05
    588,192        0.0         0.0%        -3.335    6.950e-05
    588,400        0.0         0.0%        -3.335    6.950e-05
    588,608        0.0         0.0%        -3.335    6.950e-05
    588,816        0.0         0.0%        -3.335    6.950e-05
    589,024        0.0         0.0%        -3.335    6.950e-05
    589,232        0.0         0.0%        -3.335    6.950e-05
    589,440        0.0         0.0%        -3.335    6.950e-05
    589,648        0.0         0.0%        -3.335    6.950e-05
    589,856        0.0         0.0%        -3.335    5.668e-05
    590,064        0.0         0.0%        -3.335    5.668e-05
    590,272        0.0         0.0%        -3.335    5.668e-05
    590,480        0.0         0.0%        -3.335    5.668e-05
    590,688        0.0         0.0%        -3.335    5.668e-05
    590,896        0.0         0.0%        -3.335    5.668e-05
    591,104        0.0         0.0%        -3.335    5.668e-05
    591,312        0.0         0.0%        -3.335    5.668e-05
    591,520        0.0         0.0%        -3.335    5.668e-05
    591,728        0.0         0.0%        -3.335    5.668e-05
    591,936        0.0         0.0%        -3.335    5.668e-05
    592,144        0.0         0.0%        -3.335    5.668e-05
    592,352        0.0         0.0%        -3.335    5.668e-05
    592,560        0.0         0.0%        -3.335    5.668e-05
    592,768        0.0         0.0%        -3.335    5.668e-05
    592,976        0.0         0.0%        -3.335    5.668e-05
    593,184        0.0         0.0%        -3.335    5.668e-05
    593,392        0.0         0.0%        -3.335    5.668e-05
    593,600        0.0         0.0%        -3.335    5.668e-05
    593,808        0.0         0.0%        -3.335    5.668e-05
    594,016        0.0         0.0%        -3.337    1.048e-04
    594,224        0.0         0.0%        -3.337    1.048e-04
    594,432        0.0         0.0%        -3.337    1.048e-04
    594,640        0.0         0.0%        -3.337    1.048e-04
    594,848        0.0         0.0%        -3.337    1.048e-04
    595,056        0.0         0.0%        -3.337    1.048e-04
    595,264        0.0         0.0%        -3.337    1.048e-04
    595,472        0.0         0.0%        -3.337    1.048e-04
    595,680        0.0         0.0%        -3.337    1.048e-04
    595,888        0.0         0.0%        -3.337    1.048e-04
    596,096        0.0         0.0%        -3.337    1.048e-04
    596,304        0.0         0.0%        -3.337    1.048e-04
    596,512        0.0         0.0%        -3.337    1.048e-04
    596,720        0.0         0.0%        -3.337    1.048e-04
    596,928        0.0         0.0%        -3.337    1.048e-04
    597,136        0.0         0.0%        -3.337    1.048e-04
    597,344        0.0         0.0%        -3.337    1.048e-04
    597,552        0.0         0.0%        -3.337    1.048e-04
    597,760        0.0         0.0%        -3.337    1.048e-04
    597,968        0.0         0.0%        -3.337    1.048e-04
    598,176        0.0         0.0%        -3.323    1.387e-04
    598,384        0.0         0.0%        -3.323    1.387e-04
    598,592        0.0         0.0%        -3.323    1.387e-04
    598,800        0.0         0.0%        -3.323    1.387e-04
    599,008        0.0         0.0%        -3.323    1.387e-04
    599,216        0.0         0.0%        -3.323    1.387e-04
    599,424        0.0         0.0%        -3.323    1.387e-04
    599,632        0.0         0.0%        -3.323    1.387e-04
    599,840        0.0         0.0%        -3.323    1.387e-04
    600,048        0.0         0.0%        -3.323    1.387e-04
    600,256        0.0         0.0%        -3.323    1.387e-04
    600,464        0.0         0.0%        -3.323    1.387e-04
    600,672        0.0         0.0%        -3.323    1.387e-04
    600,880        0.0         0.0%        -3.323    1.387e-04
    601,088        0.0         0.0%        -3.323    1.387e-04
    601,296        0.0         0.0%        -3.323    1.387e-04
    601,504        0.0         0.0%        -3.323    1.387e-04
    601,712        0.0         0.0%        -3.323    1.387e-04
    601,920        0.0         0.0%        -3.323    1.387e-04
    602,128        0.0         0.0%        -3.315    2.081e-04
    602,336        0.0         0.0%        -3.315    2.081e-04
    602,544        0.0         0.0%        -3.315    2.081e-04
    602,752        0.0         0.0%        -3.315    2.081e-04
    602,960        0.0         0.0%        -3.315    2.081e-04
    603,168        0.0         0.0%        -3.315    2.081e-04
    603,376        0.0         0.0%        -3.315    2.081e-04
    603,584        0.0         0.0%        -3.315    2.081e-04
    603,792        0.0         0.0%        -3.315    2.081e-04
    604,000        0.0         0.0%        -3.315    2.081e-04
    604,208        0.0         0.0%        -3.315    2.081e-04
    604,416        0.0         0.0%        -3.315    2.081e-04
    604,624        0.0         0.0%        -3.315    2.081e-04
    604,832        0.0         0.0%        -3.315    2.081e-04
    605,040        0.0         0.0%        -3.315    2.081e-04
    605,248        0.0         0.0%        -3.315    2.081e-04
    605,456        0.0         0.0%        -3.315    2.081e-04
    605,664        0.0         0.0%        -3.315    2.081e-04
    605,872        0.0         0.0%        -3.315    2.081e-04
    606,080        0.0         0.0%        -3.315    2.081e-04
    606,288        0.0         0.0%        -3.316    1.515e-04
    606,496        0.0         0.0%        -3.316    1.515e-04
    606,704        0.0         0.0%        -3.316    1.515e-04
    606,912        0.0         0.0%        -3.316    1.515e-04
    607,120        0.0         0.0%        -3.316    1.515e-04
    607,328        0.0         0.0%        -3.316    1.515e-04
    607,536        0.0         0.0%        -3.316    1.515e-04
    607,744        0.0         0.0%        -3.316    1.515e-04
    607,952        0.0         0.0%        -3.316    1.515e-04
    608,160        0.0         0.0%        -3.316    1.515e-04
    608,368        0.0         0.0%        -3.316    1.515e-04
    608,576        0.0         0.0%        -3.316    1.515e-04
    608,784        0.0         0.0%        -3.316    1.515e-04
    608,992        0.0         0.0%        -3.316    1.515e-04
    609,200        0.0         0.0%        -3.316    1.515e-04
    609,408        0.0         0.0%        -3.316    1.515e-04
    609,616        0.0         0.0%        -3.316    1.515e-04
    609,824        0.0         0.0%        -3.316    1.515e-04
    610,032        0.0         0.0%        -3.316    1.515e-04
    610,240        0.0         0.0%        -3.316    1.515e-04
    610,448        0.0         0.0%        -3.314    1.968e-04
    610,656        0.0         0.0%        -3.314    1.968e-04
    610,864        0.0         0.0%        -3.314    1.968e-04
    611,072        0.0         0.0%        -3.314    1.968e-04
    611,280        0.0         0.0%        -3.314    1.968e-04
    611,488        0.0         0.0%        -3.314    1.968e-04
    611,696        0.0         0.0%        -3.314    1.968e-04
    611,904        0.0         0.0%        -3.314    1.968e-04
    612,112        0.0         0.0%        -3.314    1.968e-04
    612,320        0.0         0.0%        -3.314    1.968e-04
    612,528        0.0         0.0%        -3.314    1.968e-04
    612,736        0.0         0.0%        -3.314    1.968e-04
    612,944        0.0         0.0%        -3.314    1.968e-04
    613,152        0.0         0.0%        -3.314    1.968e-04
    613,360        0.0         0.0%        -3.314    1.968e-04
    613,568        0.0         0.0%        -3.314    1.968e-04
    613,776        0.0         0.0%        -3.314    1.968e-04
    613,984        0.0         0.0%        -3.314    1.968e-04
    614,192        0.0         0.0%        -3.314    1.968e-04
    614,400        0.0         0.0%        -3.314    1.968e-04
    614,608        0.0         0.0%        -3.313    3.463e-04
    614,816        0.0         0.0%        -3.313    3.463e-04
    615,024        0.0         0.0%        -3.313    3.463e-04
    615,232        0.0         0.0%        -3.313    3.463e-04
    615,440        0.0         0.0%        -3.313    3.463e-04
    615,648        0.0         0.0%        -3.313    3.463e-04
    615,856        0.0         0.0%        -3.313    3.463e-04
    616,064        0.0         0.0%        -3.313    3.463e-04
    616,272        0.0         0.0%        -3.313    3.463e-04
    616,480        0.0         0.0%        -3.313    3.463e-04
    616,688        0.0         0.0%        -3.313    3.463e-04
    616,896        0.0         0.0%        -3.313    3.463e-04
    617,104        0.0         0.0%        -3.313    3.463e-04
    617,312        0.0         0.0%        -3.313    3.463e-04
    617,520        0.0         0.0%        -3.313    3.463e-04
    617,728        0.0         0.0%        -3.313    3.463e-04
    617,936        0.0         0.0%        -3.313    3.463e-04
    618,144        0.0         0.0%        -3.313    3.463e-04
    618,352        0.0         0.0%        -3.313    3.463e-04
    618,560        0.0         0.0%        -3.311    3.838e-04
    618,768        0.0         0.0%        -3.311    3.838e-04
    618,976        0.0         0.0%        -3.311    3.838e-04
    619,184        0.0         0.0%        -3.311    3.838e-04
    619,392        0.0         0.0%        -3.311    3.838e-04
    619,600        0.0         0.0%        -3.311    3.838e-04
    619,808        0.0         0.0%        -3.311    3.838e-04
    620,016        0.0         0.0%        -3.311    3.838e-04
    620,224        0.0         0.0%        -3.311    3.838e-04
    620,432        0.0         0.0%        -3.311    3.838e-04
    620,640        0.0         0.0%        -3.311    3.838e-04
    620,848        0.0         0.0%        -3.311    3.838e-04
    621,056        0.0         0.0%        -3.311    3.838e-04
    621,264        0.0         0.0%        -3.311    3.838e-04
    621,472        0.0         0.0%        -3.311    3.838e-04
    621,680        0.0         0.0%        -3.311    3.838e-04
    621,888        0.0         0.0%        -3.311    3.838e-04
    622,096        0.0         0.0%        -3.311    3.838e-04
    622,304        0.0         0.0%        -3.311    3.838e-04
    622,512        0.0         0.0%        -3.311    3.838e-04
    622,720        0.0         0.0%        -3.311    5.260e-04
    622,928        0.0         0.0%        -3.311    5.260e-04
    623,136        0.0         0.0%        -3.311    5.260e-04
    623,344        0.0         0.0%        -3.311    5.260e-04
    623,552        0.0         0.0%        -3.311    5.260e-04
    623,760        0.0         0.0%        -3.311    5.260e-04
    623,968        0.0         0.0%        -3.311    5.260e-04
    624,176        0.0         0.0%        -3.311    5.260e-04
    624,384        0.0         0.0%        -3.311    5.260e-04
    624,592        0.0         0.0%        -3.311    5.260e-04
    624,800        0.0         0.0%        -3.311    5.260e-04
    625,008        0.0         0.0%        -3.311    5.260e-04
    625,216        0.0         0.0%        -3.311    5.260e-04
    625,424        0.0         0.0%        -3.311    5.260e-04
    625,632        0.0         0.0%        -3.311    5.260e-04
    625,840        0.0         0.0%        -3.311    5.260e-04
    626,048        0.0         0.0%        -3.311    5.260e-04
    626,256        0.0         0.0%        -3.311    5.260e-04
    626,464        0.0         0.0%        -3.311    5.260e-04
    626,672        0.0         0.0%        -3.311    5.260e-04
    626,880        0.0         0.0%        -3.316    9.005e-04
    627,088        0.0         0.0%        -3.316    9.005e-04
    627,296        0.0         0.0%        -3.316    9.005e-04
    627,504        0.0         0.0%        -3.316    9.005e-04
    627,712        0.0         0.0%        -3.316    9.005e-04
    627,920        0.0         0.0%        -3.316    9.005e-04
    628,128        0.0         0.0%        -3.316    9.005e-04
    628,336        0.0         0.0%        -3.316    9.005e-04
    628,544        0.0         0.0%        -3.316    9.005e-04
    628,752        0.0         0.0%        -3.316    9.005e-04
    628,960        0.0         0.0%        -3.316    9.005e-04
    629,168        0.0         0.0%        -3.316    9.005e-04
    629,376        0.0         0.0%        -3.316    9.005e-04
    629,584        0.0         0.0%        -3.316    9.005e-04
    629,792        0.0         0.0%        -3.316    9.005e-04
    630,000        0.0         0.0%        -3.316    9.005e-04
    630,208        0.0         0.0%        -3.316    9.005e-04
    630,416        0.0         0.0%        -3.316    9.005e-04
    630,624        0.0         0.0%        -3.316    9.005e-04
    630,832        0.0         0.0%        -3.327    8.713e-04
    631,040        0.0         0.0%        -3.327    8.713e-04
    631,248        0.0         0.0%        -3.327    8.713e-04
    631,456        0.0         0.0%        -3.327    8.713e-04
    631,664        0.0         0.0%        -3.327    8.713e-04
    631,872        0.0         0.0%        -3.327    8.713e-04
    632,080        0.0         0.0%        -3.327    8.713e-04
    632,288        0.0         0.0%        -3.327    8.713e-04
    632,496        0.0         0.0%        -3.327    8.713e-04
    632,704        0.0         0.0%        -3.327    8.713e-04
    632,912        0.0         0.0%        -3.327    8.713e-04
    633,120        0.0         0.0%        -3.327    8.713e-04
    633,328        0.0         0.0%        -3.327    8.713e-04
    633,536        0.0         0.0%        -3.327    8.713e-04
    633,744        0.0         0.0%        -3.327    8.713e-04
    633,952        0.0         0.0%        -3.327    8.713e-04
    634,160        0.0         0.0%        -3.327    8.713e-04
    634,368        0.0         0.0%        -3.327    8.713e-04
    634,576        0.0         0.0%        -3.327    8.713e-04
    634,784        0.0         0.0%        -3.327    8.713e-04
    634,992        0.0         0.0%        -3.329    1.149e-03
    635,200        0.0         0.0%        -3.329    1.149e-03
    635,408        0.0         0.0%        -3.329    1.149e-03
    635,616        0.0         0.0%        -3.329    1.149e-03
    635,824        0.0         0.0%        -3.329    1.149e-03
    636,032        0.0         0.0%        -3.329    1.149e-03
    636,240        0.0         0.0%        -3.329    1.149e-03
    636,448        0.0         0.0%        -3.329    1.149e-03
    636,656        0.0         0.0%        -3.329    1.149e-03
    636,864        0.0         0.0%        -3.329    1.149e-03
    637,072        0.0         0.0%        -3.329    1.149e-03
    637,280        0.0         0.0%        -3.329    1.149e-03
    637,488        0.0         0.0%        -3.329    1.149e-03
    637,696        0.0         0.0%        -3.329    1.149e-03
    637,904        0.0         0.0%        -3.329    1.149e-03
    638,112        0.0         0.0%        -3.329    1.149e-03
    638,320        0.0         0.0%        -3.329    1.149e-03
    638,528        0.0         0.0%        -3.329    1.149e-03
    638,736        0.0         0.0%        -3.329    1.149e-03
    638,944        0.0         0.0%        -3.329    1.149e-03
    639,152        0.0         0.0%        -3.325    1.184e-03
    639,360        0.0         0.0%        -3.325    1.184e-03
    639,568        0.0         0.0%        -3.325    1.184e-03
    639,776        0.0         0.0%        -3.325    1.184e-03
    639,984        0.0         0.0%        -3.325    1.184e-03
    640,192        0.0         0.0%        -3.325    1.184e-03
    640,400        0.0         0.0%        -3.325    1.184e-03
    640,608        0.0         0.0%        -3.325    1.184e-03
    640,816        0.0         0.0%        -3.325    1.184e-03
    641,024        0.0         0.0%        -3.325    1.184e-03
    641,232        0.0         0.0%        -3.325    1.184e-03
    641,440        0.0         0.0%        -3.325    1.184e-03
    641,648        0.0         0.0%        -3.325    1.184e-03
    641,856        0.0         0.0%        -3.325    1.184e-03
    642,064        0.0         0.0%        -3.325    1.184e-03
    642,272        0.0         0.0%        -3.325    1.184e-03
    642,480        0.0         0.0%        -3.325    1.184e-03
    642,688        0.0         0.0%        -3.325    1.184e-03
    642,896        0.0         0.0%        -3.325    1.184e-03
    643,104        0.0         0.0%        -3.334    5.515e-04
    643,312        0.0         0.0%        -3.334    5.515e-04
    643,520        0.0         0.0%        -3.334    5.515e-04
    643,728        0.0         0.0%        -3.334    5.515e-04
    643,936        0.0         0.0%        -3.334    5.515e-04
    644,144        0.0         0.0%        -3.334    5.515e-04
    644,352        0.0         0.0%        -3.334    5.515e-04
    644,560        0.0         0.0%        -3.334    5.515e-04
    644,768        0.0         0.0%        -3.334    5.515e-04
    644,976        0.0         0.0%        -3.334    5.515e-04
    645,184        0.0         0.0%        -3.334    5.515e-04
    645,392        0.0         0.0%        -3.334    5.515e-04
    645,600        0.0         0.0%        -3.334    5.515e-04
    645,808        0.0         0.0%        -3.334    5.515e-04
    646,016        0.0         0.0%        -3.334    5.515e-04
    646,224        0.0         0.0%        -3.334    5.515e-04
    646,432        0.0         0.0%        -3.334    5.515e-04
    646,640        0.0         0.0%        -3.334    5.515e-04
    646,848        0.0         0.0%        -3.334    5.515e-04
    647,056        0.0         0.0%        -3.334    5.515e-04
    647,264        0.0         0.0%        -3.343    3.883e-04
    647,472        0.0         0.0%        -3.343    3.883e-04
    647,680        0.0         0.0%        -3.343    3.883e-04
    647,888        0.0         0.0%        -3.343    3.883e-04
    648,096        0.0         0.0%        -3.343    3.883e-04
    648,304        0.0         0.0%        -3.343    3.883e-04
    648,512        0.0         0.0%        -3.343    3.883e-04
    648,720        0.0         0.0%        -3.343    3.883e-04
    648,928        0.0         0.0%        -3.343    3.883e-04
    649,136        0.0         0.0%        -3.343    3.883e-04
    649,344        0.0         0.0%        -3.343    3.883e-04
    649,552        0.0         0.0%        -3.343    3.883e-04
    649,760        0.0         0.0%        -3.343    3.883e-04
    649,968        0.0         0.0%        -3.343    3.883e-04
    650,176        0.0         0.0%        -3.343    3.883e-04
    650,384        0.0         0.0%        -3.343    3.883e-04
    650,592        0.0         0.0%        -3.343    3.883e-04
    650,800        0.0         0.0%        -3.343    3.883e-04
    651,008        0.0         0.0%        -3.343    3.883e-04
    651,216        0.0         0.0%        -3.343    3.883e-04
    651,424        0.0         0.0%        -3.350    9.668e-04
    651,632        0.0         0.0%        -3.350    9.668e-04
    651,840        0.0         0.0%        -3.350    9.668e-04
    652,048        0.0         0.0%        -3.350    9.668e-04
    652,256        0.0         0.0%        -3.350    9.668e-04
    652,464        0.0         0.0%        -3.350    9.668e-04
    652,672        0.0         0.0%        -3.350    9.668e-04
    652,880        0.0         0.0%        -3.350    9.668e-04
    653,088        0.0         0.0%        -3.350    9.668e-04
    653,296        0.0         0.0%        -3.350    9.668e-04
    653,504        0.0         0.0%        -3.350    9.668e-04
    653,712        0.0         0.0%        -3.350    9.668e-04
    653,920        0.0         0.0%        -3.350    9.668e-04
    654,128        0.0         0.0%        -3.350    9.668e-04
    654,336        0.0         0.0%        -3.350    9.668e-04
    654,544        0.0         0.0%        -3.350    9.668e-04
    654,752        0.0         0.0%        -3.350    9.668e-04
    654,960        0.0         0.0%        -3.350    9.668e-04
    655,168        0.0         0.0%        -3.350    9.668e-04
    655,376        0.0         0.0%        -3.357    8.300e-04
    655,584        0.0         0.0%        -3.357    8.300e-04
    655,792        0.0         0.0%        -3.357    8.300e-04
    656,000        0.0         0.0%        -3.357    8.300e-04
    656,208        0.0         0.0%        -3.357    8.300e-04
    656,416        0.0         0.0%        -3.357    8.300e-04
    656,624        0.0         0.0%        -3.357    8.300e-04
    656,832        0.0         0.0%        -3.357    8.300e-04
    657,040        0.0         0.0%        -3.357    8.300e-04
    657,248        0.0         0.0%        -3.357    8.300e-04
    657,456        0.0         0.0%        -3.357    8.300e-04
    657,664        0.0         0.0%        -3.357    8.300e-04
    657,872        0.0         0.0%        -3.357    8.300e-04
    658,080        0.0         0.0%        -3.357    8.300e-04
    658,288        0.0         0.0%        -3.357    8.300e-04
    658,496        0.0         0.0%        -3.357    8.300e-04
    658,704        0.0         0.0%        -3.357    8.300e-04
    658,912        0.0         0.0%        -3.357    8.300e-04
    659,120        0.0         0.0%        -3.357    8.300e-04
    659,328        0.0         0.0%        -3.357    8.300e-04
    659,536        0.0         0.0%        -3.368    6.502e-04
    659,744        0.0         0.0%        -3.368    6.502e-04
    659,952        0.0         0.0%        -3.368    6.502e-04
    660,160        0.0         0.0%        -3.368    6.502e-04
    660,368        0.0         0.0%        -3.368    6.502e-04
    660,576        0.0         0.0%        -3.368    6.502e-04
    660,784        0.0         0.0%        -3.368    6.502e-04
    660,992        0.0         0.0%        -3.368    6.502e-04
    661,200        0.0         0.0%        -3.368    6.502e-04
    661,408        0.0         0.0%        -3.368    6.502e-04
    661,616        0.0         0.0%        -3.368    6.502e-04
    661,824        0.0         0.0%        -3.368    6.502e-04
    662,032        0.0         0.0%        -3.368    6.502e-04
    662,240        0.0         0.0%        -3.368    6.502e-04
    662,448        0.0         0.0%        -3.368    6.502e-04
    662,656        0.0         0.0%        -3.368    6.502e-04
    662,864        0.0         0.0%        -3.368    6.502e-04
    663,072        0.0         0.0%        -3.368    6.502e-04
    663,280        0.0         0.0%        -3.368    6.502e-04
    663,488        0.0         0.0%        -3.368    6.502e-04
    663,696        0.0         0.0%        -3.361    7.557e-04
    663,904        0.0         0.0%        -3.361    7.557e-04
    664,112        0.0         0.0%        -3.361    7.557e-04
    664,320        0.0         0.0%        -3.361    7.557e-04
    664,528        0.0         0.0%        -3.361    7.557e-04
    664,736        0.0         0.0%        -3.361    7.557e-04
    664,944        0.0         0.0%        -3.361    7.557e-04
    665,152        0.0         0.0%        -3.361    7.557e-04
    665,360        0.0         0.0%        -3.361    7.557e-04
    665,568        0.0         0.0%        -3.361    7.557e-04
    665,776        0.0         0.0%        -3.361    7.557e-04
    665,984        0.0         0.0%        -3.361    7.557e-04
    666,192        0.0         0.0%        -3.361    7.557e-04
    666,400        0.0         0.0%        -3.361    7.557e-04
    666,608        0.0         0.0%        -3.361    7.557e-04
    666,816        0.0         0.0%        -3.361    7.557e-04
    667,024        0.0         0.0%        -3.361    7.557e-04
    667,232        0.0         0.0%        -3.361    7.557e-04
    667,440        0.0         0.0%        -3.361    7.557e-04
    667,648        0.0         0.0%        -3.361    7.557e-04
    667,856        0.0         0.0%        -3.359    1.162e-03
    668,064        0.0         0.0%        -3.359    1.162e-03
    668,272        0.0         0.0%        -3.359    1.162e-03
    668,480        0.0         0.0%        -3.359    1.162e-03
    668,688        0.0         0.0%        -3.359    1.162e-03
    668,896        0.0         0.0%        -3.359    1.162e-03
    669,104        0.0         0.0%        -3.359    1.162e-03
    669,312        0.0         0.0%        -3.359    1.162e-03
    669,520        0.0         0.0%        -3.359    1.162e-03
    669,728        0.0         0.0%        -3.359    1.162e-03
    669,936        0.0         0.0%        -3.359    1.162e-03
    670,144        0.0         0.0%        -3.359    1.162e-03
    670,352        0.0         0.0%        -3.359    1.162e-03
    670,560        0.0         0.0%        -3.359    1.162e-03
    670,768        0.0         0.0%        -3.359    1.162e-03
    670,976        0.0         0.0%        -3.359    1.162e-03
    671,184        0.0         0.0%        -3.359    1.162e-03
    671,392        0.0         0.0%        -3.359    1.162e-03
    671,600        0.0         0.0%        -3.359    1.162e-03
    671,808        0.0         0.0%        -3.358    1.717e-03
    672,016        0.0         0.0%        -3.358    1.717e-03
    672,224        0.0         0.0%        -3.358    1.717e-03
    672,432        0.0         0.0%        -3.358    1.717e-03
    672,640        0.0         0.0%        -3.358    1.717e-03
    672,848        0.0         0.0%        -3.358    1.717e-03
    673,056        0.0         0.0%        -3.358    1.717e-03
    673,264        0.0         0.0%        -3.358    1.717e-03
    673,472        0.0         0.0%        -3.358    1.717e-03
    673,680        0.0         0.0%        -3.358    1.717e-03
    673,888        0.0         0.0%        -3.358    1.717e-03
    674,096        0.0         0.0%        -3.358    1.717e-03
    674,304        0.0         0.0%        -3.358    1.717e-03
    674,512        0.0         0.0%        -3.358    1.717e-03
    674,720        0.0         0.0%        -3.358    1.717e-03
    674,928        0.0         0.0%        -3.358    1.717e-03
    675,136        0.0         0.0%        -3.358    1.717e-03
    675,344        0.0         0.0%        -3.358    1.717e-03
    675,552        0.0         0.0%        -3.358    1.717e-03
    675,760        0.0         0.0%        -3.358    1.717e-03
    675,968        0.0         0.0%        -3.351    4.523e-03
    676,176        0.0         0.0%        -3.351    4.523e-03
    676,384        0.0         0.0%        -3.351    4.523e-03
    676,592        0.0         0.0%        -3.351    4.523e-03
    676,800        0.0         0.0%        -3.351    4.523e-03
    677,008        0.0         0.0%        -3.351    4.523e-03
    677,216        0.0         0.0%        -3.351    4.523e-03
    677,424        0.0         0.0%        -3.351    4.523e-03
    677,632        0.0         0.0%        -3.351    4.523e-03
    677,840        0.0         0.0%        -3.351    4.523e-03
    678,048        0.0         0.0%        -3.351    4.523e-03
    678,256        0.0         0.0%        -3.351    4.523e-03
    678,464        0.0         0.0%        -3.351    4.523e-03
    678,672        0.0         0.0%        -3.351    4.523e-03
    678,880        0.0         0.0%        -3.351    4.523e-03
    679,088        0.0         0.0%        -3.351    4.523e-03
    679,296        0.0         0.0%        -3.351    4.523e-03
    679,504        0.0         0.0%        -3.351    4.523e-03
    679,712        0.0         0.0%        -3.351    4.523e-03
    679,920        0.0         0.0%        -3.351    4.523e-03
    680,128        0.0         0.0%        -3.340    7.658e-03
    680,336        0.0         0.0%        -3.340    7.658e-03
    680,544        0.0         0.0%        -3.340    7.658e-03
    680,752        0.0         0.0%        -3.340    7.658e-03
    680,960        0.0         0.0%        -3.340    7.658e-03
    681,168        0.0         0.0%        -3.340    7.658e-03
    681,376        0.0         0.0%        -3.340    7.658e-03
    681,584        0.0         0.0%        -3.340    7.658e-03
    681,792        0.0         0.0%        -3.340    7.658e-03
    682,000        0.0         0.0%        -3.340    7.658e-03
    682,208        0.0         0.0%        -3.340    7.658e-03
    682,416        0.0         0.0%        -3.340    7.658e-03
    682,624        0.0         0.0%        -3.340    7.658e-03
    682,832        0.0         0.0%        -3.340    7.658e-03
    683,040        0.0         0.0%        -3.340    7.658e-03
    683,248        0.0         0.0%        -3.340    7.658e-03
    683,456        0.0         0.0%        -3.340    7.658e-03
    683,664        0.0         0.0%        -3.340    7.658e-03
    683,872        0.0         0.0%        -3.340    7.658e-03
    684,080        0.0         0.0%        -3.329    6.645e-03
    684,288        0.0         0.0%        -3.329    6.645e-03
    684,496        0.0         0.0%        -3.329    6.645e-03
    684,704        0.0         0.0%        -3.329    6.645e-03
    684,912        0.0         0.0%        -3.329    6.645e-03
    685,120        0.0         0.0%        -3.329    6.645e-03
    685,328        0.0         0.0%        -3.329    6.645e-03
    685,536        0.0         0.0%        -3.329    6.645e-03
    685,744        0.0         0.0%        -3.329    6.645e-03
    685,952        0.0         0.0%        -3.329    6.645e-03
    686,160        0.0         0.0%        -3.329    6.645e-03
    686,368        0.0         0.0%        -3.329    6.645e-03
    686,576        0.0         0.0%        -3.329    6.645e-03
    686,784        0.0         0.0%        -3.329    6.645e-03
    686,992        0.0         0.0%        -3.329    6.645e-03
    687,200        0.0         0.0%        -3.329    6.645e-03
    687,408        0.0         0.0%        -3.329    6.645e-03
    687,616        0.0         0.0%        -3.329    6.645e-03
    687,824        0.0         0.0%        -3.329    6.645e-03
    688,032        0.0         0.0%        -3.329    6.645e-03
    688,240        0.0         0.0%        -3.331    5.998e-03
    688,448        0.0         0.0%        -3.331    5.998e-03
    688,656        0.0         0.0%        -3.331    5.998e-03
    688,864        0.0         0.0%        -3.331    5.998e-03
    689,072        0.0         0.0%        -3.331    5.998e-03
    689,280        0.0         0.0%        -3.331    5.998e-03
    689,488        0.0         0.0%        -3.331    5.998e-03
    689,696        0.0         0.0%        -3.331    5.998e-03
    689,904        0.0         0.0%        -3.331    5.998e-03
    690,112        0.0         0.0%        -3.331    5.998e-03
    690,320        0.0         0.0%        -3.331    5.998e-03
    690,528        0.0         0.0%        -3.331    5.998e-03
    690,736        0.0         0.0%        -3.331    5.998e-03
    690,944        0.0         0.0%        -3.331    5.998e-03
    691,152        0.0         0.0%        -3.331    5.998e-03
    691,360        0.0         0.0%        -3.331    5.998e-03
    691,568        0.0         0.0%        -3.331    5.998e-03
    691,776        0.0         0.0%        -3.331    5.998e-03
    691,984        0.0         0.0%        -3.331    5.998e-03
    692,192        0.0         0.0%        -3.331    5.998e-03
    692,400        0.0         0.0%        -3.341    6.399e-03
    692,608        0.0         0.0%        -3.341    6.399e-03
    692,816        0.0         0.0%        -3.341    6.399e-03
    693,024        0.0         0.0%        -3.341    6.399e-03
    693,232      -10.0         1.0%        -3.341    6.399e-03
    693,440     -120.0        12.0%        -3.341    6.399e-03
    693,648     -120.0        12.0%        -3.341    6.399e-03
    693,856     -120.0        12.0%        -3.341    6.399e-03
    694,064     -120.0        12.0%        -3.341    6.399e-03
    694,272     -120.0        12.0%        -3.341    6.399e-03
    694,480     -120.0        12.0%        -3.341    6.399e-03
    694,688     -120.0        12.0%        -3.341    6.399e-03
    694,896     -120.0        12.0%        -3.341    6.399e-03
    695,104     -120.0        12.0%        -3.341    6.399e-03
    695,312     -120.0        12.0%        -3.341    6.399e-03
    695,520     -120.0        12.0%        -3.341    6.399e-03
    695,728     -120.0        12.0%        -3.341    6.399e-03
    695,936     -120.0        12.0%        -3.341    6.399e-03
    696,144     -120.0        12.0%        -3.341    6.399e-03
    696,352     -140.0        14.0%        -3.346    2.242e+04
    696,560     -250.0        25.0%        -3.346    2.242e+04
    696,768     -250.0        25.0%        -3.346    2.242e+04
    696,976     -250.0        25.0%        -3.346    2.242e+04
    697,184     -250.0        25.0%        -3.346    2.242e+04
    697,392     -250.0        25.0%        -3.346    2.242e+04
    697,600     -250.0        25.0%        -3.346    2.242e+04
    697,808     -250.0        25.0%        -3.346    2.242e+04
    698,016     -250.0        25.0%        -3.346    2.242e+04
    698,224     -250.0        25.0%        -3.346    2.242e+04
    698,432     -250.0        25.0%        -3.346    2.242e+04
    698,640     -120.0        12.0%        -3.346    2.242e+04
    698,848     -120.0        12.0%        -3.346    2.242e+04
    699,056     -120.0        12.0%        -3.346    2.242e+04
    699,264     -120.0        12.0%        -3.346    2.242e+04
    699,472     -120.0        12.0%        -3.346    2.242e+04
    699,680     -120.0        12.0%        -3.346    2.242e+04
    699,888     -120.0        12.0%        -3.346    2.242e+04
    700,096     -120.0        12.0%        -3.346    2.242e+04
    700,304     -120.0        12.0%        -3.346    2.242e+04
    700,512     -120.0        12.0%        -3.346    4.084e+04
    700,720     -120.0        12.0%        -3.346    4.084e+04
    700,928     -120.0        12.0%        -3.346    4.084e+04
    701,136     -120.0        12.0%        -3.346    4.084e+04
    701,344     -120.0        12.0%        -3.346    4.084e+04
    701,552     -120.0        12.0%        -3.346    4.084e+04
    701,760     -120.0        12.0%        -3.346    4.084e+04
    701,968     -120.0        12.0%        -3.346    4.084e+04
    702,176     -120.0        12.0%        -3.346    4.084e+04
    702,384     -120.0        12.0%        -3.346    4.084e+04
    702,592     -120.0        12.0%        -3.346    4.084e+04
    702,800     -120.0        12.0%        -3.346    4.084e+04
    703,008     -120.0        12.0%        -3.346    4.084e+04
    703,216     -120.0        12.0%        -3.346    4.084e+04
    703,424     -120.0        12.0%        -3.346    4.084e+04
    703,632     -120.0        12.0%        -3.346    4.084e+04
    703,840     -120.0        12.0%        -3.346    4.084e+04
    704,048     -120.0        12.0%        -3.346    4.084e+04
    704,256     -120.0        12.0%        -3.346    4.084e+04
    704,464     -120.0        12.0%        -3.346    4.084e+04
    704,672     -120.0        12.0%        -3.346    2.735e+04
    704,880     -120.0        12.0%        -3.346    2.735e+04
    705,088     -120.0        12.0%        -3.346    2.735e+04
    705,296     -220.0        22.0%        -3.346    2.735e+04
    705,504     -250.0        25.0%        -3.346    2.735e+04
    705,712     -250.0        25.0%        -3.346    2.735e+04
    705,920     -250.0        25.0%        -3.346    2.735e+04
    706,128     -250.0        25.0%        -3.346    2.735e+04
    706,336     -250.0        25.0%        -3.346    2.735e+04
    706,544     -250.0        25.0%        -3.346    2.735e+04
    706,752     -250.0        25.0%        -3.346    2.735e+04
    706,960     -250.0        25.0%        -3.346    2.735e+04
    707,168     -250.0        25.0%        -3.346    2.735e+04
    707,376     -250.0        25.0%        -3.346    2.735e+04
    707,584     -250.0        25.0%        -3.346    2.735e+04
    707,792     -250.0        25.0%        -3.346    2.735e+04
    708,000     -250.0        25.0%        -3.346    2.735e+04
    708,208     -250.0        25.0%        -3.346    2.735e+04
    708,416     -250.0        25.0%        -3.346    2.735e+04
    708,624     -250.0        25.0%        -3.346    4.733e+04
    708,832     -250.0        25.0%        -3.346    4.733e+04
    709,040     -250.0        25.0%        -3.346    4.733e+04
    709,248     -250.0        25.0%        -3.346    4.733e+04
    709,456     -250.0        25.0%        -3.346    4.733e+04
    709,664     -250.0        25.0%        -3.346    4.733e+04
    709,872     -250.0        25.0%        -3.346    4.733e+04
    710,080     -250.0        25.0%        -3.346    4.733e+04
    710,288     -250.0        25.0%        -3.346    4.733e+04
    710,496     -250.0        25.0%        -3.346    4.733e+04
    710,704     -250.0        25.0%        -3.346    4.733e+04
    710,912     -250.0        25.0%        -3.346    4.733e+04
    711,120     -240.0        24.0%        -3.346    4.733e+04
    711,328     -120.0        12.0%        -3.346    4.733e+04
    711,536     -120.0        12.0%        -3.346    4.733e+04
    711,744     -120.0        12.0%        -3.346    4.733e+04
    711,952     -120.0        12.0%        -3.346    4.733e+04
    712,160     -120.0        12.0%        -3.346    4.733e+04
    712,368     -120.0        12.0%        -3.346    4.733e+04
    712,576     -120.0        12.0%        -3.346    4.733e+04
    712,784     -120.0        12.0%        -3.346    4.116e+04
    712,992     -120.0        12.0%        -3.346    4.116e+04
    713,200     -120.0        12.0%        -3.346    4.116e+04
    713,408     -120.0        12.0%        -3.346    4.116e+04
    713,616     -120.0        12.0%        -3.346    4.116e+04
    713,824     -120.0        12.0%        -3.346    4.116e+04
    714,032     -120.0        12.0%        -3.346    4.116e+04
    714,240     -120.0        12.0%        -3.346    4.116e+04
    714,448     -120.0        12.0%        -3.346    4.116e+04
    714,656     -120.0        12.0%        -3.346    4.116e+04
    714,864     -120.0        12.0%        -3.346    4.116e+04
    715,072     -120.0        12.0%        -3.346    4.116e+04
    715,280     -140.0        14.0%        -3.346    4.116e+04
    715,488     -240.0        24.0%        -3.346    4.116e+04
    715,696     -240.0        24.0%        -3.346    4.116e+04
    715,904     -240.0        24.0%        -3.346    4.116e+04
    716,112     -240.0        24.0%        -3.346    4.116e+04
    716,320     -240.0        24.0%        -3.346    4.116e+04
    716,528     -240.0        24.0%        -3.346    4.116e+04
    716,736     -240.0        24.0%        -3.346    4.116e+04
    716,944     -240.0        24.0%        -3.346    3.566e+04
    717,152     -240.0        24.0%        -3.346    3.566e+04
    717,360     -240.0        24.0%        -3.346    3.566e+04
    717,568     -240.0        24.0%        -3.346    3.566e+04
    717,776     -240.0        24.0%        -3.346    3.566e+04
    717,984     -240.0        24.0%        -3.346    3.566e+04
    718,192     -240.0        24.0%        -3.346    3.566e+04
    718,400     -240.0        24.0%        -3.346    3.566e+04
    718,608     -240.0        24.0%        -3.346    3.566e+04
    718,816     -240.0        24.0%        -3.346    3.566e+04
    719,024     -240.0        24.0%        -3.346    3.566e+04
    719,232     -290.0        29.0%        -3.346    3.566e+04
    719,440     -360.0        36.0%        -3.346    3.566e+04
    719,648     -360.0        36.0%        -3.346    3.566e+04
    719,856     -360.0        36.0%        -3.346    3.566e+04
    720,064     -360.0        36.0%        -3.346    3.566e+04
    720,272     -360.0        36.0%        -3.346    3.566e+04
    720,480     -360.0        36.0%        -3.346    3.566e+04
    720,688     -360.0        36.0%        -3.346    3.566e+04
    720,896     -250.0        25.0%        -3.346    3.566e+04
    721,104     -240.0        24.0%        -3.346    5.734e+04
    721,312     -280.0        28.0%        -3.346    5.734e+04
    721,520     -360.0        36.0%        -3.346    5.734e+04
    721,728     -360.0        36.0%        -3.346    5.734e+04
    721,936     -360.0        36.0%        -3.346    5.734e+04
    722,144     -360.0        36.0%        -3.346    5.734e+04
    722,352     -360.0        36.0%        -3.346    5.734e+04
    722,560     -360.0        36.0%        -3.346    5.734e+04
    722,768     -360.0        36.0%        -3.346    5.734e+04
    722,976     -360.0        36.0%        -3.346    5.734e+04
    723,184     -360.0        36.0%        -3.346    5.734e+04
    723,392     -360.0        36.0%        -3.346    5.734e+04
    723,600     -360.0        36.0%        -3.346    5.734e+04
    723,808     -360.0        36.0%        -3.346    5.734e+04
    724,016     -360.0        36.0%        -3.346    5.734e+04
    724,224     -360.0        36.0%        -3.346    5.734e+04
    724,432     -360.0        36.0%        -3.346    5.734e+04
    724,640     -360.0        36.0%        -3.346    5.734e+04
    724,848     -360.0        36.0%        -3.346    5.734e+04
    725,056     -360.0        36.0%        -3.346    6.765e+04
    725,264     -360.0        36.0%        -3.346    6.765e+04
    725,472     -360.0        36.0%        -3.346    6.765e+04
    725,680     -360.0        36.0%        -3.346    6.765e+04
    725,888     -360.0        36.0%        -3.346    6.765e+04
    726,096     -360.0        36.0%        -3.346    6.765e+04
    726,304     -360.0        36.0%        -3.346    6.765e+04
    726,512     -360.0        36.0%        -3.346    6.765e+04
    726,720     -360.0        36.0%        -3.346    6.765e+04
    726,928     -360.0        36.0%        -3.346    6.765e+04
    727,136     -360.0        36.0%        -3.346    6.765e+04
    727,344     -360.0        36.0%        -3.346    6.765e+04
    727,552     -360.0        36.0%        -3.346    6.765e+04
    727,760     -360.0        36.0%        -3.346    6.765e+04
    727,968     -360.0        36.0%        -3.346    6.765e+04
    728,176     -360.0        36.0%        -3.346    6.765e+04
    728,384     -360.0        36.0%        -3.346    6.765e+04
    728,592     -360.0        36.0%        -3.346    6.765e+04
    728,800     -360.0        36.0%        -3.346    6.765e+04
    729,008     -360.0        36.0%        -3.346    6.765e+04
    729,216     -360.0        36.0%        -3.346    6.838e+04
    729,424     -360.0        36.0%        -3.346    6.838e+04
    729,632     -360.0        36.0%        -3.346    6.838e+04
    729,840     -360.0        36.0%        -3.346    6.838e+04
    730,048     -360.0        36.0%        -3.346    6.838e+04
    730,256     -360.0        36.0%        -3.346    6.838e+04
    730,464     -360.0        36.0%        -3.346    6.838e+04
    730,672     -360.0        36.0%        -3.346    6.838e+04
    730,880     -360.0        36.0%        -3.346    6.838e+04
    731,088     -360.0        36.0%        -3.346    6.838e+04
    731,296     -360.0        36.0%        -3.346    6.838e+04
    731,504     -360.0        36.0%        -3.346    6.838e+04
    731,712     -360.0        36.0%        -3.346    6.838e+04
    731,920     -360.0        36.0%        -3.346    6.838e+04
    732,128     -360.0        36.0%        -3.346    6.838e+04
    732,336     -360.0        36.0%        -3.346    6.838e+04
    732,544     -360.0        36.0%        -3.346    6.838e+04
    732,752     -360.0        36.0%        -3.346    6.838e+04
    732,960     -360.0        36.0%        -3.346    6.838e+04
    733,168     -360.0        36.0%        -3.346    6.838e+04
    733,376     -360.0        36.0%        -3.346    6.744e+04
    733,584     -360.0        36.0%        -3.346    6.744e+04
    733,792     -360.0        36.0%        -3.346    6.744e+04
    734,000     -360.0        36.0%        -3.346    6.744e+04
    734,208     -360.0        36.0%        -3.346    6.744e+04
    734,416     -360.0        36.0%        -3.346    6.744e+04
    734,624     -360.0        36.0%        -3.346    6.744e+04
    734,832     -360.0        36.0%        -3.346    6.744e+04
    735,040     -360.0        36.0%        -3.346    6.744e+04
    735,248     -360.0        36.0%        -3.346    6.744e+04
    735,456     -360.0        36.0%        -3.346    6.744e+04
    735,664     -360.0        36.0%        -3.346    6.744e+04
    735,872     -360.0        36.0%        -3.346    6.744e+04
    736,080     -360.0        36.0%        -3.346    6.744e+04
    736,288     -360.0        36.0%        -3.346    6.744e+04
    736,496     -360.0        36.0%        -3.346    6.744e+04
    736,704     -360.0        36.0%        -3.346    6.744e+04
    736,912     -360.0        36.0%        -3.346    6.744e+04
    737,120     -360.0        36.0%        -3.346    6.744e+04
    737,328     -360.0        36.0%        -3.346    6.660e+04
    737,536     -360.0        36.0%        -3.346    6.660e+04
    737,744     -360.0        36.0%        -3.346    6.660e+04
    737,952     -360.0        36.0%        -3.346    6.660e+04
    738,160     -450.0        45.0%        -3.346    6.660e+04
    738,368     -360.0        36.0%        -3.346    6.660e+04
    738,576     -440.0        44.0%        -3.346    6.660e+04
    738,784     -490.0        49.0%        -3.346    6.660e+04
    738,992     -490.0        49.0%        -3.346    6.660e+04
    739,200     -490.0        49.0%        -3.346    6.660e+04
    739,408     -490.0        49.0%        -3.346    6.660e+04
    739,616     -490.0        49.0%        -3.346    6.660e+04
    739,824     -490.0        49.0%        -3.346    6.660e+04
    740,032     -490.0        49.0%        -3.346    6.660e+04
    740,240     -490.0        49.0%        -3.346    6.660e+04
    740,448     -460.0        46.0%        -3.346    6.660e+04
    740,656     -490.0        49.0%        -3.346    6.660e+04
    740,864     -480.0        48.0%        -3.346    6.660e+04
    741,072     -410.0        41.0%        -3.346    6.660e+04
    741,280     -480.0        48.0%        -3.346    6.660e+04
    741,488     -480.0        48.0%        -3.346    7.882e+04
    741,696     -480.0        48.0%        -3.346    7.882e+04
    741,904     -570.0        57.0%        -3.346    7.882e+04
    742,112     -490.0        49.0%        -3.346    7.882e+04
    742,320     -610.0        61.0%        -3.346    7.882e+04
    742,528     -520.0        52.0%        -3.346    7.882e+04
    742,736     -560.0        56.0%        -3.346    7.882e+04
    742,944     -610.0        61.0%        -3.346    7.882e+04
    743,152     -610.0        61.0%        -3.346    7.882e+04
    743,360     -610.0        61.0%        -3.346    7.882e+04
    743,568     -610.0        61.0%        -3.346    7.882e+04
    743,776     -610.0        61.0%        -3.346    7.882e+04
    743,984     -610.0        61.0%        -3.346    7.882e+04
    744,192     -610.0        61.0%        -3.346    7.882e+04
    744,400     -610.0        61.0%        -3.346    7.882e+04
    744,608     -610.0        61.0%        -3.346    7.882e+04
    744,816     -610.0        61.0%        -3.346    7.882e+04
    745,024     -610.0        61.0%        -3.346    7.882e+04
    745,232     -610.0        61.0%        -3.346    7.882e+04
    745,440     -610.0        61.0%        -3.346    7.882e+04
    745,648     -610.0        61.0%        -3.346    9.750e+04
    745,856     -610.0        61.0%        -3.346    9.750e+04
    746,064     -610.0        61.0%        -3.346    9.750e+04
    746,272     -610.0        61.0%        -3.346    9.750e+04
    746,480     -610.0        61.0%        -3.346    9.750e+04
    746,688     -610.0        61.0%        -3.346    9.750e+04
    746,896     -610.0        61.0%        -3.346    9.750e+04
    747,104     -610.0        61.0%        -3.346    9.750e+04
    747,312     -610.0        61.0%        -3.346    9.750e+04
    747,520     -610.0        61.0%        -3.346    9.750e+04
    747,728     -610.0        61.0%        -3.346    9.750e+04
    747,936     -610.0        61.0%        -3.346    9.750e+04
    748,144     -540.0        54.0%        -3.346    9.750e+04
    748,352     -610.0        61.0%        -3.346    9.750e+04
    748,560     -610.0        61.0%        -3.346    9.750e+04
    748,768     -730.0        73.0%        -3.346    9.750e+04
    748,976     -740.0        74.0%        -3.346    9.750e+04
    749,184     -740.0        74.0%        -3.346    9.750e+04
    749,392     -740.0        74.0%        -3.346    9.750e+04
    749,600     -740.0        74.0%        -3.346    1.030e+05
    749,808     -740.0        74.0%        -3.346    1.030e+05
    750,016     -740.0        74.0%        -3.346    1.030e+05
    750,224     -740.0        74.0%        -3.346    1.030e+05
    750,432     -740.0        74.0%        -3.346    1.030e+05
    750,640     -740.0        74.0%        -3.346    1.030e+05
    750,848     -740.0        74.0%        -3.346    1.030e+05
    751,056     -740.0        74.0%        -3.346    1.030e+05
    751,264     -740.0        74.0%        -3.346    1.030e+05
    751,472     -740.0        74.0%        -3.346    1.030e+05
    751,680     -740.0        74.0%        -3.346    1.030e+05
    751,888     -740.0        74.0%        -3.346    1.030e+05
    752,096     -740.0        74.0%        -3.346    1.030e+05
    752,304     -740.0        74.0%        -3.346    1.030e+05
    752,512     -740.0        74.0%        -3.346    1.030e+05
    752,720     -740.0        74.0%        -3.346    1.030e+05
    752,928     -740.0        74.0%        -3.346    1.030e+05
    753,136     -740.0        74.0%        -3.346    1.030e+05
    753,344     -740.0        74.0%        -3.346    1.030e+05
    753,552     -740.0        74.0%        -3.346    1.030e+05
    753,760     -740.0        74.0%        -3.346    1.147e+05
    753,968     -740.0        74.0%        -3.346    1.147e+05
    754,176     -740.0        74.0%        -3.346    1.147e+05
    754,384     -740.0        74.0%        -3.346    1.147e+05
    754,592     -740.0        74.0%        -3.346    1.147e+05
    754,800     -740.0        74.0%        -3.346    1.147e+05
    755,008     -740.0        74.0%        -3.346    1.147e+05
    755,216     -740.0        74.0%        -3.346    1.147e+05
    755,424     -740.0        74.0%        -3.346    1.147e+05
    755,632     -740.0        74.0%        -3.346    1.147e+05
    755,840     -740.0        74.0%        -3.346    1.147e+05
    756,048     -740.0        74.0%        -3.346    1.147e+05
    756,256     -740.0        74.0%        -3.346    1.147e+05
    756,464     -740.0        74.0%        -3.346    1.147e+05
    756,672     -740.0        74.0%        -3.346    1.147e+05
    756,880     -740.0        74.0%        -3.346    1.147e+05
    757,088     -740.0        74.0%        -3.346    1.147e+05
    757,296     -740.0        74.0%        -3.346    1.147e+05
    757,504     -740.0        74.0%        -3.346    1.147e+05
    757,712     -740.0        74.0%        -3.346    1.147e+05
    757,920     -740.0        74.0%        -3.346    1.126e+05
    758,128     -740.0        74.0%        -3.346    1.126e+05
    758,336     -740.0        74.0%        -3.346    1.126e+05
    758,544     -740.0        74.0%        -3.346    1.126e+05
    758,752     -740.0        74.0%        -3.346    1.126e+05
    758,960     -740.0        74.0%        -3.346    1.126e+05
    759,168     -740.0        74.0%        -3.346    1.126e+05
    759,376     -740.0        74.0%        -3.346    1.126e+05
    759,584     -740.0        74.0%        -3.346    1.126e+05
    759,792     -740.0        74.0%        -3.346    1.126e+05
    760,000     -740.0        74.0%        -3.346    1.126e+05
    760,208     -740.0        74.0%        -3.346    1.126e+05
    760,416     -740.0        74.0%        -3.346    1.126e+05
    760,624     -740.0        74.0%        -3.346    1.126e+05
    760,832     -740.0        74.0%        -3.346    1.126e+05
    761,040     -740.0        74.0%        -3.346    1.126e+05
    761,248     -740.0        74.0%        -3.346    1.126e+05
    761,456     -740.0        74.0%        -3.346    1.126e+05
    761,664     -740.0        74.0%        -3.346    1.126e+05
    761,872     -740.0        74.0%        -3.346    1.107e+05
    762,080     -740.0        74.0%        -3.346    1.107e+05
    762,288     -740.0        74.0%        -3.346    1.107e+05
    762,496     -670.0        67.0%        -3.346    1.107e+05
    762,704     -620.0        62.0%        -3.346    1.107e+05
    762,912     -680.0        68.0%        -3.346    1.107e+05
    763,120     -740.0        74.0%        -3.346    1.107e+05
    763,328     -720.0        72.0%        -3.346    1.107e+05
    763,536     -630.0        63.0%        -3.346    1.107e+05
    763,744     -740.0        74.0%        -3.346    1.107e+05
    763,952     -740.0        74.0%        -3.346    1.107e+05
    764,160     -740.0        74.0%        -3.346    1.107e+05
    764,368     -740.0        74.0%        -3.346    1.107e+05
    764,576     -740.0        74.0%        -3.346    1.107e+05
    764,784     -680.0        68.0%        -3.346    1.107e+05
    764,992     -620.0        62.0%        -3.346    1.107e+05
    765,200     -620.0        62.0%        -3.346    1.107e+05
    765,408     -620.0        62.0%        -3.346    1.107e+05
    765,616     -620.0        62.0%        -3.346    1.107e+05
    765,824     -620.0        62.0%        -3.346    1.107e+05
    766,032     -620.0        62.0%        -3.346    1.016e+05
    766,240     -620.0        62.0%        -3.346    1.016e+05
    766,448     -620.0        62.0%        -3.346    1.016e+05
    766,656     -620.0        62.0%        -3.346    1.016e+05
    766,864     -620.0        62.0%        -3.346    1.016e+05
    767,072     -620.0        62.0%        -3.346    1.016e+05
    767,280     -710.0        71.0%        -3.346    1.016e+05
    767,488     -750.0        75.0%        -3.346    1.016e+05
    767,696     -750.0        75.0%        -3.346    1.016e+05
    767,904     -750.0        75.0%        -3.346    1.016e+05
    768,112     -750.0        75.0%        -3.346    1.016e+05
    768,320     -750.0        75.0%        -3.346    1.016e+05
    768,528     -750.0        75.0%        -3.346    1.016e+05
    768,736     -750.0        75.0%        -3.346    1.016e+05
    768,944     -750.0        75.0%        -3.346    1.016e+05
    769,152     -750.0        75.0%        -3.346    1.016e+05
    769,360     -750.0        75.0%        -3.346    1.016e+05
    769,568     -750.0        75.0%        -3.346    1.016e+05
    769,776     -750.0        75.0%        -3.346    1.016e+05
    769,984     -750.0        75.0%        -3.346    1.016e+05
    770,192     -860.0        86.0%        -3.346    1.028e+05
    770,400     -790.0        79.0%        -3.346    1.028e+05
    770,608     -860.0        86.0%        -3.346    1.028e+05
    770,816     -870.0        87.0%        -3.346    1.028e+05
    771,024     -870.0        87.0%        -3.346    1.028e+05
    771,232     -870.0        87.0%        -3.346    1.028e+05
    771,440     -870.0        87.0%        -3.346    1.028e+05
    771,648     -870.0        87.0%        -3.346    1.028e+05
    771,856     -860.0        86.0%        -3.346    1.028e+05
    772,064     -750.0        75.0%        -3.346    1.028e+05
    772,272     -750.0        75.0%        -3.346    1.028e+05
    772,480     -760.0        76.0%        -3.346    1.028e+05
    772,688     -870.0        87.0%        -3.346    1.028e+05
    772,896     -870.0        87.0%        -3.346    1.028e+05
    773,104     -870.0        87.0%        -3.346    1.028e+05
    773,312     -870.0        87.0%        -3.346    1.028e+05
    773,520     -870.0        87.0%        -3.346    1.028e+05
    773,728     -870.0        87.0%        -3.346    1.028e+05
    773,936     -870.0        87.0%        -3.346    1.028e+05
    774,144     -870.0        87.0%        -3.346    1.028e+05
    774,352     -870.0        87.0%        -3.346    1.171e+05
    774,560     -810.0        81.0%        -3.346    1.171e+05
    774,768     -750.0        75.0%        -3.346    1.171e+05
    774,976     -750.0        75.0%        -3.346    1.171e+05
    775,184     -750.0        75.0%        -3.346    1.171e+05
    775,392     -980.0        98.0%        -3.346    1.171e+05
    775,600    -1000.0       100.0%        -3.346    1.171e+05
    775,808    -1000.0       100.0%        -3.346    1.171e+05
    776,016    -1000.0       100.0%        -3.346    1.171e+05
    776,224    -1000.0       100.0%        -3.346    1.171e+05
    776,432    -1000.0       100.0%        -3.346    1.171e+05
    776,640    -1000.0       100.0%        -3.346    1.171e+05
    776,848    -1000.0       100.0%        -3.346    1.171e+05
    777,056     -940.0        94.0%        -3.346    1.171e+05
    777,264     -900.0        90.0%        -3.346    1.171e+05
    777,472     -930.0        93.0%        -3.346    1.171e+05
    777,680    -1000.0       100.0%        -3.346    1.171e+05
    777,888    -1000.0       100.0%        -3.346    1.171e+05
    778,096    -1000.0       100.0%        -3.346    1.171e+05
    778,304    -1000.0       100.0%        -3.346    1.243e+05
    778,512    -1000.0       100.0%        -3.346    1.243e+05
    778,720    -1000.0       100.0%        -3.346    1.243e+05
    778,928    -1000.0       100.0%        -3.346    1.243e+05
    779,136    -1000.0       100.0%        -3.346    1.243e+05
    779,344    -1000.0       100.0%        -3.346    1.243e+05
    779,552    -1000.0       100.0%        -3.346    1.243e+05
    779,760    -1000.0       100.0%        -3.346    1.243e+05
    779,968    -1000.0       100.0%        -3.346    1.243e+05
    780,176    -1000.0       100.0%        -3.346    1.243e+05
    780,384    -1000.0       100.0%        -3.346    1.243e+05
    780,592    -1000.0       100.0%        -3.346    1.243e+05
    780,800    -1000.0       100.0%        -3.346    1.243e+05
    781,008    -1000.0       100.0%        -3.346    1.243e+05
    781,216    -1000.0       100.0%        -3.346    1.243e+05
    781,424    -1000.0       100.0%        -3.346    1.243e+05
    781,632    -1000.0       100.0%        -3.346    1.243e+05
    781,840    -1000.0       100.0%        -3.346    1.243e+05
    782,048     -950.0        95.0%        -3.346    1.243e+05
    782,256     -880.0        88.0%        -3.346    1.243e+05
    782,464     -880.0        88.0%        -3.346    1.281e+05
    782,672     -990.0        99.0%        -3.346    1.281e+05
    782,880    -1000.0       100.0%        -3.346    1.281e+05
    783,088    -1000.0       100.0%        -3.346    1.281e+05
    783,296    -1000.0       100.0%        -3.346    1.281e+05
    783,504    -1000.0       100.0%        -3.346    1.281e+05
    783,712    -1000.0       100.0%        -3.346    1.281e+05
    783,920    -1000.0       100.0%        -3.346    1.281e+05
    784,128    -1000.0       100.0%        -3.346    1.281e+05
    784,336    -1000.0       100.0%        -3.346    1.281e+05
    784,544    -1000.0       100.0%        -3.346    1.281e+05
    784,752    -1000.0       100.0%        -3.346    1.281e+05
    784,960    -1000.0       100.0%        -3.346    1.281e+05
    785,168    -1000.0       100.0%        -3.346    1.281e+05
    785,376    -1000.0       100.0%        -3.346    1.281e+05
    785,584    -1000.0       100.0%        -3.346    1.281e+05
    785,792    -1000.0       100.0%        -3.346    1.281e+05
    786,000    -1000.0       100.0%        -3.346    1.281e+05
    786,208    -1000.0       100.0%        -3.346    1.281e+05
    786,416    -1000.0       100.0%        -3.346    1.281e+05
    786,624    -1000.0       100.0%        -3.346    1.263e+05
    786,832    -1000.0       100.0%        -3.346    1.263e+05
    787,040    -1000.0       100.0%        -3.346    1.263e+05
    787,248    -1000.0       100.0%        -3.346    1.263e+05
    787,456    -1000.0       100.0%        -3.346    1.263e+05
    787,664    -1000.0       100.0%        -3.346    1.263e+05
    787,872    -1000.0       100.0%        -3.346    1.263e+05
    788,080    -1000.0       100.0%        -3.346    1.263e+05
    788,288    -1000.0       100.0%        -3.346    1.263e+05
    788,496    -1000.0       100.0%        -3.346    1.263e+05
    788,704    -1000.0       100.0%        -3.346    1.263e+05
    788,912    -1000.0       100.0%        -3.346    1.263e+05
    789,120    -1000.0       100.0%        -3.346    1.263e+05
    789,328    -1000.0       100.0%        -3.346    1.263e+05
    789,536    -1000.0       100.0%        -3.346    1.263e+05
    789,744    -1000.0       100.0%        -3.346    1.263e+05
    789,952    -1000.0       100.0%        -3.346    1.263e+05
    790,160    -1000.0       100.0%        -3.346    1.263e+05
    790,368    -1000.0       100.0%        -3.346    1.263e+05
    790,576    -1000.0       100.0%        -3.346    1.244e+05
    790,784    -1000.0       100.0%        -3.346    1.244e+05
    790,992    -1000.0       100.0%        -3.346    1.244e+05
    791,200    -1000.0       100.0%        -3.346    1.244e+05
    791,408    -1000.0       100.0%        -3.346    1.244e+05
    791,616    -1000.0       100.0%        -3.346    1.244e+05
    791,824    -1000.0       100.0%        -3.346    1.244e+05
    792,032    -1000.0       100.0%        -3.346    1.244e+05
    792,240    -1000.0       100.0%        -3.346    1.244e+05
    792,448    -1000.0       100.0%        -3.346    1.244e+05
    792,656    -1000.0       100.0%        -3.346    1.244e+05
    792,864    -1000.0       100.0%        -3.346    1.244e+05
    793,072    -1000.0       100.0%        -3.346    1.244e+05
    793,280    -1000.0       100.0%        -3.346    1.244e+05
    793,488    -1000.0       100.0%        -3.346    1.244e+05
    793,696    -1000.0       100.0%        -3.346    1.244e+05
    793,904    -1000.0       100.0%        -3.346    1.244e+05
    794,112    -1000.0       100.0%        -3.346    1.244e+05
    794,320    -1000.0       100.0%        -3.346    1.244e+05
    794,528    -1000.0       100.0%        -3.346    1.244e+05
    794,736    -1000.0       100.0%        -3.346    1.220e+05
    794,944    -1000.0       100.0%        -3.346    1.220e+05
    795,152    -1000.0       100.0%        -3.346    1.220e+05
    795,360    -1000.0       100.0%        -3.346    1.220e+05
    795,568    -1000.0       100.0%        -3.346    1.220e+05
    795,776    -1000.0       100.0%        -3.346    1.220e+05
    795,984    -1000.0       100.0%        -3.346    1.220e+05
    796,192    -1000.0       100.0%        -3.346    1.220e+05
    796,400    -1000.0       100.0%        -3.346    1.220e+05
    796,608    -1000.0       100.0%        -3.346    1.220e+05
    796,816    -1000.0       100.0%        -3.346    1.220e+05
    797,024    -1000.0       100.0%        -3.346    1.220e+05
    797,232    -1000.0       100.0%        -3.346    1.220e+05
    797,440    -1000.0       100.0%        -3.346    1.220e+05
    797,648    -1000.0       100.0%        -3.346    1.220e+05
    797,856    -1000.0       100.0%        -3.346    1.220e+05
    798,064    -1000.0       100.0%        -3.346    1.220e+05
    798,272    -1000.0       100.0%        -3.346    1.220e+05
    798,480    -1000.0       100.0%        -3.346    1.220e+05
    798,688    -1000.0       100.0%        -3.346    1.220e+05
    798,896    -1000.0       100.0%        -3.346    1.196e+05
    799,104    -1000.0       100.0%        -3.346    1.196e+05
    799,312    -1000.0       100.0%        -3.346    1.196e+05
    799,520    -1000.0       100.0%        -3.346    1.196e+05
    799,728    -1000.0       100.0%        -3.346    1.196e+05
    799,936    -1000.0       100.0%        -3.346    1.196e+05
    800,144    -1000.0       100.0%        -3.346    1.196e+05
    800,352    -1000.0       100.0%        -3.346    1.196e+05
    800,560    -1000.0       100.0%        -3.346    1.196e+05
    800,768    -1000.0       100.0%        -3.346    1.196e+05
    800,976    -1000.0       100.0%        -3.346    1.196e+05
    801,184    -1000.0       100.0%        -3.346    1.196e+05
    801,392    -1000.0       100.0%        -3.346    1.196e+05
    801,600    -1000.0       100.0%        -3.346    1.196e+05
    801,808    -1000.0       100.0%        -3.346    1.196e+05
    802,016    -1000.0       100.0%        -3.346    1.196e+05
    802,224    -1000.0       100.0%        -3.346    1.196e+05
    802,432    -1000.0       100.0%        -3.346    1.196e+05
    802,640    -1000.0       100.0%        -3.346    1.196e+05
    802,848    -1000.0       100.0%        -3.346    1.173e+05
    803,056    -1000.0       100.0%        -3.346    1.173e+05
    803,264    -1000.0       100.0%        -3.346    1.173e+05
    803,472    -1000.0       100.0%        -3.346    1.173e+05
    803,680    -1000.0       100.0%        -3.346    1.173e+05
    803,888    -1000.0       100.0%        -3.346    1.173e+05
    804,096    -1000.0       100.0%        -3.346    1.173e+05
    804,304    -1000.0       100.0%        -3.346    1.173e+05
    804,512    -1000.0       100.0%        -3.346    1.173e+05
    804,720    -1000.0       100.0%        -3.346    1.173e+05
    804,928    -1000.0       100.0%        -3.346    1.173e+05
    805,136    -1000.0       100.0%        -3.346    1.173e+05
    805,344    -1000.0       100.0%        -3.346    1.173e+05
    805,552    -1000.0       100.0%        -3.346    1.173e+05
    805,760    -1000.0       100.0%        -3.346    1.173e+05
    805,968    -1000.0       100.0%        -3.346    1.173e+05
    806,176    -1000.0       100.0%        -3.346    1.173e+05
    806,384    -1000.0       100.0%        -3.346    1.173e+05
    806,592    -1000.0       100.0%        -3.346    1.173e+05
    806,800    -1000.0       100.0%        -3.346    1.173e+05
    807,008    -1000.0       100.0%        -3.346    1.150e+05
    807,216    -1000.0       100.0%        -3.346    1.150e+05
    807,424    -1000.0       100.0%        -3.346    1.150e+05
    807,632    -1000.0       100.0%        -3.346    1.150e+05
    807,840    -1000.0       100.0%        -3.346    1.150e+05
    808,048    -1000.0       100.0%        -3.346    1.150e+05
    808,256    -1000.0       100.0%        -3.346    1.150e+05
    808,464    -1000.0       100.0%        -3.346    1.150e+05
    808,672    -1000.0       100.0%        -3.346    1.150e+05
    808,880    -1000.0       100.0%        -3.346    1.150e+05
    809,088    -1000.0       100.0%        -3.346    1.150e+05
    809,296    -1000.0       100.0%        -3.346    1.150e+05
    809,504    -1000.0       100.0%        -3.346    1.150e+05
    809,712    -1000.0       100.0%        -3.346    1.150e+05
    809,920    -1000.0       100.0%        -3.346    1.150e+05
    810,128    -1000.0       100.0%        -3.346    1.150e+05
    810,336    -1000.0       100.0%        -3.346    1.150e+05
    810,544    -1000.0       100.0%        -3.346    1.150e+05
    810,752    -1000.0       100.0%        -3.346    1.150e+05
    810,960    -1000.0       100.0%        -3.346    1.150e+05
    811,168    -1000.0       100.0%        -3.346    1.128e+05
    811,376    -1000.0       100.0%        -3.346    1.128e+05
    811,584    -1000.0       100.0%        -3.346    1.128e+05
    811,792    -1000.0       100.0%        -3.346    1.128e+05
    812,000    -1000.0       100.0%        -3.346    1.128e+05
    812,208    -1000.0       100.0%        -3.346    1.128e+05
    812,416    -1000.0       100.0%        -3.346    1.128e+05
    812,624    -1000.0       100.0%        -3.346    1.128e+05
    812,832    -1000.0       100.0%        -3.346    1.128e+05
    813,040    -1000.0       100.0%        -3.346    1.128e+05
    813,248    -1000.0       100.0%        -3.346    1.128e+05
    813,456    -1000.0       100.0%        -3.346    1.128e+05
    813,664    -1000.0       100.0%        -3.346    1.128e+05
    813,872    -1000.0       100.0%        -3.346    1.128e+05
    814,080    -1000.0       100.0%        -3.346    1.128e+05
    814,288    -1000.0       100.0%        -3.346    1.128e+05
    814,496    -1000.0       100.0%        -3.346    1.128e+05
    814,704    -1000.0       100.0%        -3.346    1.128e+05
    814,912    -1000.0       100.0%        -3.346    1.128e+05
    815,120    -1000.0       100.0%        -3.346    1.106e+05
    815,328    -1000.0       100.0%        -3.346    1.106e+05
    815,536    -1000.0       100.0%        -3.346    1.106e+05
    815,744    -1000.0       100.0%        -3.346    1.106e+05
    815,952    -1000.0       100.0%        -3.346    1.106e+05
    816,160    -1000.0       100.0%        -3.346    1.106e+05
    816,368    -1000.0       100.0%        -3.346    1.106e+05
    816,576    -1000.0       100.0%        -3.346    1.106e+05
    816,784    -1000.0       100.0%        -3.346    1.106e+05
    816,992    -1000.0       100.0%        -3.346    1.106e+05
    817,200    -1000.0       100.0%        -3.346    1.106e+05
    817,408    -1000.0       100.0%        -3.346    1.106e+05
    817,616    -1000.0       100.0%        -3.346    1.106e+05
    817,824    -1000.0       100.0%        -3.346    1.106e+05
    818,032    -1000.0       100.0%        -3.346    1.106e+05
    818,240    -1000.0       100.0%        -3.346    1.106e+05
    818,448    -1000.0       100.0%        -3.346    1.106e+05
    818,656    -1000.0       100.0%        -3.346    1.106e+05
    818,864    -1000.0       100.0%        -3.346    1.106e+05
    819,072    -1000.0       100.0%        -3.346    1.106e+05
    819,280    -1000.0       100.0%        -3.347    1.084e+05
    819,488    -1000.0       100.0%        -3.347    1.084e+05
    819,696    -1000.0       100.0%        -3.347    1.084e+05
    819,904    -1000.0       100.0%        -3.347    1.084e+05
    820,112    -1000.0       100.0%        -3.347    1.084e+05
    820,320    -1000.0       100.0%        -3.347    1.084e+05
    820,528    -1000.0       100.0%        -3.347    1.084e+05
    820,736    -1000.0       100.0%        -3.347    1.084e+05
    820,944    -1000.0       100.0%        -3.347    1.084e+05
    821,152    -1000.0       100.0%        -3.347    1.084e+05
    821,360    -1000.0       100.0%        -3.347    1.084e+05
    821,568    -1000.0       100.0%        -3.347    1.084e+05
    821,776    -1000.0       100.0%        -3.347    1.084e+05
    821,984    -1000.0       100.0%        -3.347    1.084e+05
    822,192    -1000.0       100.0%        -3.347    1.084e+05
    822,400    -1000.0       100.0%        -3.347    1.084e+05
    822,608    -1000.0       100.0%        -3.347    1.084e+05
    822,816    -1000.0       100.0%        -3.347    1.084e+05
    823,024    -1000.0       100.0%        -3.347    1.084e+05
    823,232    -1000.0       100.0%        -3.347    1.084e+05
    823,440    -1000.0       100.0%        -3.347    1.063e+05
    823,648    -1000.0       100.0%        -3.347    1.063e+05
    823,856    -1000.0       100.0%        -3.347    1.063e+05
    824,064    -1000.0       100.0%        -3.347    1.063e+05
    824,272    -1000.0       100.0%        -3.347    1.063e+05
    824,480    -1000.0       100.0%        -3.347    1.063e+05
    824,688    -1000.0       100.0%        -3.347    1.063e+05
    824,896    -1000.0       100.0%        -3.347    1.063e+05
    825,104    -1000.0       100.0%        -3.347    1.063e+05
    825,312    -1000.0       100.0%        -3.347    1.063e+05
    825,520    -1000.0       100.0%        -3.347    1.063e+05
    825,728    -1000.0       100.0%        -3.347    1.063e+05
    825,936    -1000.0       100.0%        -3.347    1.063e+05
    826,144    -1000.0       100.0%        -3.347    1.063e+05
    826,352    -1000.0       100.0%        -3.347    1.063e+05
    826,560    -1000.0       100.0%        -3.347    1.063e+05
    826,768    -1000.0       100.0%        -3.347    1.063e+05
    826,976    -1000.0       100.0%        -3.347    1.063e+05
    827,184    -1000.0       100.0%        -3.347    1.063e+05
    827,392    -1000.0       100.0%        -3.347    1.063e+05
    827,600    -1000.0       100.0%        -3.347    1.042e+05
    827,808    -1000.0       100.0%        -3.347    1.042e+05
    828,016    -1000.0       100.0%        -3.347    1.042e+05
    828,224    -1000.0       100.0%        -3.347    1.042e+05
    828,432    -1000.0       100.0%        -3.347    1.042e+05
    828,640    -1000.0       100.0%        -3.347    1.042e+05
    828,848    -1000.0       100.0%        -3.347    1.042e+05
    829,056    -1000.0       100.0%        -3.347    1.042e+05
    829,264    -1000.0       100.0%        -3.347    1.042e+05
    829,472    -1000.0       100.0%        -3.347    1.042e+05
    829,680    -1000.0       100.0%        -3.347    1.042e+05
    829,888    -1000.0       100.0%        -3.347    1.042e+05
    830,096    -1000.0       100.0%        -3.347    1.042e+05
    830,304    -1000.0       100.0%        -3.347    1.042e+05
    830,512    -1000.0       100.0%        -3.347    1.042e+05
    830,720    -1000.0       100.0%        -3.347    1.042e+05
    830,928    -1000.0       100.0%        -3.347    1.042e+05
    831,136    -1000.0       100.0%        -3.347    1.042e+05
    831,344    -1000.0       100.0%        -3.347    1.042e+05
    831,552    -1000.0       100.0%        -3.347    1.021e+05
    831,760    -1000.0       100.0%        -3.347    1.021e+05
    831,968    -1000.0       100.0%        -3.347    1.021e+05
    832,176    -1000.0       100.0%        -3.347    1.021e+05
    832,384    -1000.0       100.0%        -3.347    1.021e+05
    832,592    -1000.0       100.0%        -3.347    1.021e+05
    832,800    -1000.0       100.0%        -3.347    1.021e+05
    833,008    -1000.0       100.0%        -3.347    1.021e+05
    833,216    -1000.0       100.0%        -3.347    1.021e+05
    833,424    -1000.0       100.0%        -3.347    1.021e+05
    833,632    -1000.0       100.0%        -3.347    1.021e+05
    833,840    -1000.0       100.0%        -3.347    1.021e+05
    834,048    -1000.0       100.0%        -3.347    1.021e+05
    834,256    -1000.0       100.0%        -3.347    1.021e+05
    834,464    -1000.0       100.0%        -3.347    1.021e+05
    834,672    -1000.0       100.0%        -3.347    1.021e+05
    834,880    -1000.0       100.0%        -3.347    1.021e+05
    835,088    -1000.0       100.0%        -3.347    1.021e+05
    835,296    -1000.0       100.0%        -3.347    1.021e+05
    835,504    -1000.0       100.0%        -3.347    1.021e+05
    835,712    -1000.0       100.0%        -3.347    1.000e+05
    835,920    -1000.0       100.0%        -3.347    1.000e+05
    836,128    -1000.0       100.0%        -3.347    1.000e+05
    836,336    -1000.0       100.0%        -3.347    1.000e+05
    836,544    -1000.0       100.0%        -3.347    1.000e+05
    836,752    -1000.0       100.0%        -3.347    1.000e+05
    836,960    -1000.0       100.0%        -3.347    1.000e+05
    837,168    -1000.0       100.0%        -3.347    1.000e+05
    837,376    -1000.0       100.0%        -3.347    1.000e+05
    837,584    -1000.0       100.0%        -3.347    1.000e+05
    837,792    -1000.0       100.0%        -3.347    1.000e+05
    838,000    -1000.0       100.0%        -3.347    1.000e+05
    838,208    -1000.0       100.0%        -3.347    1.000e+05
    838,416    -1000.0       100.0%        -3.347    1.000e+05
    838,624    -1000.0       100.0%        -3.347    1.000e+05
    838,832    -1000.0       100.0%        -3.347    1.000e+05
    839,040    -1000.0       100.0%        -3.347    1.000e+05
    839,248    -1000.0       100.0%        -3.347    1.000e+05
    839,456    -1000.0       100.0%        -3.347    1.000e+05
    839,664    -1000.0       100.0%        -3.347    1.000e+05
    839,872    -1000.0       100.0%        -3.347    9.802e+04
    840,080    -1000.0       100.0%        -3.347    9.802e+04
    840,288    -1000.0       100.0%        -3.347    9.802e+04
    840,496    -1000.0       100.0%        -3.347    9.802e+04
    840,704    -1000.0       100.0%        -3.347    9.802e+04
    840,912    -1000.0       100.0%        -3.347    9.802e+04
    841,120    -1000.0       100.0%        -3.347    9.802e+04
    841,328    -1000.0       100.0%        -3.347    9.802e+04
    841,536    -1000.0       100.0%        -3.347    9.802e+04
    841,744    -1000.0       100.0%        -3.347    9.802e+04
    841,952    -1000.0       100.0%        -3.347    9.802e+04
    842,160    -1000.0       100.0%        -3.347    9.802e+04
    842,368    -1000.0       100.0%        -3.347    9.802e+04
    842,576    -1000.0       100.0%        -3.347    9.802e+04
    842,784    -1000.0       100.0%        -3.347    9.802e+04
    842,992    -1000.0       100.0%        -3.347    9.802e+04
    843,200    -1000.0       100.0%        -3.347    9.802e+04
    843,408    -1000.0       100.0%        -3.347    9.802e+04
    843,616    -1000.0       100.0%        -3.347    9.802e+04
    843,824    -1000.0       100.0%        -3.347    9.602e+04
    844,032    -1000.0       100.0%        -3.347    9.602e+04
    844,240    -1000.0       100.0%        -3.347    9.602e+04
    844,448    -1000.0       100.0%        -3.347    9.602e+04
    844,656    -1000.0       100.0%        -3.347    9.602e+04
    844,864    -1000.0       100.0%        -3.347    9.602e+04
    845,072    -1000.0       100.0%        -3.347    9.602e+04
    845,280    -1000.0       100.0%        -3.347    9.602e+04
    845,488    -1000.0       100.0%        -3.347    9.602e+04
    845,696    -1000.0       100.0%        -3.347    9.602e+04
    845,904    -1000.0       100.0%        -3.347    9.602e+04
    846,112    -1000.0       100.0%        -3.347    9.602e+04
    846,320    -1000.0       100.0%        -3.347    9.602e+04
    846,528    -1000.0       100.0%        -3.347    9.602e+04
    846,736    -1000.0       100.0%        -3.347    9.602e+04
    846,944    -1000.0       100.0%        -3.347    9.602e+04
    847,152    -1000.0       100.0%        -3.347    9.602e+04
    847,360    -1000.0       100.0%        -3.347    9.602e+04
    847,568    -1000.0       100.0%        -3.347    9.602e+04
    847,776    -1000.0       100.0%        -3.347    9.602e+04
    847,984    -1000.0       100.0%        -3.347    9.405e+04
    848,192    -1000.0       100.0%        -3.347    9.405e+04
    848,400    -1000.0       100.0%        -3.347    9.405e+04
    848,608    -1000.0       100.0%        -3.347    9.405e+04
    848,816    -1000.0       100.0%        -3.347    9.405e+04
    849,024    -1000.0       100.0%        -3.347    9.405e+04
    849,232    -1000.0       100.0%        -3.347    9.405e+04
    849,440    -1000.0       100.0%        -3.347    9.405e+04
    849,648    -1000.0       100.0%        -3.347    9.405e+04
    849,856    -1000.0       100.0%        -3.347    9.405e+04
    850,064    -1000.0       100.0%        -3.347    9.405e+04
    850,272    -1000.0       100.0%        -3.347    9.405e+04
    850,480    -1000.0       100.0%        -3.347    9.405e+04
    850,688    -1000.0       100.0%        -3.347    9.405e+04
    850,896    -1000.0       100.0%        -3.347    9.405e+04
    851,104    -1000.0       100.0%        -3.347    9.405e+04
    851,312    -1000.0       100.0%        -3.347    9.405e+04
    851,520    -1000.0       100.0%        -3.347    9.405e+04
    851,728    -1000.0       100.0%        -3.347    9.405e+04
    851,936    -1000.0       100.0%        -3.347    9.405e+04
    852,144    -1000.0       100.0%        -3.347    9.210e+04
    852,352    -1000.0       100.0%        -3.347    9.210e+04
    852,560    -1000.0       100.0%        -3.347    9.210e+04
    852,768    -1000.0       100.0%        -3.347    9.210e+04
    852,976    -1000.0       100.0%        -3.347    9.210e+04
    853,184    -1000.0       100.0%        -3.347    9.210e+04
    853,392    -1000.0       100.0%        -3.347    9.210e+04
    853,600    -1000.0       100.0%        -3.347    9.210e+04
    853,808    -1000.0       100.0%        -3.347    9.210e+04
    854,016    -1000.0       100.0%        -3.347    9.210e+04
    854,224    -1000.0       100.0%        -3.347    9.210e+04
    854,432    -1000.0       100.0%        -3.347    9.210e+04
    854,640    -1000.0       100.0%        -3.347    9.210e+04
    854,848    -1000.0       100.0%        -3.347    9.210e+04
    855,056    -1000.0       100.0%        -3.347    9.210e+04
    855,264    -1000.0       100.0%        -3.347    9.210e+04
    855,472    -1000.0       100.0%        -3.347    9.210e+04
    855,680    -1000.0       100.0%        -3.347    9.210e+04
    855,888    -1000.0       100.0%        -3.347    9.210e+04
    856,096    -1000.0       100.0%        -3.347    9.018e+04
    856,304    -1000.0       100.0%        -3.347    9.018e+04
    856,512    -1000.0       100.0%        -3.347    9.018e+04
    856,720    -1000.0       100.0%        -3.347    9.018e+04
    856,928    -1000.0       100.0%        -3.347    9.018e+04
    857,136    -1000.0       100.0%        -3.347    9.018e+04
    857,344    -1000.0       100.0%        -3.347    9.018e+04
    857,552    -1000.0       100.0%        -3.347    9.018e+04
    857,760    -1000.0       100.0%        -3.347    9.018e+04
    857,968    -1000.0       100.0%        -3.347    9.018e+04
    858,176    -1000.0       100.0%        -3.347    9.018e+04
    858,384    -1000.0       100.0%        -3.347    9.018e+04
    858,592    -1000.0       100.0%        -3.347    9.018e+04
    858,800    -1000.0       100.0%        -3.347    9.018e+04
    859,008    -1000.0       100.0%        -3.347    9.018e+04
    859,216    -1000.0       100.0%        -3.347    9.018e+04
    859,424    -1000.0       100.0%        -3.347    9.018e+04
    859,632    -1000.0       100.0%        -3.347    9.018e+04
    859,840    -1000.0       100.0%        -3.347    9.018e+04
    860,048    -1000.0       100.0%        -3.347    9.018e+04
    860,256    -1000.0       100.0%        -3.347    8.828e+04
    860,464    -1000.0       100.0%        -3.347    8.828e+04
    860,672    -1000.0       100.0%        -3.347    8.828e+04
    860,880    -1000.0       100.0%        -3.347    8.828e+04
    861,088    -1000.0       100.0%        -3.347    8.828e+04
    861,296    -1000.0       100.0%        -3.347    8.828e+04
    861,504    -1000.0       100.0%        -3.347    8.828e+04
    861,712    -1000.0       100.0%        -3.347    8.828e+04
    861,920    -1000.0       100.0%        -3.347    8.828e+04
    862,128    -1000.0       100.0%        -3.347    8.828e+04
    862,336    -1000.0       100.0%        -3.347    8.828e+04
    862,544    -1000.0       100.0%        -3.347    8.828e+04
    862,752    -1000.0       100.0%        -3.347    8.828e+04
    862,960    -1000.0       100.0%        -3.347    8.828e+04
    863,168    -1000.0       100.0%        -3.347    8.828e+04
    863,376    -1000.0       100.0%        -3.347    8.828e+04
    863,584    -1000.0       100.0%        -3.347    8.828e+04
    863,792    -1000.0       100.0%        -3.347    8.828e+04
    864,000    -1000.0       100.0%        -3.347    8.828e+04
    864,208    -1000.0       100.0%        -3.347    8.828e+04
    864,416    -1000.0       100.0%        -3.347    8.641e+04
    864,624    -1000.0       100.0%        -3.347    8.641e+04
    864,832    -1000.0       100.0%        -3.347    8.641e+04
    865,040    -1000.0       100.0%        -3.347    8.641e+04
    865,248    -1000.0       100.0%        -3.347    8.641e+04
    865,456    -1000.0       100.0%        -3.347    8.641e+04
    865,664    -1000.0       100.0%        -3.347    8.641e+04
    865,872    -1000.0       100.0%        -3.347    8.641e+04
    866,080    -1000.0       100.0%        -3.347    8.641e+04
    866,288    -1000.0       100.0%        -3.347    8.641e+04
    866,496    -1000.0       100.0%        -3.347    8.641e+04
    866,704    -1000.0       100.0%        -3.347    8.641e+04
    866,912    -1000.0       100.0%        -3.347    8.641e+04
    867,120    -1000.0       100.0%        -3.347    8.641e+04
    867,328    -1000.0       100.0%        -3.347    8.641e+04
    867,536    -1000.0       100.0%        -3.347    8.641e+04
    867,744    -1000.0       100.0%        -3.347    8.641e+04
    867,952    -1000.0       100.0%        -3.347    8.641e+04
    868,160    -1000.0       100.0%        -3.347    8.641e+04
    868,368    -1000.0       100.0%        -3.347    8.456e+04
    868,576    -1000.0       100.0%        -3.347    8.456e+04
    868,784    -1000.0       100.0%        -3.347    8.456e+04
    868,992    -1000.0       100.0%        -3.347    8.456e+04
    869,200    -1000.0       100.0%        -3.347    8.456e+04
    869,408    -1000.0       100.0%        -3.347    8.456e+04
    869,616    -1000.0       100.0%        -3.347    8.456e+04
    869,824    -1000.0       100.0%        -3.347    8.456e+04
    870,032    -1000.0       100.0%        -3.347    8.456e+04
    870,240    -1000.0       100.0%        -3.347    8.456e+04
    870,448    -1000.0       100.0%        -3.347    8.456e+04
    870,656    -1000.0       100.0%        -3.347    8.456e+04
    870,864    -1000.0       100.0%        -3.347    8.456e+04
    871,072    -1000.0       100.0%        -3.347    8.456e+04
    871,280    -1000.0       100.0%        -3.347    8.456e+04
    871,488    -1000.0       100.0%        -3.347    8.456e+04
    871,696    -1000.0       100.0%        -3.347    8.456e+04
    871,904    -1000.0       100.0%        -3.347    8.456e+04
    872,112    -1000.0       100.0%        -3.347    8.456e+04
    872,320    -1000.0       100.0%        -3.347    8.456e+04
    872,528    -1000.0       100.0%        -3.347    8.274e+04
    872,736    -1000.0       100.0%        -3.347    8.274e+04
    872,944    -1000.0       100.0%        -3.347    8.274e+04
    873,152    -1000.0       100.0%        -3.347    8.274e+04
    873,360    -1000.0       100.0%        -3.347    8.274e+04
    873,568    -1000.0       100.0%        -3.347    8.274e+04
    873,776    -1000.0       100.0%        -3.347    8.274e+04
    873,984    -1000.0       100.0%        -3.347    8.274e+04
    874,192    -1000.0       100.0%        -3.347    8.274e+04
    874,400    -1000.0       100.0%        -3.347    8.274e+04
    874,608    -1000.0       100.0%        -3.347    8.274e+04
    874,816    -1000.0       100.0%        -3.347    8.274e+04
    875,024    -1000.0       100.0%        -3.347    8.274e+04
    875,232    -1000.0       100.0%        -3.347    8.274e+04
    875,440    -1000.0       100.0%        -3.347    8.274e+04
    875,648    -1000.0       100.0%        -3.347    8.274e+04
    875,856    -1000.0       100.0%        -3.347    8.274e+04
    876,064    -1000.0       100.0%        -3.347    8.274e+04
    876,272    -1000.0       100.0%        -3.347    8.274e+04
    876,480    -1000.0       100.0%        -3.347    8.274e+04
    876,688    -1000.0       100.0%        -3.347    8.093e+04
    876,896    -1000.0       100.0%        -3.347    8.093e+04
    877,104    -1000.0       100.0%        -3.347    8.093e+04
    877,312    -1000.0       100.0%        -3.347    8.093e+04
    877,520    -1000.0       100.0%        -3.347    8.093e+04
    877,728    -1000.0       100.0%        -3.347    8.093e+04
    877,936    -1000.0       100.0%        -3.347    8.093e+04
    878,144    -1000.0       100.0%        -3.347    8.093e+04
    878,352    -1000.0       100.0%        -3.347    8.093e+04
    878,560    -1000.0       100.0%        -3.347    8.093e+04
    878,768    -1000.0       100.0%        -3.347    8.093e+04
    878,976    -1000.0       100.0%        -3.347    8.093e+04
    879,184    -1000.0       100.0%        -3.347    8.093e+04
    879,392    -1000.0       100.0%        -3.347    8.093e+04
    879,600    -1000.0       100.0%        -3.347    8.093e+04
    879,808    -1000.0       100.0%        -3.347    8.093e+04
    880,016    -1000.0       100.0%        -3.347    8.093e+04
    880,224    -1000.0       100.0%        -3.347    8.093e+04
    880,432    -1000.0       100.0%        -3.347    8.093e+04
    880,640    -1000.0       100.0%        -3.347    8.093e+04
    880,848    -1000.0       100.0%        -3.347    7.915e+04
    881,056    -1000.0       100.0%        -3.347    7.915e+04
    881,264    -1000.0       100.0%        -3.347    7.915e+04
    881,472    -1000.0       100.0%        -3.347    7.915e+04
    881,680    -1000.0       100.0%        -3.347    7.915e+04
    881,888    -1000.0       100.0%        -3.347    7.915e+04
    882,096    -1000.0       100.0%        -3.347    7.915e+04
    882,304    -1000.0       100.0%        -3.347    7.915e+04
    882,512    -1000.0       100.0%        -3.347    7.915e+04
    882,720    -1000.0       100.0%        -3.347    7.915e+04
    882,928    -1000.0       100.0%        -3.347    7.915e+04
    883,136    -1000.0       100.0%        -3.347    7.915e+04
    883,344    -1000.0       100.0%        -3.347    7.915e+04
    883,552    -1000.0       100.0%        -3.347    7.915e+04
    883,760    -1000.0       100.0%        -3.347    7.915e+04
    883,968    -1000.0       100.0%        -3.347    7.915e+04
    884,176    -1000.0       100.0%        -3.347    7.915e+04
    884,384    -1000.0       100.0%        -3.347    7.915e+04
    884,592    -1000.0       100.0%        -3.347    7.915e+04
    884,800    -1000.0       100.0%        -3.347    7.739e+04
    885,008    -1000.0       100.0%        -3.347    7.739e+04
    885,216    -1000.0       100.0%        -3.347    7.739e+04
    885,424    -1000.0       100.0%        -3.347    7.739e+04
    885,632    -1000.0       100.0%        -3.347    7.739e+04
    885,840    -1000.0       100.0%        -3.347    7.739e+04
    886,048    -1000.0       100.0%        -3.347    7.739e+04
    886,256    -1000.0       100.0%        -3.347    7.739e+04
    886,464    -1000.0       100.0%        -3.347    7.739e+04
    886,672    -1000.0       100.0%        -3.347    7.739e+04
    886,880    -1000.0       100.0%        -3.347    7.739e+04
    887,088    -1000.0       100.0%        -3.347    7.739e+04
    887,296    -1000.0       100.0%        -3.347    7.739e+04
    887,504    -1000.0       100.0%        -3.347    7.739e+04
    887,712    -1000.0       100.0%        -3.347    7.739e+04
    887,920    -1000.0       100.0%        -3.347    7.739e+04
    888,128    -1000.0       100.0%        -3.347    7.739e+04
    888,336    -1000.0       100.0%        -3.347    7.739e+04
    888,544    -1000.0       100.0%        -3.347    7.739e+04
    888,752    -1000.0       100.0%        -3.347    7.739e+04
    888,960    -1000.0       100.0%        -3.347    7.566e+04
    889,168    -1000.0       100.0%        -3.347    7.566e+04
    889,376    -1000.0       100.0%        -3.347    7.566e+04
    889,584    -1000.0       100.0%        -3.347    7.566e+04
    889,792    -1000.0       100.0%        -3.347    7.566e+04
    890,000    -1000.0       100.0%        -3.347    7.566e+04
    890,208    -1000.0       100.0%        -3.347    7.566e+04
    890,416    -1000.0       100.0%        -3.347    7.566e+04
    890,624    -1000.0       100.0%        -3.347    7.566e+04
    890,832    -1000.0       100.0%        -3.347    7.566e+04
    891,040    -1000.0       100.0%        -3.347    7.566e+04
    891,248    -1000.0       100.0%        -3.347    7.566e+04
    891,456    -1000.0       100.0%        -3.347    7.566e+04
    891,664    -1000.0       100.0%        -3.347    7.566e+04
    891,872    -1000.0       100.0%        -3.347    7.566e+04
    892,080    -1000.0       100.0%        -3.347    7.566e+04
    892,288    -1000.0       100.0%        -3.347    7.566e+04
    892,496    -1000.0       100.0%        -3.347    7.566e+04
    892,704    -1000.0       100.0%        -3.347    7.566e+04
    892,912    -1000.0       100.0%        -3.347    7.566e+04
    893,120    -1000.0       100.0%        -3.347    7.394e+04
    893,328    -1000.0       100.0%        -3.347    7.394e+04
    893,536    -1000.0       100.0%        -3.347    7.394e+04
    893,744    -1000.0       100.0%        -3.347    7.394e+04
    893,952    -1000.0       100.0%        -3.347    7.394e+04
    894,160    -1000.0       100.0%        -3.347    7.394e+04
    894,368    -1000.0       100.0%        -3.347    7.394e+04
    894,576    -1000.0       100.0%        -3.347    7.394e+04
    894,784    -1000.0       100.0%        -3.347    7.394e+04
    894,992    -1000.0       100.0%        -3.347    7.394e+04
    895,200    -1000.0       100.0%        -3.347    7.394e+04
    895,408    -1000.0       100.0%        -3.347    7.394e+04
    895,616    -1000.0       100.0%        -3.347    7.394e+04
    895,824    -1000.0       100.0%        -3.347    7.394e+04
    896,032    -1000.0       100.0%        -3.347    7.394e+04
    896,240    -1000.0       100.0%        -3.347    7.394e+04
    896,448    -1000.0       100.0%        -3.347    7.394e+04
    896,656    -1000.0       100.0%        -3.347    7.394e+04
    896,864    -1000.0       100.0%        -3.347    7.394e+04
    897,072    -1000.0       100.0%        -3.347    7.225e+04
    897,280    -1000.0       100.0%        -3.347    7.225e+04
    897,488    -1000.0       100.0%        -3.347    7.225e+04
    897,696    -1000.0       100.0%        -3.347    7.225e+04
    897,904    -1000.0       100.0%        -3.347    7.225e+04
    898,112    -1000.0       100.0%        -3.347    7.225e+04
    898,320    -1000.0       100.0%        -3.347    7.225e+04
    898,528    -1000.0       100.0%        -3.347    7.225e+04
    898,736    -1000.0       100.0%        -3.347    7.225e+04
    898,944    -1000.0       100.0%        -3.347    7.225e+04
    899,152    -1000.0       100.0%        -3.347    7.225e+04
    899,360    -1000.0       100.0%        -3.347    7.225e+04
    899,568    -1000.0       100.0%        -3.347    7.225e+04
    899,776    -1000.0       100.0%        -3.347    7.225e+04
    899,984    -1000.0       100.0%        -3.347    7.225e+04
    900,192    -1000.0       100.0%        -3.347    7.225e+04
    900,400    -1000.0       100.0%        -3.347    7.225e+04
    900,608    -1000.0       100.0%        -3.347    7.225e+04
    900,816    -1000.0       100.0%        -3.347    7.225e+04
    901,024    -1000.0       100.0%        -3.347    7.225e+04
    901,232    -1000.0       100.0%        -3.347    7.057e+04
    901,440    -1000.0       100.0%        -3.347    7.057e+04
    901,648    -1000.0       100.0%        -3.347    7.057e+04
    901,856    -1000.0       100.0%        -3.347    7.057e+04
    902,064    -1000.0       100.0%        -3.347    7.057e+04
    902,272    -1000.0       100.0%        -3.347    7.057e+04
    902,480    -1000.0       100.0%        -3.347    7.057e+04
    902,688    -1000.0       100.0%        -3.347    7.057e+04
    902,896    -1000.0       100.0%        -3.347    7.057e+04
    903,104    -1000.0       100.0%        -3.347    7.057e+04
    903,312    -1000.0       100.0%        -3.347    7.057e+04
    903,520    -1000.0       100.0%        -3.347    7.057e+04
    903,728    -1000.0       100.0%        -3.347    7.057e+04
    903,936    -1000.0       100.0%        -3.347    7.057e+04
    904,144    -1000.0       100.0%        -3.347    7.057e+04
    904,352    -1000.0       100.0%        -3.347    7.057e+04
    904,560    -1000.0       100.0%        -3.347    7.057e+04
    904,768    -1000.0       100.0%        -3.347    7.057e+04
    904,976    -1000.0       100.0%        -3.347    7.057e+04
    905,184    -1000.0       100.0%        -3.347    7.057e+04
    905,392    -1000.0       100.0%        -3.347    6.892e+04
    905,600    -1000.0       100.0%        -3.347    6.892e+04
    905,808    -1000.0       100.0%        -3.347    6.892e+04
    906,016    -1000.0       100.0%        -3.347    6.892e+04
    906,224    -1000.0       100.0%        -3.347    6.892e+04
    906,432    -1000.0       100.0%        -3.347    6.892e+04
    906,640    -1000.0       100.0%        -3.347    6.892e+04
    906,848    -1000.0       100.0%        -3.347    6.892e+04
    907,056    -1000.0       100.0%        -3.347    6.892e+04
    907,264    -1000.0       100.0%        -3.347    6.892e+04
    907,472    -1000.0       100.0%        -3.347    6.892e+04
    907,680    -1000.0       100.0%        -3.347    6.892e+04
    907,888    -1000.0       100.0%        -3.347    6.892e+04
    908,096    -1000.0       100.0%        -3.347    6.892e+04
    908,304    -1000.0       100.0%        -3.347    6.892e+04
    908,512    -1000.0       100.0%        -3.347    6.892e+04
    908,720    -1000.0       100.0%        -3.347    6.892e+04
    908,928    -1000.0       100.0%        -3.347    6.892e+04
    909,136    -1000.0       100.0%        -3.347    6.892e+04
    909,344    -1000.0       100.0%        -3.347    6.729e+04
    909,552    -1000.0       100.0%        -3.347    6.729e+04
    909,760    -1000.0       100.0%        -3.347    6.729e+04
    909,968    -1000.0       100.0%        -3.347    6.729e+04
    910,176    -1000.0       100.0%        -3.347    6.729e+04
    910,384    -1000.0       100.0%        -3.347    6.729e+04
    910,592    -1000.0       100.0%        -3.347    6.729e+04
    910,800    -1000.0       100.0%        -3.347    6.729e+04
    911,008    -1000.0       100.0%        -3.347    6.729e+04
    911,216    -1000.0       100.0%        -3.347    6.729e+04
    911,424    -1000.0       100.0%        -3.347    6.729e+04
    911,632    -1000.0       100.0%        -3.347    6.729e+04
    911,840    -1000.0       100.0%        -3.347    6.729e+04
    912,048    -1000.0       100.0%        -3.347    6.729e+04
    912,256    -1000.0       100.0%        -3.347    6.729e+04
    912,464    -1000.0       100.0%        -3.347    6.729e+04
    912,672    -1000.0       100.0%        -3.347    6.729e+04
    912,880    -1000.0       100.0%        -3.347    6.729e+04
    913,088    -1000.0       100.0%        -3.347    6.729e+04
    913,296    -1000.0       100.0%        -3.347    6.729e+04
    913,504    -1000.0       100.0%        -3.347    6.568e+04
    913,712    -1000.0       100.0%        -3.347    6.568e+04
    913,920    -1000.0       100.0%        -3.347    6.568e+04
    914,128    -1000.0       100.0%        -3.347    6.568e+04
    914,336    -1000.0       100.0%        -3.347    6.568e+04
    914,544    -1000.0       100.0%        -3.347    6.568e+04
    914,752    -1000.0       100.0%        -3.347    6.568e+04
    914,960    -1000.0       100.0%        -3.347    6.568e+04
    915,168    -1000.0       100.0%        -3.347    6.568e+04
    915,376    -1000.0       100.0%        -3.347    6.568e+04
    915,584    -1000.0       100.0%        -3.347    6.568e+04
    915,792    -1000.0       100.0%        -3.347    6.568e+04
    916,000    -1000.0       100.0%        -3.347    6.568e+04
    916,208    -1000.0       100.0%        -3.347    6.568e+04
    916,416    -1000.0       100.0%        -3.347    6.568e+04
    916,624    -1000.0       100.0%        -3.347    6.568e+04
    916,832    -1000.0       100.0%        -3.347    6.568e+04
    917,040    -1000.0       100.0%        -3.347    6.568e+04
    917,248    -1000.0       100.0%        -3.347    6.568e+04
    917,456    -1000.0       100.0%        -3.347    6.568e+04
    917,664    -1000.0       100.0%        -3.347    6.409e+04
    917,872    -1000.0       100.0%        -3.347    6.409e+04
    918,080    -1000.0       100.0%        -3.347    6.409e+04
    918,288    -1000.0       100.0%        -3.347    6.409e+04
    918,496    -1000.0       100.0%        -3.347    6.409e+04
    918,704    -1000.0       100.0%        -3.347    6.409e+04
    918,912    -1000.0       100.0%        -3.347    6.409e+04
    919,120    -1000.0       100.0%        -3.347    6.409e+04
    919,328    -1000.0       100.0%        -3.347    6.409e+04
    919,536    -1000.0       100.0%        -3.347    6.409e+04
    919,744    -1000.0       100.0%        -3.347    6.409e+04
    919,952    -1000.0       100.0%        -3.347    6.409e+04
    920,160    -1000.0       100.0%        -3.347    6.409e+04
    920,368    -1000.0       100.0%        -3.347    6.409e+04
    920,576    -1000.0       100.0%        -3.347    6.409e+04
    920,784    -1000.0       100.0%        -3.347    6.409e+04
    920,992    -1000.0       100.0%        -3.347    6.409e+04
    921,200    -1000.0       100.0%        -3.347    6.409e+04
    921,408    -1000.0       100.0%        -3.347    6.409e+04
    921,616    -1000.0       100.0%        -3.347    6.252e+04
    921,824    -1000.0       100.0%        -3.347    6.252e+04
    922,032    -1000.0       100.0%        -3.347    6.252e+04
    922,240    -1000.0       100.0%        -3.347    6.252e+04
    922,448    -1000.0       100.0%        -3.347    6.252e+04
    922,656    -1000.0       100.0%        -3.347    6.252e+04
    922,864    -1000.0       100.0%        -3.347    6.252e+04
    923,072    -1000.0       100.0%        -3.347    6.252e+04
    923,280    -1000.0       100.0%        -3.347    6.252e+04
    923,488    -1000.0       100.0%        -3.347    6.252e+04
    923,696    -1000.0       100.0%        -3.347    6.252e+04
    923,904    -1000.0       100.0%        -3.347    6.252e+04
    924,112    -1000.0       100.0%        -3.347    6.252e+04
    924,320    -1000.0       100.0%        -3.347    6.252e+04
    924,528    -1000.0       100.0%        -3.347    6.252e+04
    924,736    -1000.0       100.0%        -3.347    6.252e+04
    924,944    -1000.0       100.0%        -3.347    6.252e+04
    925,152    -1000.0       100.0%        -3.347    6.252e+04
    925,360    -1000.0       100.0%        -3.347    6.252e+04
    925,568    -1000.0       100.0%        -3.347    6.252e+04
    925,776    -1000.0       100.0%        -3.347    6.097e+04
    925,984    -1000.0       100.0%        -3.347    6.097e+04
    926,192    -1000.0       100.0%        -3.347    6.097e+04
    926,400    -1000.0       100.0%        -3.347    6.097e+04
    926,608    -1000.0       100.0%        -3.347    6.097e+04
    926,816    -1000.0       100.0%        -3.347    6.097e+04
    927,024    -1000.0       100.0%        -3.347    6.097e+04
    927,232    -1000.0       100.0%        -3.347    6.097e+04
    927,440    -1000.0       100.0%        -3.347    6.097e+04
    927,648    -1000.0       100.0%        -3.347    6.097e+04
    927,856    -1000.0       100.0%        -3.347    6.097e+04
    928,064    -1000.0       100.0%        -3.347    6.097e+04
    928,272    -1000.0       100.0%        -3.347    6.097e+04
    928,480    -1000.0       100.0%        -3.347    6.097e+04
    928,688    -1000.0       100.0%        -3.347    6.097e+04
    928,896    -1000.0       100.0%        -3.347    6.097e+04
    929,104    -1000.0       100.0%        -3.347    6.097e+04
    929,312    -1000.0       100.0%        -3.347    6.097e+04
    929,520    -1000.0       100.0%        -3.347    6.097e+04
    929,728    -1000.0       100.0%        -3.347    6.097e+04
    929,936    -1000.0       100.0%        -3.347    5.944e+04
    930,144    -1000.0       100.0%        -3.347    5.944e+04
    930,352    -1000.0       100.0%        -3.347    5.944e+04
    930,560    -1000.0       100.0%        -3.347    5.944e+04
    930,768    -1000.0       100.0%        -3.347    5.944e+04
    930,976    -1000.0       100.0%        -3.347    5.944e+04
    931,184    -1000.0       100.0%        -3.347    5.944e+04
    931,392    -1000.0       100.0%        -3.347    5.944e+04
    931,600    -1000.0       100.0%        -3.347    5.944e+04
    931,808    -1000.0       100.0%        -3.347    5.944e+04
    932,016    -1000.0       100.0%        -3.347    5.944e+04
    932,224    -1000.0       100.0%        -3.347    5.944e+04
    932,432    -1000.0       100.0%        -3.347    5.944e+04
    932,640    -1000.0       100.0%        -3.347    5.944e+04
    932,848    -1000.0       100.0%        -3.347    5.944e+04
    933,056    -1000.0       100.0%        -3.347    5.944e+04
    933,264    -1000.0       100.0%        -3.347    5.944e+04
    933,472    -1000.0       100.0%        -3.347    5.944e+04
    933,680    -1000.0       100.0%        -3.347    5.944e+04
    933,888    -1000.0       100.0%        -3.347    5.944e+04
    934,096    -1000.0       100.0%        -3.347    5.794e+04
    934,304    -1000.0       100.0%        -3.347    5.794e+04
    934,512    -1000.0       100.0%        -3.347    5.794e+04
    934,720    -1000.0       100.0%        -3.347    5.794e+04
    934,928    -1000.0       100.0%        -3.347    5.794e+04
    935,136    -1000.0       100.0%        -3.347    5.794e+04
    935,344    -1000.0       100.0%        -3.347    5.794e+04
    935,552    -1000.0       100.0%        -3.347    5.794e+04
    935,760    -1000.0       100.0%        -3.347    5.794e+04
    935,968    -1000.0       100.0%        -3.347    5.794e+04
    936,176    -1000.0       100.0%        -3.347    5.794e+04
    936,384    -1000.0       100.0%        -3.347    5.794e+04
    936,592    -1000.0       100.0%        -3.347    5.794e+04
    936,800    -1000.0       100.0%        -3.347    5.794e+04
    937,008    -1000.0       100.0%        -3.347    5.794e+04
    937,216    -1000.0       100.0%        -3.347    5.794e+04
    937,424    -1000.0       100.0%        -3.347    5.794e+04
    937,632    -1000.0       100.0%        -3.347    5.794e+04
    937,840    -1000.0       100.0%        -3.347    5.794e+04
    938,048    -1000.0       100.0%        -3.347    5.645e+04
    938,256    -1000.0       100.0%        -3.347    5.645e+04
    938,464    -1000.0       100.0%        -3.347    5.645e+04
    938,672    -1000.0       100.0%        -3.347    5.645e+04
    938,880    -1000.0       100.0%        -3.347    5.645e+04
    939,088    -1000.0       100.0%        -3.347    5.645e+04
    939,296    -1000.0       100.0%        -3.347    5.645e+04
    939,504    -1000.0       100.0%        -3.347    5.645e+04
    939,712    -1000.0       100.0%        -3.347    5.645e+04
    939,920    -1000.0       100.0%        -3.347    5.645e+04
    940,128    -1000.0       100.0%        -3.347    5.645e+04
    940,336    -1000.0       100.0%        -3.347    5.645e+04
    940,544    -1000.0       100.0%        -3.347    5.645e+04
    940,752    -1000.0       100.0%        -3.347    5.645e+04
    940,960    -1000.0       100.0%        -3.347    5.645e+04
    941,168    -1000.0       100.0%        -3.347    5.645e+04
    941,376    -1000.0       100.0%        -3.347    5.645e+04
    941,584    -1000.0       100.0%        -3.347    5.645e+04
    941,792    -1000.0       100.0%        -3.347    5.645e+04
    942,000    -1000.0       100.0%        -3.347    5.645e+04
    942,208    -1000.0       100.0%        -3.347    5.498e+04
    942,416    -1000.0       100.0%        -3.347    5.498e+04
    942,624    -1000.0       100.0%        -3.347    5.498e+04
    942,832    -1000.0       100.0%        -3.347    5.498e+04
    943,040    -1000.0       100.0%        -3.347    5.498e+04
    943,248    -1000.0       100.0%        -3.347    5.498e+04
    943,456    -1000.0       100.0%        -3.347    5.498e+04
    943,664    -1000.0       100.0%        -3.347    5.498e+04
    943,872    -1000.0       100.0%        -3.347    5.498e+04
    944,080    -1000.0       100.0%        -3.347    5.498e+04
    944,288    -1000.0       100.0%        -3.347    5.498e+04
    944,496    -1000.0       100.0%        -3.347    5.498e+04
    944,704    -1000.0       100.0%        -3.347    5.498e+04
    944,912    -1000.0       100.0%        -3.347    5.498e+04
    945,120    -1000.0       100.0%        -3.347    5.498e+04
    945,328    -1000.0       100.0%        -3.347    5.498e+04
    945,536    -1000.0       100.0%        -3.347    5.498e+04
    945,744    -1000.0       100.0%        -3.347    5.498e+04
    945,952    -1000.0       100.0%        -3.347    5.498e+04
    946,160    -1000.0       100.0%        -3.347    5.498e+04
    946,368    -1000.0       100.0%        -3.347    5.353e+04
    946,576    -1000.0       100.0%        -3.347    5.353e+04
    946,784    -1000.0       100.0%        -3.347    5.353e+04
    946,992    -1000.0       100.0%        -3.347    5.353e+04
    947,200    -1000.0       100.0%        -3.347    5.353e+04
    947,408    -1000.0       100.0%        -3.347    5.353e+04
    947,616    -1000.0       100.0%        -3.347    5.353e+04
    947,824    -1000.0       100.0%        -3.347    5.353e+04
    948,032    -1000.0       100.0%        -3.347    5.353e+04
    948,240    -1000.0       100.0%        -3.347    5.353e+04
    948,448    -1000.0       100.0%        -3.347    5.353e+04
    948,656    -1000.0       100.0%        -3.347    5.353e+04
    948,864    -1000.0       100.0%        -3.347    5.353e+04
    949,072    -1000.0       100.0%        -3.347    5.353e+04
    949,280    -1000.0       100.0%        -3.347    5.353e+04
    949,488    -1000.0       100.0%        -3.347    5.353e+04
    949,696    -1000.0       100.0%        -3.347    5.353e+04
    949,904    -1000.0       100.0%        -3.347    5.353e+04
    950,112    -1000.0       100.0%        -3.347    5.353e+04
    950,320    -1000.0       100.0%        -3.347    5.210e+04
    950,528    -1000.0       100.0%        -3.347    5.210e+04
    950,736    -1000.0       100.0%        -3.347    5.210e+04
    950,944    -1000.0       100.0%        -3.347    5.210e+04
    951,152    -1000.0       100.0%        -3.347    5.210e+04
    951,360    -1000.0       100.0%        -3.347    5.210e+04
    951,568    -1000.0       100.0%        -3.347    5.210e+04
    951,776    -1000.0       100.0%        -3.347    5.210e+04
    951,984    -1000.0       100.0%        -3.347    5.210e+04
    952,192    -1000.0       100.0%        -3.347    5.210e+04
    952,400    -1000.0       100.0%        -3.347    5.210e+04
    952,608    -1000.0       100.0%        -3.347    5.210e+04
    952,816    -1000.0       100.0%        -3.347    5.210e+04
    953,024    -1000.0       100.0%        -3.347    5.210e+04
    953,232    -1000.0       100.0%        -3.347    5.210e+04
    953,440    -1000.0       100.0%        -3.347    5.210e+04
    953,648    -1000.0       100.0%        -3.347    5.210e+04
    953,856    -1000.0       100.0%        -3.347    5.210e+04
    954,064    -1000.0       100.0%        -3.347    5.210e+04
    954,272    -1000.0       100.0%        -3.347    5.210e+04
    954,480    -1000.0       100.0%        -3.347    5.069e+04
    954,688    -1000.0       100.0%        -3.347    5.069e+04
    954,896    -1000.0       100.0%        -3.347    5.069e+04
    955,104    -1000.0       100.0%        -3.347    5.069e+04
    955,312    -1000.0       100.0%        -3.347    5.069e+04
    955,520    -1000.0       100.0%        -3.347    5.069e+04
    955,728    -1000.0       100.0%        -3.347    5.069e+04
    955,936    -1000.0       100.0%        -3.347    5.069e+04
    956,144    -1000.0       100.0%        -3.347    5.069e+04
    956,352    -1000.0       100.0%        -3.347    5.069e+04
    956,560    -1000.0       100.0%        -3.347    5.069e+04
    956,768    -1000.0       100.0%        -3.347    5.069e+04
    956,976    -1000.0       100.0%        -3.347    5.069e+04
    957,184    -1000.0       100.0%        -3.347    5.069e+04
    957,392    -1000.0       100.0%        -3.347    5.069e+04
    957,600    -1000.0       100.0%        -3.347    5.069e+04
    957,808    -1000.0       100.0%        -3.347    5.069e+04
    958,016    -1000.0       100.0%        -3.347    5.069e+04
    958,224    -1000.0       100.0%        -3.347    5.069e+04
    958,432    -1000.0       100.0%        -3.347    5.069e+04
    958,640    -1000.0       100.0%        -3.347    4.930e+04
    958,848    -1000.0       100.0%        -3.347    4.930e+04
    959,056    -1000.0       100.0%        -3.347    4.930e+04
    959,264    -1000.0       100.0%        -3.347    4.930e+04
    959,472    -1000.0       100.0%        -3.347    4.930e+04
    959,680    -1000.0       100.0%        -3.347    4.930e+04
    959,888    -1000.0       100.0%        -3.347    4.930e+04
    960,096    -1000.0       100.0%        -3.347    4.930e+04
    960,304    -1000.0       100.0%        -3.347    4.930e+04
    960,512    -1000.0       100.0%        -3.347    4.930e+04
    960,720    -1000.0       100.0%        -3.347    4.930e+04
    960,928    -1000.0       100.0%        -3.347    4.930e+04
    961,136    -1000.0       100.0%        -3.347    4.930e+04
    961,344    -1000.0       100.0%        -3.347    4.930e+04
    961,552    -1000.0       100.0%        -3.347    4.930e+04
    961,760    -1000.0       100.0%        -3.347    4.930e+04
    961,968    -1000.0       100.0%        -3.347    4.930e+04
    962,176    -1000.0       100.0%        -3.347    4.930e+04
    962,384    -1000.0       100.0%        -3.347    4.930e+04
    962,592    -1000.0       100.0%        -3.347    4.793e+04
    962,800    -1000.0       100.0%        -3.347    4.793e+04
    963,008    -1000.0       100.0%        -3.347    4.793e+04
    963,216    -1000.0       100.0%        -3.347    4.793e+04
    963,424    -1000.0       100.0%        -3.347    4.793e+04
    963,632    -1000.0       100.0%        -3.347    4.793e+04
    963,840    -1000.0       100.0%        -3.347    4.793e+04
    964,048    -1000.0       100.0%        -3.347    4.793e+04
    964,256    -1000.0       100.0%        -3.347    4.793e+04
    964,464    -1000.0       100.0%        -3.347    4.793e+04
    964,672    -1000.0       100.0%        -3.347    4.793e+04
    964,880    -1000.0       100.0%        -3.347    4.793e+04
    965,088    -1000.0       100.0%        -3.347    4.793e+04
    965,296    -1000.0       100.0%        -3.347    4.793e+04
    965,504    -1000.0       100.0%        -3.347    4.793e+04
    965,712    -1000.0       100.0%        -3.347    4.793e+04
    965,920    -1000.0       100.0%        -3.347    4.793e+04
    966,128    -1000.0       100.0%        -3.347    4.793e+04
    966,336    -1000.0       100.0%        -3.347    4.793e+04
    966,544    -1000.0       100.0%        -3.347    4.793e+04
    966,752    -1000.0       100.0%        -3.347    4.658e+04
    966,960    -1000.0       100.0%        -3.347    4.658e+04
    967,168    -1000.0       100.0%        -3.347    4.658e+04
    967,376    -1000.0       100.0%        -3.347    4.658e+04
    967,584    -1000.0       100.0%        -3.347    4.658e+04
    967,792    -1000.0       100.0%        -3.347    4.658e+04
    968,000    -1000.0       100.0%        -3.347    4.658e+04
    968,208    -1000.0       100.0%        -3.347    4.658e+04
    968,416    -1000.0       100.0%        -3.347    4.658e+04
    968,624    -1000.0       100.0%        -3.347    4.658e+04
    968,832    -1000.0       100.0%        -3.347    4.658e+04
    969,040    -1000.0       100.0%        -3.347    4.658e+04
    969,248    -1000.0       100.0%        -3.347    4.658e+04
    969,456    -1000.0       100.0%        -3.347    4.658e+04
    969,664    -1000.0       100.0%        -3.347    4.658e+04
    969,872    -1000.0       100.0%        -3.347    4.658e+04
    970,080    -1000.0       100.0%        -3.347    4.658e+04
    970,288    -1000.0       100.0%        -3.347    4.658e+04
    970,496    -1000.0       100.0%        -3.347    4.658e+04
    970,704    -1000.0       100.0%        -3.347    4.658e+04
    970,912    -1000.0       100.0%        -3.347    4.525e+04
    971,120    -1000.0       100.0%        -3.347    4.525e+04
    971,328    -1000.0       100.0%        -3.347    4.525e+04
    971,536    -1000.0       100.0%        -3.347    4.525e+04
    971,744    -1000.0       100.0%        -3.347    4.525e+04
    971,952    -1000.0       100.0%        -3.347    4.525e+04
    972,160    -1000.0       100.0%        -3.347    4.525e+04
    972,368    -1000.0       100.0%        -3.347    4.525e+04
    972,576    -1000.0       100.0%        -3.347    4.525e+04
    972,784    -1000.0       100.0%        -3.347    4.525e+04
    972,992    -1000.0       100.0%        -3.347    4.525e+04
    973,200    -1000.0       100.0%        -3.347    4.525e+04
    973,408    -1000.0       100.0%        -3.347    4.525e+04
    973,616    -1000.0       100.0%        -3.347    4.525e+04
    973,824    -1000.0       100.0%        -3.347    4.525e+04
    974,032    -1000.0       100.0%        -3.347    4.525e+04
    974,240    -1000.0       100.0%        -3.347    4.525e+04
    974,448    -1000.0       100.0%        -3.347    4.525e+04
    974,656    -1000.0       100.0%        -3.347    4.525e+04
    974,864    -1000.0       100.0%        -3.347    4.394e+04
    975,072    -1000.0       100.0%        -3.347    4.394e+04
    975,280    -1000.0       100.0%        -3.347    4.394e+04
    975,488    -1000.0       100.0%        -3.347    4.394e+04
    975,696    -1000.0       100.0%        -3.347    4.394e+04
    975,904    -1000.0       100.0%        -3.347    4.394e+04
    976,112    -1000.0       100.0%        -3.347    4.394e+04
    976,320    -1000.0       100.0%        -3.347    4.394e+04
    976,528    -1000.0       100.0%        -3.347    4.394e+04
    976,736    -1000.0       100.0%        -3.347    4.394e+04
    976,944    -1000.0       100.0%        -3.347    4.394e+04
    977,152    -1000.0       100.0%        -3.347    4.394e+04
    977,360    -1000.0       100.0%        -3.347    4.394e+04
    977,568    -1000.0       100.0%        -3.347    4.394e+04
    977,776    -1000.0       100.0%        -3.347    4.394e+04
    977,984    -1000.0       100.0%        -3.347    4.394e+04
    978,192    -1000.0       100.0%        -3.347    4.394e+04
    978,400    -1000.0       100.0%        -3.347    4.394e+04
    978,608    -1000.0       100.0%        -3.347    4.394e+04
    978,816    -1000.0       100.0%        -3.347    4.394e+04
    979,024    -1000.0       100.0%        -3.347    4.265e+04
    979,232    -1000.0       100.0%        -3.347    4.265e+04
    979,440    -1000.0       100.0%        -3.347    4.265e+04
    979,648    -1000.0       100.0%        -3.347    4.265e+04
    979,856    -1000.0       100.0%        -3.347    4.265e+04
    980,064    -1000.0       100.0%        -3.347    4.265e+04
    980,272    -1000.0       100.0%        -3.347    4.265e+04
    980,480    -1000.0       100.0%        -3.347    4.265e+04
    980,688    -1000.0       100.0%        -3.347    4.265e+04
    980,896    -1000.0       100.0%        -3.347    4.265e+04
    981,104    -1000.0       100.0%        -3.347    4.265e+04
    981,312    -1000.0       100.0%        -3.347    4.265e+04
    981,520    -1000.0       100.0%        -3.347    4.265e+04
    981,728    -1000.0       100.0%        -3.347    4.265e+04
    981,936    -1000.0       100.0%        -3.347    4.265e+04
    982,144    -1000.0       100.0%        -3.347    4.265e+04
    982,352    -1000.0       100.0%        -3.347    4.265e+04
    982,560    -1000.0       100.0%        -3.347    4.265e+04
    982,768    -1000.0       100.0%        -3.347    4.265e+04
    982,976    -1000.0       100.0%        -3.347    4.265e+04
    983,184    -1000.0       100.0%        -3.347    4.138e+04
    983,392    -1000.0       100.0%        -3.347    4.138e+04
    983,600    -1000.0       100.0%        -3.347    4.138e+04
    983,808    -1000.0       100.0%        -3.347    4.138e+04
    984,016    -1000.0       100.0%        -3.347    4.138e+04
    984,224    -1000.0       100.0%        -3.347    4.138e+04
    984,432    -1000.0       100.0%        -3.347    4.138e+04
    984,640    -1000.0       100.0%        -3.347    4.138e+04
    984,848    -1000.0       100.0%        -3.347    4.138e+04
    985,056    -1000.0       100.0%        -3.347    4.138e+04
    985,264    -1000.0       100.0%        -3.347    4.138e+04
    985,472    -1000.0       100.0%        -3.347    4.138e+04
    985,680    -1000.0       100.0%        -3.347    4.138e+04
    985,888    -1000.0       100.0%        -3.347    4.138e+04
    986,096    -1000.0       100.0%        -3.347    4.138e+04
    986,304    -1000.0       100.0%        -3.347    4.138e+04
    986,512    -1000.0       100.0%        -3.347    4.138e+04
    986,720    -1000.0       100.0%        -3.347    4.138e+04
    986,928    -1000.0       100.0%        -3.347    4.138e+04
    987,136    -1000.0       100.0%        -3.347    4.138e+04
    987,344    -1000.0       100.0%        -3.347    4.013e+04
    987,552    -1000.0       100.0%        -3.347    4.013e+04
    987,760    -1000.0       100.0%        -3.347    4.013e+04
    987,968    -1000.0       100.0%        -3.347    4.013e+04
    988,176    -1000.0       100.0%        -3.347    4.013e+04
    988,384    -1000.0       100.0%        -3.347    4.013e+04
    988,592    -1000.0       100.0%        -3.347    4.013e+04
    988,800    -1000.0       100.0%        -3.347    4.013e+04
    989,008    -1000.0       100.0%        -3.347    4.013e+04
    989,216    -1000.0       100.0%        -3.347    4.013e+04
    989,424    -1000.0       100.0%        -3.347    4.013e+04
    989,632    -1000.0       100.0%        -3.347    4.013e+04
    989,840    -1000.0       100.0%        -3.347    4.013e+04
    990,048    -1000.0       100.0%        -3.347    4.013e+04
    990,256    -1000.0       100.0%        -3.347    4.013e+04
    990,464    -1000.0       100.0%        -3.347    4.013e+04
    990,672    -1000.0       100.0%        -3.347    4.013e+04
    990,880    -1000.0       100.0%        -3.347    4.013e+04
    991,088    -1000.0       100.0%        -3.347    4.013e+04
    991,296    -1000.0       100.0%        -3.347    3.889e+04
    991,504    -1000.0       100.0%        -3.347    3.889e+04
    991,712    -1000.0       100.0%        -3.347    3.889e+04
    991,920    -1000.0       100.0%        -3.347    3.889e+04
    992,128    -1000.0       100.0%        -3.347    3.889e+04
    992,336    -1000.0       100.0%        -3.347    3.889e+04
    992,544    -1000.0       100.0%        -3.347    3.889e+04
    992,752    -1000.0       100.0%        -3.347    3.889e+04
    992,960    -1000.0       100.0%        -3.347    3.889e+04
    993,168    -1000.0       100.0%        -3.347    3.889e+04
    993,376    -1000.0       100.0%        -3.347    3.889e+04
    993,584    -1000.0       100.0%        -3.347    3.889e+04
    993,792    -1000.0       100.0%        -3.347    3.889e+04
    994,000    -1000.0       100.0%        -3.347    3.889e+04
    994,208    -1000.0       100.0%        -3.347    3.889e+04
    994,416    -1000.0       100.0%        -3.347    3.889e+04
    994,624    -1000.0       100.0%        -3.347    3.889e+04
    994,832    -1000.0       100.0%        -3.347    3.889e+04
    995,040    -1000.0       100.0%        -3.347    3.889e+04
    995,248    -1000.0       100.0%        -3.347    3.889e+04
    995,456    -1000.0       100.0%        -3.347    3.768e+04
    995,664    -1000.0       100.0%        -3.347    3.768e+04
    995,872    -1000.0       100.0%        -3.347    3.768e+04
    996,080    -1000.0       100.0%        -3.347    3.768e+04
    996,288    -1000.0       100.0%        -3.347    3.768e+04
    996,496    -1000.0       100.0%        -3.347    3.768e+04
    996,704    -1000.0       100.0%        -3.347    3.768e+04
    996,912    -1000.0       100.0%        -3.347    3.768e+04
    997,120    -1000.0       100.0%        -3.347    3.768e+04
    997,328    -1000.0       100.0%        -3.347    3.768e+04
    997,536    -1000.0       100.0%        -3.347    3.768e+04
    997,744    -1000.0       100.0%        -3.347    3.768e+04
    997,952    -1000.0       100.0%        -3.347    3.768e+04
    998,160    -1000.0       100.0%        -3.347    3.768e+04
    998,368    -1000.0       100.0%        -3.347    3.768e+04
    998,576    -1000.0       100.0%        -3.347    3.768e+04
    998,784    -1000.0       100.0%        -3.347    3.768e+04
    998,992    -1000.0       100.0%        -3.347    3.768e+04
    999,200    -1000.0       100.0%        -3.347    3.768e+04
    999,408    -1000.0       100.0%        -3.347    3.768e+04
    999,616    -1000.0       100.0%        -3.347    3.649e+04
    999,824    -1000.0       100.0%        -3.347    3.649e+04
  1,000,032    -1000.0       100.0%        -3.347    3.649e+04
  1,000,240    -1000.0       100.0%        -3.347    3.649e+04
  1,000,448    -1000.0       100.0%        -3.347    3.649e+04
  1,000,656    -1000.0       100.0%        -3.347    3.649e+04
  1,000,864    -1000.0       100.0%        -3.347    3.649e+04
  1,001,072    -1000.0       100.0%        -3.347    3.649e+04
  1,001,280    -1000.0       100.0%        -3.347    3.649e+04
  1,001,488    -1000.0       100.0%        -3.347    3.649e+04
  1,001,696    -1000.0       100.0%        -3.347    3.649e+04
  1,001,904    -1000.0       100.0%        -3.347    3.649e+04
  1,002,112    -1000.0       100.0%        -3.347    3.649e+04
  1,002,320    -1000.0       100.0%        -3.347    3.649e+04
  1,002,528    -1000.0       100.0%        -3.347    3.649e+04
  1,002,736    -1000.0       100.0%        -3.347    3.649e+04
  1,002,944    -1000.0       100.0%        -3.347    3.649e+04
  1,003,152    -1000.0       100.0%        -3.347    3.649e+04
  1,003,360    -1000.0       100.0%        -3.347    3.649e+04
  1,003,568    -1000.0       100.0%        -3.347    3.531e+04
  1,003,776    -1000.0       100.0%        -3.347    3.531e+04
  1,003,984    -1000.0       100.0%        -3.347    3.531e+04
  1,004,192    -1000.0       100.0%        -3.347    3.531e+04
  1,004,400    -1000.0       100.0%        -3.347    3.531e+04
  1,004,608    -1000.0       100.0%        -3.347    3.531e+04
  1,004,816    -1000.0       100.0%        -3.347    3.531e+04
  1,005,024    -1000.0       100.0%        -3.347    3.531e+04
  1,005,232    -1000.0       100.0%        -3.347    3.531e+04
  1,005,440    -1000.0       100.0%        -3.347    3.531e+04
  1,005,648    -1000.0       100.0%        -3.347    3.531e+04
  1,005,856    -1000.0       100.0%        -3.347    3.531e+04
  1,006,064    -1000.0       100.0%        -3.347    3.531e+04
  1,006,272    -1000.0       100.0%        -3.347    3.531e+04
  1,006,480    -1000.0       100.0%        -3.347    3.531e+04
  1,006,688    -1000.0       100.0%        -3.347    3.531e+04
  1,006,896    -1000.0       100.0%        -3.347    3.531e+04
  1,007,104    -1000.0       100.0%        -3.347    3.531e+04
  1,007,312    -1000.0       100.0%        -3.347    3.531e+04
  1,007,520    -1000.0       100.0%        -3.347    3.531e+04
  1,007,728    -1000.0       100.0%        -3.347    3.416e+04
  1,007,936    -1000.0       100.0%        -3.347    3.416e+04
  1,008,144    -1000.0       100.0%        -3.347    3.416e+04
  1,008,352    -1000.0       100.0%        -3.347    3.416e+04
  1,008,560    -1000.0       100.0%        -3.347    3.416e+04
  1,008,768    -1000.0       100.0%        -3.347    3.416e+04
  1,008,976    -1000.0       100.0%        -3.347    3.416e+04
  1,009,184    -1000.0       100.0%        -3.347    3.416e+04
  1,009,392    -1000.0       100.0%        -3.347    3.416e+04
  1,009,600    -1000.0       100.0%        -3.347    3.416e+04
  1,009,808    -1000.0       100.0%        -3.347    3.416e+04
  1,010,016    -1000.0       100.0%        -3.347    3.416e+04
  1,010,224    -1000.0       100.0%        -3.347    3.416e+04
  1,010,432    -1000.0       100.0%        -3.347    3.416e+04
  1,010,640    -1000.0       100.0%        -3.347    3.416e+04
  1,010,848    -1000.0       100.0%        -3.347    3.416e+04
  1,011,056    -1000.0       100.0%        -3.347    3.416e+04
  1,011,264    -1000.0       100.0%        -3.347    3.416e+04
  1,011,472    -1000.0       100.0%        -3.347    3.416e+04
  1,011,680    -1000.0       100.0%        -3.347    3.416e+04
  1,011,888    -1000.0       100.0%        -3.347    3.302e+04
  1,012,096    -1000.0       100.0%        -3.347    3.302e+04
  1,012,304    -1000.0       100.0%        -3.347    3.302e+04
  1,012,512    -1000.0       100.0%        -3.347    3.302e+04
  1,012,720    -1000.0       100.0%        -3.347    3.302e+04
  1,012,928    -1000.0       100.0%        -3.347    3.302e+04
  1,013,136    -1000.0       100.0%        -3.347    3.302e+04
  1,013,344    -1000.0       100.0%        -3.347    3.302e+04
  1,013,552    -1000.0       100.0%        -3.347    3.302e+04
  1,013,760    -1000.0       100.0%        -3.347    3.302e+04
  1,013,968    -1000.0       100.0%        -3.347    3.302e+04
  1,014,176    -1000.0       100.0%        -3.347    3.302e+04
  1,014,384    -1000.0       100.0%        -3.347    3.302e+04
  1,014,592    -1000.0       100.0%        -3.347    3.302e+04
  1,014,800    -1000.0       100.0%        -3.347    3.302e+04
  1,015,008    -1000.0       100.0%        -3.347    3.302e+04
  1,015,216    -1000.0       100.0%        -3.347    3.302e+04
  1,015,424    -1000.0       100.0%        -3.347    3.302e+04
  1,015,632    -1000.0       100.0%        -3.347    3.302e+04
  1,015,840    -1000.0       100.0%        -3.347    3.190e+04
  1,016,048    -1000.0       100.0%        -3.347    3.190e+04
  1,016,256    -1000.0       100.0%        -3.347    3.190e+04
  1,016,464    -1000.0       100.0%        -3.347    3.190e+04
  1,016,672    -1000.0       100.0%        -3.347    3.190e+04
  1,016,880    -1000.0       100.0%        -3.347    3.190e+04
  1,017,088    -1000.0       100.0%        -3.347    3.190e+04
  1,017,296    -1000.0       100.0%        -3.347    3.190e+04
  1,017,504    -1000.0       100.0%        -3.347    3.190e+04
  1,017,712    -1000.0       100.0%        -3.347    3.190e+04
  1,017,920    -1000.0       100.0%        -3.347    3.190e+04
  1,018,128    -1000.0       100.0%        -3.347    3.190e+04
  1,018,336    -1000.0       100.0%        -3.347    3.190e+04
  1,018,544    -1000.0       100.0%        -3.347    3.190e+04
  1,018,752    -1000.0       100.0%        -3.347    3.190e+04
  1,018,960    -1000.0       100.0%        -3.347    3.190e+04
  1,019,168    -1000.0       100.0%        -3.347    3.190e+04
  1,019,376    -1000.0       100.0%        -3.347    3.190e+04
  1,019,584    -1000.0       100.0%        -3.347    3.190e+04
  1,019,792    -1000.0       100.0%        -3.347    3.190e+04
  1,020,000    -1000.0       100.0%        -3.348    3.081e+04
  1,020,208    -1000.0       100.0%        -3.348    3.081e+04
  1,020,416    -1000.0       100.0%        -3.348    3.081e+04
  1,020,624    -1000.0       100.0%        -3.348    3.081e+04
  1,020,832    -1000.0       100.0%        -3.348    3.081e+04
  1,021,040    -1000.0       100.0%        -3.348    3.081e+04
  1,021,248    -1000.0       100.0%        -3.348    3.081e+04
  1,021,456    -1000.0       100.0%        -3.348    3.081e+04
  1,021,664    -1000.0       100.0%        -3.348    3.081e+04
  1,021,872    -1000.0       100.0%        -3.348    3.081e+04
  1,022,080    -1000.0       100.0%        -3.348    3.081e+04
  1,022,288    -1000.0       100.0%        -3.348    3.081e+04
  1,022,496    -1000.0       100.0%        -3.348    3.081e+04
  1,022,704    -1000.0       100.0%        -3.348    3.081e+04
  1,022,912    -1000.0       100.0%        -3.348    3.081e+04
  1,023,120    -1000.0       100.0%        -3.348    3.081e+04
  1,023,328    -1000.0       100.0%        -3.348    3.081e+04
  1,023,536    -1000.0       100.0%        -3.348    3.081e+04
  1,023,744    -1000.0       100.0%        -3.348    3.081e+04
  1,023,952    -1000.0       100.0%        -3.348    3.081e+04
  1,024,160    -1000.0       100.0%        -3.348    2.973e+04
  1,024,368    -1000.0       100.0%        -3.348    2.973e+04
  1,024,576    -1000.0       100.0%        -3.348    2.973e+04
  1,024,784    -1000.0       100.0%        -3.348    2.973e+04
  1,024,992    -1000.0       100.0%        -3.348    2.973e+04
  1,025,200    -1000.0       100.0%        -3.348    2.973e+04
  1,025,408    -1000.0       100.0%        -3.348    2.973e+04
  1,025,616    -1000.0       100.0%        -3.348    2.973e+04
  1,025,824    -1000.0       100.0%        -3.348    2.973e+04
  1,026,032    -1000.0       100.0%        -3.348    2.973e+04
  1,026,240    -1000.0       100.0%        -3.348    2.973e+04
  1,026,448    -1000.0       100.0%        -3.348    2.973e+04
  1,026,656    -1000.0       100.0%        -3.348    2.973e+04
  1,026,864    -1000.0       100.0%        -3.348    2.973e+04
  1,027,072    -1000.0       100.0%        -3.348    2.973e+04
  1,027,280    -1000.0       100.0%        -3.348    2.973e+04
  1,027,488    -1000.0       100.0%        -3.348    2.973e+04
  1,027,696    -1000.0       100.0%        -3.348    2.973e+04
  1,027,904    -1000.0       100.0%        -3.348    2.973e+04
  1,028,112    -1000.0       100.0%        -3.348    2.867e+04
  1,028,320    -1000.0       100.0%        -3.348    2.867e+04
  1,028,528    -1000.0       100.0%        -3.348    2.867e+04
  1,028,736    -1000.0       100.0%        -3.348    2.867e+04
  1,028,944    -1000.0       100.0%        -3.348    2.867e+04
  1,029,152    -1000.0       100.0%        -3.348    2.867e+04
  1,029,360    -1000.0       100.0%        -3.348    2.867e+04
  1,029,568    -1000.0       100.0%        -3.348    2.867e+04
  1,029,776    -1000.0       100.0%        -3.348    2.867e+04
  1,029,984    -1000.0       100.0%        -3.348    2.867e+04
  1,030,192    -1000.0       100.0%        -3.348    2.867e+04
  1,030,400    -1000.0       100.0%        -3.348    2.867e+04
  1,030,608    -1000.0       100.0%        -3.348    2.867e+04
  1,030,816    -1000.0       100.0%        -3.348    2.867e+04
  1,031,024    -1000.0       100.0%        -3.348    2.867e+04
  1,031,232    -1000.0       100.0%        -3.348    2.867e+04
  1,031,440    -1000.0       100.0%        -3.348    2.867e+04
  1,031,648    -1000.0       100.0%        -3.348    2.867e+04
  1,031,856    -1000.0       100.0%        -3.348    2.867e+04
  1,032,064    -1000.0       100.0%        -3.348    2.867e+04
  1,032,272    -1000.0       100.0%        -3.348    2.763e+04
  1,032,480    -1000.0       100.0%        -3.348    2.763e+04
  1,032,688    -1000.0       100.0%        -3.348    2.763e+04
  1,032,896    -1000.0       100.0%        -3.348    2.763e+04
  1,033,104    -1000.0       100.0%        -3.348    2.763e+04
  1,033,312    -1000.0       100.0%        -3.348    2.763e+04
  1,033,520    -1000.0       100.0%        -3.348    2.763e+04
  1,033,728    -1000.0       100.0%        -3.348    2.763e+04
  1,033,936    -1000.0       100.0%        -3.348    2.763e+04
  1,034,144    -1000.0       100.0%        -3.348    2.763e+04
  1,034,352    -1000.0       100.0%        -3.348    2.763e+04
  1,034,560    -1000.0       100.0%        -3.348    2.763e+04
  1,034,768    -1000.0       100.0%        -3.348    2.763e+04
  1,034,976    -1000.0       100.0%        -3.348    2.763e+04
  1,035,184    -1000.0       100.0%        -3.348    2.763e+04
  1,035,392    -1000.0       100.0%        -3.348    2.763e+04
  1,035,600    -1000.0       100.0%        -3.348    2.763e+04
  1,035,808    -1000.0       100.0%        -3.348    2.763e+04
  1,036,016    -1000.0       100.0%        -3.348    2.763e+04
  1,036,224    -1000.0       100.0%        -3.348    2.763e+04
  1,036,432    -1000.0       100.0%        -3.348    2.661e+04
  1,036,640    -1000.0       100.0%        -3.348    2.661e+04
  1,036,848    -1000.0       100.0%        -3.348    2.661e+04
  1,037,056    -1000.0       100.0%        -3.348    2.661e+04
  1,037,264    -1000.0       100.0%        -3.348    2.661e+04
  1,037,472    -1000.0       100.0%        -3.348    2.661e+04
  1,037,680    -1000.0       100.0%        -3.348    2.661e+04
  1,037,888    -1000.0       100.0%        -3.348    2.661e+04
  1,038,096    -1000.0       100.0%        -3.348    2.661e+04
  1,038,304    -1000.0       100.0%        -3.348    2.661e+04
  1,038,512    -1000.0       100.0%        -3.348    2.661e+04
  1,038,720    -1000.0       100.0%        -3.348    2.661e+04
  1,038,928    -1000.0       100.0%        -3.348    2.661e+04
  1,039,136    -1000.0       100.0%        -3.348    2.661e+04
  1,039,344    -1000.0       100.0%        -3.348    2.661e+04
  1,039,552    -1000.0       100.0%        -3.348    2.661e+04
  1,039,760    -1000.0       100.0%        -3.348    2.661e+04
  1,039,968    -1000.0       100.0%        -3.348    2.661e+04
  1,040,176    -1000.0       100.0%        -3.348    2.661e+04
  1,040,384    -1000.0       100.0%        -3.348    2.661e+04
  1,040,592    -1000.0       100.0%        -3.348    2.561e+04
  1,040,800    -1000.0       100.0%        -3.348    2.561e+04
  1,041,008    -1000.0       100.0%        -3.348    2.561e+04
  1,041,216    -1000.0       100.0%        -3.348    2.561e+04
  1,041,424    -1000.0       100.0%        -3.348    2.561e+04
  1,041,632    -1000.0       100.0%        -3.348    2.561e+04
  1,041,840    -1000.0       100.0%        -3.348    2.561e+04
  1,042,048    -1000.0       100.0%        -3.348    2.561e+04
  1,042,256    -1000.0       100.0%        -3.348    2.561e+04
  1,042,464    -1000.0       100.0%        -3.348    2.561e+04
  1,042,672    -1000.0       100.0%        -3.348    2.561e+04
  1,042,880    -1000.0       100.0%        -3.348    2.561e+04
  1,043,088    -1000.0       100.0%        -3.348    2.561e+04
  1,043,296    -1000.0       100.0%        -3.348    2.561e+04
  1,043,504    -1000.0       100.0%        -3.348    2.561e+04
  1,043,712    -1000.0       100.0%        -3.348    2.561e+04
  1,043,920    -1000.0       100.0%        -3.348    2.561e+04
  1,044,128    -1000.0       100.0%        -3.348    2.561e+04
  1,044,336    -1000.0       100.0%        -3.348    2.561e+04
  1,044,544    -1000.0       100.0%        -3.348    2.463e+04
  1,044,752    -1000.0       100.0%        -3.348    2.463e+04
  1,044,960    -1000.0       100.0%        -3.348    2.463e+04
  1,045,168    -1000.0       100.0%        -3.348    2.463e+04
  1,045,376    -1000.0       100.0%        -3.348    2.463e+04
  1,045,584    -1000.0       100.0%        -3.348    2.463e+04
  1,045,792    -1000.0       100.0%        -3.348    2.463e+04
  1,046,000    -1000.0       100.0%        -3.348    2.463e+04
  1,046,208    -1000.0       100.0%        -3.348    2.463e+04
  1,046,416    -1000.0       100.0%        -3.348    2.463e+04
  1,046,624    -1000.0       100.0%        -3.348    2.463e+04
  1,046,832    -1000.0       100.0%        -3.348    2.463e+04
  1,047,040    -1000.0       100.0%        -3.348    2.463e+04
  1,047,248    -1000.0       100.0%        -3.348    2.463e+04
  1,047,456    -1000.0       100.0%        -3.348    2.463e+04
  1,047,664    -1000.0       100.0%        -3.348    2.463e+04
  1,047,872    -1000.0       100.0%        -3.348    2.463e+04
  1,048,080    -1000.0       100.0%        -3.348    2.463e+04
  1,048,288    -1000.0       100.0%        -3.348    2.463e+04
  1,048,496    -1000.0       100.0%        -3.348    2.463e+04
  1,048,704    -1000.0       100.0%        -3.348    2.367e+04
  1,048,912    -1000.0       100.0%        -3.348    2.367e+04
  1,049,120    -1000.0       100.0%        -3.348    2.367e+04
  1,049,328    -1000.0       100.0%        -3.348    2.367e+04
  1,049,536    -1000.0       100.0%        -3.348    2.367e+04
  1,049,744    -1000.0       100.0%        -3.348    2.367e+04
  1,049,952    -1000.0       100.0%        -3.348    2.367e+04
  1,050,160    -1000.0       100.0%        -3.348    2.367e+04
  1,050,368    -1000.0       100.0%        -3.348    2.367e+04
  1,050,576    -1000.0       100.0%        -3.348    2.367e+04
  1,050,784    -1000.0       100.0%        -3.348    2.367e+04
  1,050,992    -1000.0       100.0%        -3.348    2.367e+04
  1,051,200    -1000.0       100.0%        -3.348    2.367e+04
  1,051,408    -1000.0       100.0%        -3.348    2.367e+04
  1,051,616    -1000.0       100.0%        -3.348    2.367e+04
  1,051,824    -1000.0       100.0%        -3.348    2.367e+04
  1,052,032    -1000.0       100.0%        -3.348    2.367e+04
  1,052,240    -1000.0       100.0%        -3.348    2.367e+04
  1,052,448    -1000.0       100.0%        -3.348    2.367e+04
  1,052,656    -1000.0       100.0%        -3.348    2.367e+04
  1,052,864    -1000.0       100.0%        -3.348    2.272e+04
  1,053,072    -1000.0       100.0%        -3.348    2.272e+04
  1,053,280    -1000.0       100.0%        -3.348    2.272e+04
  1,053,488    -1000.0       100.0%        -3.348    2.272e+04
  1,053,696    -1000.0       100.0%        -3.348    2.272e+04
  1,053,904    -1000.0       100.0%        -3.348    2.272e+04
  1,054,112    -1000.0       100.0%        -3.348    2.272e+04
  1,054,320    -1000.0       100.0%        -3.348    2.272e+04
  1,054,528    -1000.0       100.0%        -3.348    2.272e+04
  1,054,736    -1000.0       100.0%        -3.348    2.272e+04
  1,054,944    -1000.0       100.0%        -3.348    2.272e+04
  1,055,152    -1000.0       100.0%        -3.348    2.272e+04
  1,055,360    -1000.0       100.0%        -3.348    2.272e+04
  1,055,568    -1000.0       100.0%        -3.348    2.272e+04
  1,055,776    -1000.0       100.0%        -3.348    2.272e+04
  1,055,984    -1000.0       100.0%        -3.348    2.272e+04
  1,056,192    -1000.0       100.0%        -3.348    2.272e+04
  1,056,400    -1000.0       100.0%        -3.348    2.272e+04
  1,056,608    -1000.0       100.0%        -3.348    2.272e+04
  1,056,816    -1000.0       100.0%        -3.348    2.180e+04
  1,057,024    -1000.0       100.0%        -3.348    2.180e+04
  1,057,232    -1000.0       100.0%        -3.348    2.180e+04
  1,057,440    -1000.0       100.0%        -3.348    2.180e+04
  1,057,648    -1000.0       100.0%        -3.348    2.180e+04
  1,057,856    -1000.0       100.0%        -3.348    2.180e+04
  1,058,064    -1000.0       100.0%        -3.348    2.180e+04
  1,058,272    -1000.0       100.0%        -3.348    2.180e+04
  1,058,480    -1000.0       100.0%        -3.348    2.180e+04
  1,058,688    -1000.0       100.0%        -3.348    2.180e+04
  1,058,896    -1000.0       100.0%        -3.348    2.180e+04
  1,059,104    -1000.0       100.0%        -3.348    2.180e+04
  1,059,312    -1000.0       100.0%        -3.348    2.180e+04
  1,059,520    -1000.0       100.0%        -3.348    2.180e+04
  1,059,728    -1000.0       100.0%        -3.348    2.180e+04
  1,059,936    -1000.0       100.0%        -3.348    2.180e+04
  1,060,144    -1000.0       100.0%        -3.348    2.180e+04
  1,060,352    -1000.0       100.0%        -3.348    2.180e+04
  1,060,560    -1000.0       100.0%        -3.348    2.180e+04
  1,060,768    -1000.0       100.0%        -3.348    2.180e+04
  1,060,976    -1000.0       100.0%        -3.348    2.089e+04
  1,061,184    -1000.0       100.0%        -3.348    2.089e+04
  1,061,392    -1000.0       100.0%        -3.348    2.089e+04
  1,061,600    -1000.0       100.0%        -3.348    2.089e+04
  1,061,808    -1000.0       100.0%        -3.348    2.089e+04
  1,062,016    -1000.0       100.0%        -3.348    2.089e+04
  1,062,224    -1000.0       100.0%        -3.348    2.089e+04
  1,062,432    -1000.0       100.0%        -3.348    2.089e+04
  1,062,640    -1000.0       100.0%        -3.348    2.089e+04
  1,062,848    -1000.0       100.0%        -3.348    2.089e+04
  1,063,056    -1000.0       100.0%        -3.348    2.089e+04
  1,063,264    -1000.0       100.0%        -3.348    2.089e+04
  1,063,472    -1000.0       100.0%        -3.348    2.089e+04
  1,063,680    -1000.0       100.0%        -3.348    2.089e+04
  1,063,888    -1000.0       100.0%        -3.348    2.089e+04
  1,064,096    -1000.0       100.0%        -3.348    2.089e+04
  1,064,304    -1000.0       100.0%        -3.348    2.089e+04
  1,064,512    -1000.0       100.0%        -3.348    2.089e+04
  1,064,720    -1000.0       100.0%        -3.348    2.089e+04
  1,064,928    -1000.0       100.0%        -3.348    2.089e+04
  1,065,136    -1000.0       100.0%        -3.348    2.001e+04
  1,065,344    -1000.0       100.0%        -3.348    2.001e+04
  1,065,552    -1000.0       100.0%        -3.348    2.001e+04
  1,065,760    -1000.0       100.0%        -3.348    2.001e+04
  1,065,968    -1000.0       100.0%        -3.348    2.001e+04
  1,066,176    -1000.0       100.0%        -3.348    2.001e+04
  1,066,384    -1000.0       100.0%        -3.348    2.001e+04
  1,066,592    -1000.0       100.0%        -3.348    2.001e+04
  1,066,800    -1000.0       100.0%        -3.348    2.001e+04
  1,067,008    -1000.0       100.0%        -3.348    2.001e+04
  1,067,216    -1000.0       100.0%        -3.348    2.001e+04
  1,067,424    -1000.0       100.0%        -3.348    2.001e+04
  1,067,632    -1000.0       100.0%        -3.348    2.001e+04
  1,067,840    -1000.0       100.0%        -3.348    2.001e+04
  1,068,048    -1000.0       100.0%        -3.348    2.001e+04
  1,068,256    -1000.0       100.0%        -3.348    2.001e+04
  1,068,464    -1000.0       100.0%        -3.348    2.001e+04
  1,068,672    -1000.0       100.0%        -3.348    2.001e+04
  1,068,880    -1000.0       100.0%        -3.348    2.001e+04
  1,069,088    -1000.0       100.0%        -3.348    1.914e+04
  1,069,296    -1000.0       100.0%        -3.348    1.914e+04
  1,069,504    -1000.0       100.0%        -3.348    1.914e+04
  1,069,712    -1000.0       100.0%        -3.348    1.914e+04
  1,069,920    -1000.0       100.0%        -3.348    1.914e+04
  1,070,128    -1000.0       100.0%        -3.348    1.914e+04
  1,070,336    -1000.0       100.0%        -3.348    1.914e+04
  1,070,544    -1000.0       100.0%        -3.348    1.914e+04
  1,070,752    -1000.0       100.0%        -3.348    1.914e+04
  1,070,960    -1000.0       100.0%        -3.348    1.914e+04
  1,071,168    -1000.0       100.0%        -3.348    1.914e+04
  1,071,376    -1000.0       100.0%        -3.348    1.914e+04
  1,071,584    -1000.0       100.0%        -3.348    1.914e+04
  1,071,792    -1000.0       100.0%        -3.348    1.914e+04
  1,072,000    -1000.0       100.0%        -3.348    1.914e+04
  1,072,208    -1000.0       100.0%        -3.348    1.914e+04
  1,072,416    -1000.0       100.0%        -3.348    1.914e+04
  1,072,624    -1000.0       100.0%        -3.348    1.914e+04
  1,072,832    -1000.0       100.0%        -3.348    1.914e+04
  1,073,040    -1000.0       100.0%        -3.348    1.914e+04
  1,073,248    -1000.0       100.0%        -3.348    1.829e+04
  1,073,456    -1000.0       100.0%        -3.348    1.829e+04
  1,073,664    -1000.0       100.0%        -3.348    1.829e+04
  1,073,872    -1000.0       100.0%        -3.348    1.829e+04
  1,074,080    -1000.0       100.0%        -3.348    1.829e+04
  1,074,288    -1000.0       100.0%        -3.348    1.829e+04
  1,074,496    -1000.0       100.0%        -3.348    1.829e+04
  1,074,704    -1000.0       100.0%        -3.348    1.829e+04
  1,074,912    -1000.0       100.0%        -3.348    1.829e+04
  1,075,120    -1000.0       100.0%        -3.348    1.829e+04
  1,075,328    -1000.0       100.0%        -3.348    1.829e+04
  1,075,536    -1000.0       100.0%        -3.348    1.829e+04
  1,075,744    -1000.0       100.0%        -3.348    1.829e+04
  1,075,952    -1000.0       100.0%        -3.348    1.829e+04
  1,076,160    -1000.0       100.0%        -3.348    1.829e+04
  1,076,368    -1000.0       100.0%        -3.348    1.829e+04
  1,076,576    -1000.0       100.0%        -3.348    1.829e+04
  1,076,784    -1000.0       100.0%        -3.348    1.829e+04
  1,076,992    -1000.0       100.0%        -3.348    1.829e+04
  1,077,200    -1000.0       100.0%        -3.348    1.829e+04
  1,077,408    -1000.0       100.0%        -3.348    1.747e+04
  1,077,616    -1000.0       100.0%        -3.348    1.747e+04
  1,077,824    -1000.0       100.0%        -3.348    1.747e+04
  1,078,032    -1000.0       100.0%        -3.348    1.747e+04
  1,078,240    -1000.0       100.0%        -3.348    1.747e+04
  1,078,448    -1000.0       100.0%        -3.348    1.747e+04
  1,078,656    -1000.0       100.0%        -3.348    1.747e+04
  1,078,864    -1000.0       100.0%        -3.348    1.747e+04
  1,079,072    -1000.0       100.0%        -3.348    1.747e+04
  1,079,280    -1000.0       100.0%        -3.348    1.747e+04
  1,079,488    -1000.0       100.0%        -3.348    1.747e+04
  1,079,696    -1000.0       100.0%        -3.348    1.747e+04
  1,079,904    -1000.0       100.0%        -3.348    1.747e+04
  1,080,112    -1000.0       100.0%        -3.348    1.747e+04
  1,080,320    -1000.0       100.0%        -3.348    1.747e+04
  1,080,528    -1000.0       100.0%        -3.348    1.747e+04
  1,080,736    -1000.0       100.0%        -3.348    1.747e+04
  1,080,944    -1000.0       100.0%        -3.348    1.747e+04
  1,081,152    -1000.0       100.0%        -3.348    1.747e+04
  1,081,360    -1000.0       100.0%        -3.348    1.666e+04
  1,081,568    -1000.0       100.0%        -3.348    1.666e+04
  1,081,776    -1000.0       100.0%        -3.348    1.666e+04
  1,081,984    -1000.0       100.0%        -3.348    1.666e+04
  1,082,192    -1000.0       100.0%        -3.348    1.666e+04
  1,082,400    -1000.0       100.0%        -3.348    1.666e+04
  1,082,608    -1000.0       100.0%        -3.348    1.666e+04
  1,082,816    -1000.0       100.0%        -3.348    1.666e+04
  1,083,024    -1000.0       100.0%        -3.348    1.666e+04
  1,083,232    -1000.0       100.0%        -3.348    1.666e+04
  1,083,440    -1000.0       100.0%        -3.348    1.666e+04
  1,083,648    -1000.0       100.0%        -3.348    1.666e+04
  1,083,856    -1000.0       100.0%        -3.348    1.666e+04
  1,084,064    -1000.0       100.0%        -3.348    1.666e+04
  1,084,272    -1000.0       100.0%        -3.348    1.666e+04
  1,084,480    -1000.0       100.0%        -3.348    1.666e+04
  1,084,688    -1000.0       100.0%        -3.348    1.666e+04
  1,084,896    -1000.0       100.0%        -3.348    1.666e+04
  1,085,104    -1000.0       100.0%        -3.348    1.666e+04
  1,085,312    -1000.0       100.0%        -3.348    1.666e+04
  1,085,520    -1000.0       100.0%        -3.349    1.587e+04
  1,085,728    -1000.0       100.0%        -3.349    1.587e+04
  1,085,936    -1000.0       100.0%        -3.349    1.587e+04
  1,086,144    -1000.0       100.0%        -3.349    1.587e+04
  1,086,352    -1000.0       100.0%        -3.349    1.587e+04
  1,086,560    -1000.0       100.0%        -3.349    1.587e+04
  1,086,768    -1000.0       100.0%        -3.349    1.587e+04
  1,086,976    -1000.0       100.0%        -3.349    1.587e+04
  1,087,184    -1000.0       100.0%        -3.349    1.587e+04
  1,087,392    -1000.0       100.0%        -3.349    1.587e+04
  1,087,600    -1000.0       100.0%        -3.349    1.587e+04
  1,087,808    -1000.0       100.0%        -3.349    1.587e+04
  1,088,016    -1000.0       100.0%        -3.349    1.587e+04
  1,088,224    -1000.0       100.0%        -3.349    1.587e+04
  1,088,432    -1000.0       100.0%        -3.349    1.587e+04
  1,088,640    -1000.0       100.0%        -3.349    1.587e+04
  1,088,848    -1000.0       100.0%        -3.349    1.587e+04
  1,089,056    -1000.0       100.0%        -3.349    1.587e+04
  1,089,264    -1000.0       100.0%        -3.349    1.587e+04
  1,089,472    -1000.0       100.0%        -3.349    1.587e+04
  1,089,680    -1000.0       100.0%        -3.349    1.510e+04
  1,089,888    -1000.0       100.0%        -3.349    1.510e+04
  1,090,096    -1000.0       100.0%        -3.349    1.510e+04
  1,090,304    -1000.0       100.0%        -3.349    1.510e+04
  1,090,512    -1000.0       100.0%        -3.349    1.510e+04
  1,090,720    -1000.0       100.0%        -3.349    1.510e+04
  1,090,928    -1000.0       100.0%        -3.349    1.510e+04
  1,091,136    -1000.0       100.0%        -3.349    1.510e+04
  1,091,344    -1000.0       100.0%        -3.349    1.510e+04
  1,091,552    -1000.0       100.0%        -3.349    1.510e+04
  1,091,760    -1000.0       100.0%        -3.349    1.510e+04
  1,091,968    -1000.0       100.0%        -3.349    1.510e+04
  1,092,176    -1000.0       100.0%        -3.349    1.510e+04
  1,092,384    -1000.0       100.0%        -3.349    1.510e+04
  1,092,592    -1000.0       100.0%        -3.349    1.510e+04
  1,092,800    -1000.0       100.0%        -3.349    1.510e+04
  1,093,008    -1000.0       100.0%        -3.349    1.510e+04
  1,093,216    -1000.0       100.0%        -3.349    1.510e+04
  1,093,424    -1000.0       100.0%        -3.349    1.510e+04
  1,093,632    -1000.0       100.0%        -3.349    1.510e+04
  1,093,840    -1000.0       100.0%        -3.349    1.435e+04
  1,094,048    -1000.0       100.0%        -3.349    1.435e+04
  1,094,256    -1000.0       100.0%        -3.349    1.435e+04
  1,094,464    -1000.0       100.0%        -3.349    1.435e+04
  1,094,672    -1000.0       100.0%        -3.349    1.435e+04
  1,094,880    -1000.0       100.0%        -3.349    1.435e+04
  1,095,088    -1000.0       100.0%        -3.349    1.435e+04
  1,095,296    -1000.0       100.0%        -3.349    1.435e+04
  1,095,504    -1000.0       100.0%        -3.349    1.435e+04
  1,095,712    -1000.0       100.0%        -3.349    1.435e+04
  1,095,920    -1000.0       100.0%        -3.349    1.435e+04
  1,096,128    -1000.0       100.0%        -3.349    1.435e+04
  1,096,336    -1000.0       100.0%        -3.349    1.435e+04
  1,096,544    -1000.0       100.0%        -3.349    1.435e+04
  1,096,752    -1000.0       100.0%        -3.349    1.435e+04
  1,096,960    -1000.0       100.0%        -3.349    1.435e+04
  1,097,168    -1000.0       100.0%        -3.349    1.435e+04
  1,097,376    -1000.0       100.0%        -3.349    1.435e+04
  1,097,584    -1000.0       100.0%        -3.349    1.435e+04
  1,097,792    -1000.0       100.0%        -3.349    1.361e+04
  1,098,000    -1000.0       100.0%        -3.349    1.361e+04
  1,098,208    -1000.0       100.0%        -3.349    1.361e+04
  1,098,416    -1000.0       100.0%        -3.349    1.361e+04
  1,098,624    -1000.0       100.0%        -3.349    1.361e+04
  1,098,832    -1000.0       100.0%        -3.349    1.361e+04
  1,099,040    -1000.0       100.0%        -3.349    1.361e+04
  1,099,248    -1000.0       100.0%        -3.349    1.361e+04
  1,099,456    -1000.0       100.0%        -3.349    1.361e+04
  1,099,664    -1000.0       100.0%        -3.349    1.361e+04
  1,099,872    -1000.0       100.0%        -3.349    1.361e+04
  1,100,080    -1000.0       100.0%        -3.349    1.361e+04
  1,100,288    -1000.0       100.0%        -3.349    1.361e+04
  1,100,496    -1000.0       100.0%        -3.349    1.361e+04
  1,100,704    -1000.0       100.0%        -3.349    1.361e+04
  1,100,912    -1000.0       100.0%        -3.349    1.361e+04
  1,101,120    -1000.0       100.0%        -3.349    1.361e+04
  1,101,328    -1000.0       100.0%        -3.349    1.361e+04
  1,101,536    -1000.0       100.0%        -3.349    1.361e+04
  1,101,744    -1000.0       100.0%        -3.349    1.361e+04
  1,101,952    -1000.0       100.0%        -3.349    1.290e+04
  1,102,160    -1000.0       100.0%        -3.349    1.290e+04
  1,102,368    -1000.0       100.0%        -3.349    1.290e+04
  1,102,576    -1000.0       100.0%        -3.349    1.290e+04
  1,102,784    -1000.0       100.0%        -3.349    1.290e+04
  1,102,992    -1000.0       100.0%        -3.349    1.290e+04
  1,103,200    -1000.0       100.0%        -3.349    1.290e+04
  1,103,408    -1000.0       100.0%        -3.349    1.290e+04
  1,103,616    -1000.0       100.0%        -3.349    1.290e+04
  1,103,824    -1000.0       100.0%        -3.349    1.290e+04
  1,104,032    -1000.0       100.0%        -3.349    1.290e+04
  1,104,240    -1000.0       100.0%        -3.349    1.290e+04
  1,104,448    -1000.0       100.0%        -3.349    1.290e+04
  1,104,656    -1000.0       100.0%        -3.349    1.290e+04
  1,104,864    -1000.0       100.0%        -3.349    1.290e+04
  1,105,072    -1000.0       100.0%        -3.349    1.290e+04
  1,105,280    -1000.0       100.0%        -3.349    1.290e+04
  1,105,488    -1000.0       100.0%        -3.349    1.290e+04
  1,105,696    -1000.0       100.0%        -3.349    1.290e+04
  1,105,904    -1000.0       100.0%        -3.349    1.290e+04
  1,106,112    -1000.0       100.0%        -3.350    1.221e+04
  1,106,320    -1000.0       100.0%        -3.350    1.221e+04
  1,106,528    -1000.0       100.0%        -3.350    1.221e+04
  1,106,736    -1000.0       100.0%        -3.350    1.221e+04
  1,106,944    -1000.0       100.0%        -3.350    1.221e+04
  1,107,152    -1000.0       100.0%        -3.350    1.221e+04
  1,107,360    -1000.0       100.0%        -3.350    1.221e+04
  1,107,568    -1000.0       100.0%        -3.350    1.221e+04
  1,107,776    -1000.0       100.0%        -3.350    1.221e+04
  1,107,984    -1000.0       100.0%        -3.350    1.221e+04
  1,108,192    -1000.0       100.0%        -3.350    1.221e+04
  1,108,400    -1000.0       100.0%        -3.350    1.221e+04
  1,108,608    -1000.0       100.0%        -3.350    1.221e+04
  1,108,816    -1000.0       100.0%        -3.350    1.221e+04
  1,109,024    -1000.0       100.0%        -3.350    1.221e+04
  1,109,232    -1000.0       100.0%        -3.350    1.221e+04
  1,109,440    -1000.0       100.0%        -3.350    1.221e+04
  1,109,648    -1000.0       100.0%        -3.350    1.221e+04
  1,109,856    -1000.0       100.0%        -3.350    1.221e+04
  1,110,064    -1000.0       100.0%        -3.350    1.153e+04
  1,110,272    -1000.0       100.0%        -3.350    1.153e+04
  1,110,480    -1000.0       100.0%        -3.350    1.153e+04
  1,110,688    -1000.0       100.0%        -3.350    1.153e+04
  1,110,896    -1000.0       100.0%        -3.350    1.153e+04
  1,111,104    -1000.0       100.0%        -3.350    1.153e+04
  1,111,312    -1000.0       100.0%        -3.350    1.153e+04
  1,111,520    -1000.0       100.0%        -3.350    1.153e+04
  1,111,728    -1000.0       100.0%        -3.350    1.153e+04
  1,111,936    -1000.0       100.0%        -3.350    1.153e+04
  1,112,144    -1000.0       100.0%        -3.350    1.153e+04
  1,112,352    -1000.0       100.0%        -3.350    1.153e+04
  1,112,560    -1000.0       100.0%        -3.350    1.153e+04
  1,112,768    -1000.0       100.0%        -3.350    1.153e+04
  1,112,976    -1000.0       100.0%        -3.350    1.153e+04
  1,113,184    -1000.0       100.0%        -3.350    1.153e+04
  1,113,392    -1000.0       100.0%        -3.350    1.153e+04
  1,113,600    -1000.0       100.0%        -3.350    1.153e+04
  1,113,808    -1000.0       100.0%        -3.350    1.153e+04
  1,114,016    -1000.0       100.0%        -3.350    1.153e+04
  1,114,224    -1000.0       100.0%        -3.350    1.088e+04
  1,114,432    -1000.0       100.0%        -3.350    1.088e+04
  1,114,640    -1000.0       100.0%        -3.350    1.088e+04
  1,114,848    -1000.0       100.0%        -3.350    1.088e+04
  1,115,056    -1000.0       100.0%        -3.350    1.088e+04
  1,115,264    -1000.0       100.0%        -3.350    1.088e+04
  1,115,472    -1000.0       100.0%        -3.350    1.088e+04
  1,115,680    -1000.0       100.0%        -3.350    1.088e+04
  1,115,888    -1000.0       100.0%        -3.350    1.088e+04
  1,116,096    -1000.0       100.0%        -3.350    1.088e+04
  1,116,304    -1000.0       100.0%        -3.350    1.088e+04
  1,116,512    -1000.0       100.0%        -3.350    1.088e+04
  1,116,720    -1000.0       100.0%        -3.350    1.088e+04
  1,116,928    -1000.0       100.0%        -3.350    1.088e+04
  1,117,136    -1000.0       100.0%        -3.350    1.088e+04
  1,117,344    -1000.0       100.0%        -3.350    1.088e+04
  1,117,552    -1000.0       100.0%        -3.350    1.088e+04
  1,117,760    -1000.0       100.0%        -3.350    1.088e+04
  1,117,968    -1000.0       100.0%        -3.350    1.088e+04
  1,118,176    -1000.0       100.0%        -3.350    1.088e+04
  1,118,384    -1000.0       100.0%        -3.350    1.024e+04
  1,118,592    -1000.0       100.0%        -3.350    1.024e+04
  1,118,800    -1000.0       100.0%        -3.350    1.024e+04
  1,119,008    -1000.0       100.0%        -3.350    1.024e+04
  1,119,216    -1000.0       100.0%        -3.350    1.024e+04
  1,119,424    -1000.0       100.0%        -3.350    1.024e+04
  1,119,632    -1000.0       100.0%        -3.350    1.024e+04
  1,119,840    -1000.0       100.0%        -3.350    1.024e+04
  1,120,048    -1000.0       100.0%        -3.350    1.024e+04
  1,120,256    -1000.0       100.0%        -3.350    1.024e+04
  1,120,464    -1000.0       100.0%        -3.350    1.024e+04
  1,120,672    -1000.0       100.0%        -3.350    1.024e+04
  1,120,880    -1000.0       100.0%        -3.350    1.024e+04
  1,121,088    -1000.0       100.0%        -3.350    1.024e+04
  1,121,296    -1000.0       100.0%        -3.350    1.024e+04
  1,121,504    -1000.0       100.0%        -3.350    1.024e+04
  1,121,712    -1000.0       100.0%        -3.350    1.024e+04
  1,121,920    -1000.0       100.0%        -3.350    1.024e+04
  1,122,128    -1000.0       100.0%        -3.350    1.024e+04
  1,122,336    -1000.0       100.0%        -3.351    9.626e+03
  1,122,544    -1000.0       100.0%        -3.351    9.626e+03
  1,122,752    -1000.0       100.0%        -3.351    9.626e+03
  1,122,960    -1000.0       100.0%        -3.351    9.626e+03
  1,123,168    -1000.0       100.0%        -3.351    9.626e+03
  1,123,376    -1000.0       100.0%        -3.351    9.626e+03
  1,123,584    -1000.0       100.0%        -3.351    9.626e+03
  1,123,792    -1000.0       100.0%        -3.351    9.626e+03
  1,124,000    -1000.0       100.0%        -3.351    9.626e+03
  1,124,208    -1000.0       100.0%        -3.351    9.626e+03
  1,124,416    -1000.0       100.0%        -3.351    9.626e+03
  1,124,624    -1000.0       100.0%        -3.351    9.626e+03
  1,124,832    -1000.0       100.0%        -3.351    9.626e+03
  1,125,040    -1000.0       100.0%        -3.351    9.626e+03
  1,125,248    -1000.0       100.0%        -3.351    9.626e+03
  1,125,456    -1000.0       100.0%        -3.351    9.626e+03
  1,125,664    -1000.0       100.0%        -3.351    9.626e+03
  1,125,872    -1000.0       100.0%        -3.351    9.626e+03
  1,126,080    -1000.0       100.0%        -3.351    9.626e+03
  1,126,288    -1000.0       100.0%        -3.351    9.626e+03
  1,126,496    -1000.0       100.0%        -3.351    9.028e+03
  1,126,704    -1000.0       100.0%        -3.351    9.028e+03
  1,126,912    -1000.0       100.0%        -3.351    9.028e+03
  1,127,120    -1000.0       100.0%        -3.351    9.028e+03
  1,127,328    -1000.0       100.0%        -3.351    9.028e+03
  1,127,536    -1000.0       100.0%        -3.351    9.028e+03
  1,127,744    -1000.0       100.0%        -3.351    9.028e+03
  1,127,952    -1000.0       100.0%        -3.351    9.028e+03
  1,128,160    -1000.0       100.0%        -3.351    9.028e+03
  1,128,368    -1000.0       100.0%        -3.351    9.028e+03
  1,128,576    -1000.0       100.0%        -3.351    9.028e+03
  1,128,784    -1000.0       100.0%        -3.351    9.028e+03
  1,128,992    -1000.0       100.0%        -3.351    9.028e+03
  1,129,200    -1000.0       100.0%        -3.351    9.028e+03
  1,129,408    -1000.0       100.0%        -3.351    9.028e+03
  1,129,616    -1000.0       100.0%        -3.351    9.028e+03
  1,129,824    -1000.0       100.0%        -3.351    9.028e+03
  1,130,032    -1000.0       100.0%        -3.351    9.028e+03
  1,130,240    -1000.0       100.0%        -3.351    9.028e+03
  1,130,448    -1000.0       100.0%        -3.351    9.028e+03
  1,130,656    -1000.0       100.0%        -3.351    8.449e+03
  1,130,864    -1000.0       100.0%        -3.351    8.449e+03
  1,131,072    -1000.0       100.0%        -3.351    8.449e+03
  1,131,280    -1000.0       100.0%        -3.351    8.449e+03
  1,131,488    -1000.0       100.0%        -3.351    8.449e+03
  1,131,696    -1000.0       100.0%        -3.351    8.449e+03
  1,131,904    -1000.0       100.0%        -3.351    8.449e+03
  1,132,112    -1000.0       100.0%        -3.351    8.449e+03
  1,132,320    -1000.0       100.0%        -3.351    8.449e+03
  1,132,528    -1000.0       100.0%        -3.351    8.449e+03
  1,132,736    -1000.0       100.0%        -3.351    8.449e+03
  1,132,944    -1000.0       100.0%        -3.351    8.449e+03
  1,133,152    -1000.0       100.0%        -3.351    8.449e+03
  1,133,360    -1000.0       100.0%        -3.351    8.449e+03
  1,133,568    -1000.0       100.0%        -3.351    8.449e+03
  1,133,776    -1000.0       100.0%        -3.351    8.449e+03
  1,133,984    -1000.0       100.0%        -3.351    8.449e+03
  1,134,192    -1000.0       100.0%        -3.351    8.449e+03
  1,134,400    -1000.0       100.0%        -3.351    8.449e+03
  1,134,608    -1000.0       100.0%        -3.351    7.890e+03
  1,134,816    -1000.0       100.0%        -3.351    7.890e+03
  1,135,024    -1000.0       100.0%        -3.351    7.890e+03
  1,135,232    -1000.0       100.0%        -3.351    7.890e+03
  1,135,440    -1000.0       100.0%        -3.351    7.890e+03
  1,135,648    -1000.0       100.0%        -3.351    7.890e+03
  1,135,856    -1000.0       100.0%        -3.351    7.890e+03
  1,136,064    -1000.0       100.0%        -3.351    7.890e+03
  1,136,272    -1000.0       100.0%        -3.351    7.890e+03
  1,136,480    -1000.0       100.0%        -3.351    7.890e+03
  1,136,688    -1000.0       100.0%        -3.351    7.890e+03
  1,136,896    -1000.0       100.0%        -3.351    7.890e+03
  1,137,104    -1000.0       100.0%        -3.351    7.890e+03
  1,137,312    -1000.0       100.0%        -3.351    7.890e+03
  1,137,520    -1000.0       100.0%        -3.351    7.890e+03
  1,137,728    -1000.0       100.0%        -3.351    7.890e+03
  1,137,936    -1000.0       100.0%        -3.351    7.890e+03
  1,138,144    -1000.0       100.0%        -3.351    7.890e+03
  1,138,352    -1000.0       100.0%        -3.351    7.890e+03
  1,138,560    -1000.0       100.0%        -3.351    7.890e+03
  1,138,768    -1000.0       100.0%        -3.351    7.350e+03
  1,138,976    -1000.0       100.0%        -3.351    7.350e+03
  1,139,184    -1000.0       100.0%        -3.351    7.350e+03
  1,139,392    -1000.0       100.0%        -3.351    7.350e+03
  1,139,600    -1000.0       100.0%        -3.351    7.350e+03
  1,139,808    -1000.0       100.0%        -3.351    7.350e+03
  1,140,016    -1000.0       100.0%        -3.351    7.350e+03
  1,140,224    -1000.0       100.0%        -3.351    7.350e+03
  1,140,432    -1000.0       100.0%        -3.351    7.350e+03
  1,140,640    -1000.0       100.0%        -3.351    7.350e+03
  1,140,848    -1000.0       100.0%        -3.351    7.350e+03
  1,141,056    -1000.0       100.0%        -3.351    7.350e+03
  1,141,264    -1000.0       100.0%        -3.351    7.350e+03
  1,141,472    -1000.0       100.0%        -3.351    7.350e+03
  1,141,680    -1000.0       100.0%        -3.351    7.350e+03
  1,141,888    -1000.0       100.0%        -3.351    7.350e+03
  1,142,096    -1000.0       100.0%        -3.351    7.350e+03
  1,142,304    -1000.0       100.0%        -3.351    7.350e+03
  1,142,512    -1000.0       100.0%        -3.351    7.350e+03
  1,142,720    -1000.0       100.0%        -3.351    7.350e+03
  1,142,928    -1000.0       100.0%        -3.351    6.828e+03
  1,143,136    -1000.0       100.0%        -3.351    6.828e+03
  1,143,344    -1000.0       100.0%        -3.351    6.828e+03
  1,143,552    -1000.0       100.0%        -3.351    6.828e+03
  1,143,760    -1000.0       100.0%        -3.351    6.828e+03
  1,143,968    -1000.0       100.0%        -3.351    6.828e+03
  1,144,176    -1000.0       100.0%        -3.351    6.828e+03
  1,144,384    -1000.0       100.0%        -3.351    6.828e+03
  1,144,592    -1000.0       100.0%        -3.351    6.828e+03
  1,144,800    -1000.0       100.0%        -3.351    6.828e+03
  1,145,008    -1000.0       100.0%        -3.351    6.828e+03
  1,145,216    -1000.0       100.0%        -3.351    6.828e+03
  1,145,424    -1000.0       100.0%        -3.351    6.828e+03
  1,145,632    -1000.0       100.0%        -3.351    6.828e+03
  1,145,840    -1000.0       100.0%        -3.351    6.828e+03
  1,146,048    -1000.0       100.0%        -3.351    6.828e+03
  1,146,256    -1000.0       100.0%        -3.351    6.828e+03
  1,146,464    -1000.0       100.0%        -3.351    6.828e+03
  1,146,672    -1000.0       100.0%        -3.351    6.828e+03
  1,146,880    -1000.0       100.0%        -3.351    6.828e+03
  1,147,088    -1000.0       100.0%        -3.351    6.326e+03
  1,147,296    -1000.0       100.0%        -3.351    6.326e+03
  1,147,504    -1000.0       100.0%        -3.351    6.326e+03
  1,147,712    -1000.0       100.0%        -3.351    6.326e+03
  1,147,920    -1000.0       100.0%        -3.351    6.326e+03
  1,148,128    -1000.0       100.0%        -3.351    6.326e+03
  1,148,336    -1000.0       100.0%        -3.351    6.326e+03
  1,148,544    -1000.0       100.0%        -3.351    6.326e+03
  1,148,752    -1000.0       100.0%        -3.351    6.326e+03
  1,148,960    -1000.0       100.0%        -3.351    6.326e+03
  1,149,168    -1000.0       100.0%        -3.351    6.326e+03
  1,149,376    -1000.0       100.0%        -3.351    6.326e+03
  1,149,584    -1000.0       100.0%        -3.351    6.326e+03
  1,149,792    -1000.0       100.0%        -3.351    6.326e+03
  1,150,000    -1000.0       100.0%        -3.351    6.326e+03
  1,150,208    -1000.0       100.0%        -3.351    6.326e+03
  1,150,416    -1000.0       100.0%        -3.351    6.326e+03
  1,150,624    -1000.0       100.0%        -3.351    6.326e+03
  1,150,832    -1000.0       100.0%        -3.351    6.326e+03
  1,151,040    -1000.0       100.0%        -3.352    5.844e+03
  1,151,248    -1000.0       100.0%        -3.352    5.844e+03
  1,151,456    -1000.0       100.0%        -3.352    5.844e+03
  1,151,664    -1000.0       100.0%        -3.352    5.844e+03
  1,151,872    -1000.0       100.0%        -3.352    5.844e+03
  1,152,080    -1000.0       100.0%        -3.352    5.844e+03
  1,152,288    -1000.0       100.0%        -3.352    5.844e+03
  1,152,496    -1000.0       100.0%        -3.352    5.844e+03
  1,152,704    -1000.0       100.0%        -3.352    5.844e+03
  1,152,912    -1000.0       100.0%        -3.352    5.844e+03
  1,153,120    -1000.0       100.0%        -3.352    5.844e+03
  1,153,328    -1000.0       100.0%        -3.352    5.844e+03
  1,153,536    -1000.0       100.0%        -3.352    5.844e+03
  1,153,744    -1000.0       100.0%        -3.352    5.844e+03
  1,153,952    -1000.0       100.0%        -3.352    5.844e+03
  1,154,160    -1000.0       100.0%        -3.352    5.844e+03
  1,154,368    -1000.0       100.0%        -3.352    5.844e+03
  1,154,576    -1000.0       100.0%        -3.352    5.844e+03
  1,154,784    -1000.0       100.0%        -3.352    5.844e+03
  1,154,992    -1000.0       100.0%        -3.352    5.844e+03
  1,155,200    -1000.0       100.0%        -3.352    5.380e+03
  1,155,408    -1000.0       100.0%        -3.352    5.380e+03
  1,155,616    -1000.0       100.0%        -3.352    5.380e+03
  1,155,824    -1000.0       100.0%        -3.352    5.380e+03
  1,156,032    -1000.0       100.0%        -3.352    5.380e+03
  1,156,240    -1000.0       100.0%        -3.352    5.380e+03
  1,156,448    -1000.0       100.0%        -3.352    5.380e+03
  1,156,656    -1000.0       100.0%        -3.352    5.380e+03
  1,156,864    -1000.0       100.0%        -3.352    5.380e+03
  1,157,072    -1000.0       100.0%        -3.352    5.380e+03
  1,157,280    -1000.0       100.0%        -3.352    5.380e+03
  1,157,488    -1000.0       100.0%        -3.352    5.380e+03
  1,157,696    -1000.0       100.0%        -3.352    5.380e+03
  1,157,904    -1000.0       100.0%        -3.352    5.380e+03
  1,158,112    -1000.0       100.0%        -3.352    5.380e+03
  1,158,320    -1000.0       100.0%        -3.352    5.380e+03
  1,158,528    -1000.0       100.0%        -3.352    5.380e+03
  1,158,736    -1000.0       100.0%        -3.352    5.380e+03
  1,158,944    -1000.0       100.0%        -3.352    5.380e+03
  1,159,152    -1000.0       100.0%        -3.352    5.380e+03
  1,159,360    -1000.0       100.0%        -3.353    4.936e+03
  1,159,568    -1000.0       100.0%        -3.353    4.936e+03
  1,159,776    -1000.0       100.0%        -3.353    4.936e+03
  1,159,984    -1000.0       100.0%        -3.353    4.936e+03
  1,160,192    -1000.0       100.0%        -3.353    4.936e+03
  1,160,400    -1000.0       100.0%        -3.353    4.936e+03
  1,160,608    -1000.0       100.0%        -3.353    4.936e+03
  1,160,816    -1000.0       100.0%        -3.353    4.936e+03
  1,161,024    -1000.0       100.0%        -3.353    4.936e+03
  1,161,232    -1000.0       100.0%        -3.353    4.936e+03
  1,161,440    -1000.0       100.0%        -3.353    4.936e+03
  1,161,648    -1000.0       100.0%        -3.353    4.936e+03
  1,161,856    -1000.0       100.0%        -3.353    4.936e+03
  1,162,064    -1000.0       100.0%        -3.353    4.936e+03
  1,162,272    -1000.0       100.0%        -3.353    4.936e+03
  1,162,480    -1000.0       100.0%        -3.353    4.936e+03
  1,162,688    -1000.0       100.0%        -3.353    4.936e+03
  1,162,896    -1000.0       100.0%        -3.353    4.936e+03
  1,163,104    -1000.0       100.0%        -3.353    4.936e+03
  1,163,312    -1000.0       100.0%        -3.354    4.510e+03
  1,163,520    -1000.0       100.0%        -3.354    4.510e+03
  1,163,728    -1000.0       100.0%        -3.354    4.510e+03
  1,163,936    -1000.0       100.0%        -3.354    4.510e+03
  1,164,144    -1000.0       100.0%        -3.354    4.510e+03
  1,164,352    -1000.0       100.0%        -3.354    4.510e+03
  1,164,560    -1000.0       100.0%        -3.354    4.510e+03
  1,164,768    -1000.0       100.0%        -3.354    4.510e+03
  1,164,976    -1000.0       100.0%        -3.354    4.510e+03
  1,165,184    -1000.0       100.0%        -3.354    4.510e+03
  1,165,392    -1000.0       100.0%        -3.354    4.510e+03
  1,165,600    -1000.0       100.0%        -3.354    4.510e+03
  1,165,808    -1000.0       100.0%        -3.354    4.510e+03
  1,166,016    -1000.0       100.0%        -3.354    4.510e+03
  1,166,224    -1000.0       100.0%        -3.354    4.510e+03
  1,166,432    -1000.0       100.0%        -3.354    4.510e+03
  1,166,640    -1000.0       100.0%        -3.354    4.510e+03
  1,166,848    -1000.0       100.0%        -3.354    4.510e+03
  1,167,056    -1000.0       100.0%        -3.354    4.510e+03
  1,167,264    -1000.0       100.0%        -3.354    4.510e+03
  1,167,472    -1000.0       100.0%        -3.354    4.104e+03
  1,167,680    -1000.0       100.0%        -3.354    4.104e+03
  1,167,888    -1000.0       100.0%        -3.354    4.104e+03
  1,168,096    -1000.0       100.0%        -3.354    4.104e+03
  1,168,304    -1000.0       100.0%        -3.354    4.104e+03
  1,168,512    -1000.0       100.0%        -3.354    4.104e+03
  1,168,720    -1000.0       100.0%        -3.354    4.104e+03
  1,168,928    -1000.0       100.0%        -3.354    4.104e+03
  1,169,136    -1000.0       100.0%        -3.354    4.104e+03
  1,169,344    -1000.0       100.0%        -3.354    4.104e+03
  1,169,552    -1000.0       100.0%        -3.354    4.104e+03
  1,169,760    -1000.0       100.0%        -3.354    4.104e+03
  1,169,968    -1000.0       100.0%        -3.354    4.104e+03
  1,170,176    -1000.0       100.0%        -3.354    4.104e+03
  1,170,384    -1000.0       100.0%        -3.354    4.104e+03
  1,170,592    -1000.0       100.0%        -3.354    4.104e+03
  1,170,800    -1000.0       100.0%        -3.354    4.104e+03
  1,171,008    -1000.0       100.0%        -3.354    4.104e+03
  1,171,216    -1000.0       100.0%        -3.354    4.104e+03
  1,171,424    -1000.0       100.0%        -3.354    4.104e+03
  1,171,632    -1000.0       100.0%        -3.354    3.717e+03
  1,171,840    -1000.0       100.0%        -3.354    3.717e+03
  1,172,048    -1000.0       100.0%        -3.354    3.717e+03
  1,172,256    -1000.0       100.0%        -3.354    3.717e+03
  1,172,464    -1000.0       100.0%        -3.354    3.717e+03
  1,172,672    -1000.0       100.0%        -3.354    3.717e+03
  1,172,880    -1000.0       100.0%        -3.354    3.717e+03
  1,173,088    -1000.0       100.0%        -3.354    3.717e+03
  1,173,296    -1000.0       100.0%        -3.354    3.717e+03
  1,173,504    -1000.0       100.0%        -3.354    3.717e+03
  1,173,712    -1000.0       100.0%        -3.354    3.717e+03
  1,173,920    -1000.0       100.0%        -3.354    3.717e+03
  1,174,128    -1000.0       100.0%        -3.354    3.717e+03
  1,174,336    -1000.0       100.0%        -3.354    3.717e+03
  1,174,544    -1000.0       100.0%        -3.354    3.717e+03
  1,174,752    -1000.0       100.0%        -3.354    3.717e+03
  1,174,960    -1000.0       100.0%        -3.354    3.717e+03
  1,175,168    -1000.0       100.0%        -3.354    3.717e+03
  1,175,376    -1000.0       100.0%        -3.354    3.717e+03
  1,175,584    -1000.0       100.0%        -3.355    3.349e+03
  1,175,792    -1000.0       100.0%        -3.355    3.349e+03
  1,176,000    -1000.0       100.0%        -3.355    3.349e+03
  1,176,208    -1000.0       100.0%        -3.355    3.349e+03
  1,176,416    -1000.0       100.0%        -3.355    3.349e+03
  1,176,624    -1000.0       100.0%        -3.355    3.349e+03
  1,176,832    -1000.0       100.0%        -3.355    3.349e+03
  1,177,040    -1000.0       100.0%        -3.355    3.349e+03
  1,177,248    -1000.0       100.0%        -3.355    3.349e+03
  1,177,456    -1000.0       100.0%        -3.355    3.349e+03
  1,177,664    -1000.0       100.0%        -3.355    3.349e+03
  1,177,872    -1000.0       100.0%        -3.355    3.349e+03
  1,178,080    -1000.0       100.0%        -3.355    3.349e+03
  1,178,288    -1000.0       100.0%        -3.355    3.349e+03
  1,178,496    -1000.0       100.0%        -3.355    3.349e+03
  1,178,704    -1000.0       100.0%        -3.355    3.349e+03
  1,178,912    -1000.0       100.0%        -3.355    3.349e+03
  1,179,120    -1000.0       100.0%        -3.355    3.349e+03
  1,179,328    -1000.0       100.0%        -3.355    3.349e+03
  1,179,536    -1000.0       100.0%        -3.355    3.349e+03
  1,179,744    -1000.0       100.0%        -3.356    3.001e+03
  1,179,952    -1000.0       100.0%        -3.356    3.001e+03
  1,180,160    -1000.0       100.0%        -3.356    3.001e+03
  1,180,368    -1000.0       100.0%        -3.356    3.001e+03
  1,180,576    -1000.0       100.0%        -3.356    3.001e+03
  1,180,784    -1000.0       100.0%        -3.356    3.001e+03
  1,180,992    -1000.0       100.0%        -3.356    3.001e+03
  1,181,200    -1000.0       100.0%        -3.356    3.001e+03
  1,181,408    -1000.0       100.0%        -3.356    3.001e+03
  1,181,616    -1000.0       100.0%        -3.356    3.001e+03
  1,181,824    -1000.0       100.0%        -3.356    3.001e+03
  1,182,032    -1000.0       100.0%        -3.356    3.001e+03
  1,182,240     -980.0        98.0%        -3.356    3.001e+03
  1,182,448     -870.0        87.0%        -3.356    3.001e+03
  1,182,656     -870.0        87.0%        -3.356    3.001e+03
  1,182,864     -870.0        87.0%        -3.356    3.001e+03
  1,183,072     -950.0        95.0%        -3.356    3.001e+03
  1,183,280    -1000.0       100.0%        -3.356    3.001e+03
  1,183,488    -1000.0       100.0%        -3.356    3.001e+03
  1,183,696    -1000.0       100.0%        -3.356    3.001e+03
  1,183,904    -1000.0       100.0%        -3.358    7.126e+03
  1,184,112    -1000.0       100.0%        -3.358    7.126e+03
  1,184,320    -1000.0       100.0%        -3.358    7.126e+03
  1,184,528    -1000.0       100.0%        -3.358    7.126e+03
  1,184,736    -1000.0       100.0%        -3.358    7.126e+03
  1,184,944    -1000.0       100.0%        -3.358    7.126e+03
  1,185,152    -1000.0       100.0%        -3.358    7.126e+03
  1,185,360    -1000.0       100.0%        -3.358    7.126e+03
  1,185,568    -1000.0       100.0%        -3.358    7.126e+03
  1,185,776    -1000.0       100.0%        -3.358    7.126e+03
  1,185,984    -1000.0       100.0%        -3.358    7.126e+03
  1,186,192    -1000.0       100.0%        -3.358    7.126e+03
  1,186,400    -1000.0       100.0%        -3.358    7.126e+03
  1,186,608    -1000.0       100.0%        -3.358    7.126e+03
  1,186,816    -1000.0       100.0%        -3.358    7.126e+03
  1,187,024    -1000.0       100.0%        -3.358    7.126e+03
  1,187,232    -1000.0       100.0%        -3.358    7.126e+03
  1,187,440    -1000.0       100.0%        -3.358    7.126e+03
  1,187,648    -1000.0       100.0%        -3.358    7.126e+03
  1,187,856    -1000.0       100.0%        -3.361    2.361e+03
  1,188,064    -1000.0       100.0%        -3.361    2.361e+03
  1,188,272    -1000.0       100.0%        -3.361    2.361e+03
  1,188,480    -1000.0       100.0%        -3.361    2.361e+03
  1,188,688    -1000.0       100.0%        -3.361    2.361e+03
  1,188,896    -1000.0       100.0%        -3.361    2.361e+03
  1,189,104    -1000.0       100.0%        -3.361    2.361e+03
  1,189,312    -1000.0       100.0%        -3.361    2.361e+03
  1,189,520    -1000.0       100.0%        -3.361    2.361e+03
  1,189,728    -1000.0       100.0%        -3.361    2.361e+03
  1,189,936     -930.0        93.0%        -3.361    2.361e+03
  1,190,144     -970.0        97.0%        -3.361    2.361e+03
  1,190,352    -1000.0       100.0%        -3.361    2.361e+03
  1,190,560    -1000.0       100.0%        -3.361    2.361e+03
  1,190,768    -1000.0       100.0%        -3.361    2.361e+03
  1,190,976    -1000.0       100.0%        -3.361    2.361e+03
  1,191,184    -1000.0       100.0%        -3.361    2.361e+03
  1,191,392    -1000.0       100.0%        -3.361    2.361e+03
  1,191,600    -1000.0       100.0%        -3.361    2.361e+03
  1,191,808    -1000.0       100.0%        -3.361    2.361e+03
  1,192,016    -1000.0       100.0%        -3.362    3.068e+03
  1,192,224    -1000.0       100.0%        -3.362    3.068e+03
  1,192,432    -1000.0       100.0%        -3.362    3.068e+03
  1,192,640    -1000.0       100.0%        -3.362    3.068e+03
  1,192,848    -1000.0       100.0%        -3.362    3.068e+03
  1,193,056    -1000.0       100.0%        -3.362    3.068e+03
  1,193,264    -1000.0       100.0%        -3.362    3.068e+03
  1,193,472    -1000.0       100.0%        -3.362    3.068e+03
  1,193,680    -1000.0       100.0%        -3.362    3.068e+03
  1,193,888    -1000.0       100.0%        -3.362    3.068e+03
  1,194,096    -1000.0       100.0%        -3.362    3.068e+03
  1,194,304    -1000.0       100.0%        -3.362    3.068e+03
  1,194,512    -1000.0       100.0%        -3.362    3.068e+03
  1,194,720    -1000.0       100.0%        -3.362    3.068e+03
  1,194,928    -1000.0       100.0%        -3.362    3.068e+03
  1,195,136    -1000.0       100.0%        -3.362    3.068e+03
  1,195,344    -1000.0       100.0%        -3.362    3.068e+03
  1,195,552    -1000.0       100.0%        -3.362    3.068e+03
  1,195,760    -1000.0       100.0%        -3.362    3.068e+03
  1,195,968    -1000.0       100.0%        -3.362    3.068e+03
  1,196,176    -1000.0       100.0%        -3.364    1.798e+03
  1,196,384    -1000.0       100.0%        -3.364    1.798e+03
  1,196,592    -1000.0       100.0%        -3.364    1.798e+03
  1,196,800    -1000.0       100.0%        -3.364    1.798e+03
  1,197,008    -1000.0       100.0%        -3.364    1.798e+03
  1,197,216    -1000.0       100.0%        -3.364    1.798e+03
  1,197,424    -1000.0       100.0%        -3.364    1.798e+03
  1,197,632    -1000.0       100.0%        -3.364    1.798e+03
  1,197,840    -1000.0       100.0%        -3.364    1.798e+03
  1,198,048    -1000.0       100.0%        -3.364    1.798e+03
  1,198,256    -1000.0       100.0%        -3.364    1.798e+03
  1,198,464     -910.0        91.0%        -3.364    1.798e+03
  1,198,672     -880.0        88.0%        -3.364    1.798e+03
  1,198,880     -880.0        88.0%        -3.364    1.798e+03
  1,199,088     -880.0        88.0%        -3.364    1.798e+03
  1,199,296     -880.0        88.0%        -3.364    1.798e+03
  1,199,504     -880.0        88.0%        -3.364    1.798e+03
  1,199,712     -880.0        88.0%        -3.364    1.798e+03
  1,199,920     -880.0        88.0%        -3.364    1.798e+03
  1,200,128     -990.0        99.0%        -3.364    1.798e+03
  1,200,336    -1000.0       100.0%        -3.364    1.204e+04
  1,200,544    -1000.0       100.0%        -3.364    1.204e+04
  1,200,752    -1000.0       100.0%        -3.364    1.204e+04
  1,200,960    -1000.0       100.0%        -3.364    1.204e+04
  1,201,168    -1000.0       100.0%        -3.364    1.204e+04
  1,201,376    -1000.0       100.0%        -3.364    1.204e+04
  1,201,584    -1000.0       100.0%        -3.364    1.204e+04
  1,201,792     -910.0        91.0%        -3.364    1.204e+04
  1,202,000     -880.0        88.0%        -3.364    1.204e+04
  1,202,208     -850.0        85.0%        -3.364    1.204e+04
  1,202,416     -750.0        75.0%        -3.364    1.204e+04
  1,202,624     -720.0        72.0%        -3.364    1.204e+04
  1,202,832     -630.0        63.0%        -3.364    1.204e+04
  1,203,040     -630.0        63.0%        -3.364    1.204e+04
  1,203,248     -760.0        76.0%        -3.364    1.204e+04
  1,203,456     -760.0        76.0%        -3.364    1.204e+04
  1,203,664     -760.0        76.0%        -3.364    1.204e+04
  1,203,872     -760.0        76.0%        -3.364    1.204e+04
  1,204,080     -760.0        76.0%        -3.364    1.204e+04
  1,204,288     -760.0        76.0%        -3.362    3.431e+04
  1,204,496     -760.0        76.0%        -3.362    3.431e+04
  1,204,704     -760.0        76.0%        -3.362    3.431e+04
  1,204,912     -760.0        76.0%        -3.362    3.431e+04
  1,205,120     -790.0        79.0%        -3.362    3.431e+04
  1,205,328     -820.0        82.0%        -3.362    3.431e+04
  1,205,536     -760.0        76.0%        -3.362    3.431e+04
  1,205,744     -760.0        76.0%        -3.362    3.431e+04
  1,205,952     -760.0        76.0%        -3.362    3.431e+04
  1,206,160     -760.0        76.0%        -3.362    3.431e+04
  1,206,368     -760.0        76.0%        -3.362    3.431e+04
  1,206,576     -760.0        76.0%        -3.362    3.431e+04
  1,206,784     -760.0        76.0%        -3.362    3.431e+04
  1,206,992     -760.0        76.0%        -3.362    3.431e+04
  1,207,200     -760.0        76.0%        -3.362    3.431e+04
  1,207,408     -760.0        76.0%        -3.362    3.431e+04
  1,207,616     -760.0        76.0%        -3.362    3.431e+04
  1,207,824     -760.0        76.0%        -3.362    3.431e+04
  1,208,032     -860.0        86.0%        -3.362    3.431e+04
  1,208,240     -880.0        88.0%        -3.362    3.431e+04
  1,208,448     -880.0        88.0%        -3.362    4.996e+04
  1,208,656     -880.0        88.0%        -3.362    4.996e+04
  1,208,864     -880.0        88.0%        -3.362    4.996e+04
  1,209,072     -880.0        88.0%        -3.362    4.996e+04
  1,209,280     -880.0        88.0%        -3.362    4.996e+04
  1,209,488     -880.0        88.0%        -3.362    4.996e+04
  1,209,696     -880.0        88.0%        -3.362    4.996e+04
  1,209,904     -880.0        88.0%        -3.362    4.996e+04
  1,210,112     -790.0        79.0%        -3.362    4.996e+04
  1,210,320     -810.0        81.0%        -3.362    4.996e+04
  1,210,528     -880.0        88.0%        -3.362    4.996e+04
  1,210,736     -880.0        88.0%        -3.362    4.996e+04
  1,210,944     -880.0        88.0%        -3.362    4.996e+04
  1,211,152     -880.0        88.0%        -3.362    4.996e+04
  1,211,360     -840.0        84.0%        -3.362    4.996e+04
  1,211,568     -760.0        76.0%        -3.362    4.996e+04
  1,211,776     -760.0        76.0%        -3.362    4.996e+04
  1,211,984     -760.0        76.0%        -3.362    4.996e+04
  1,212,192     -820.0        82.0%        -3.362    4.996e+04
  1,212,400     -880.0        88.0%        -3.362    4.996e+04
  1,212,608     -880.0        88.0%        -3.364    3.437e+04
  1,212,816     -880.0        88.0%        -3.364    3.437e+04
  1,213,024     -880.0        88.0%        -3.364    3.437e+04
  1,213,232     -880.0        88.0%        -3.364    3.437e+04
  1,213,440     -880.0        88.0%        -3.364    3.437e+04
  1,213,648     -880.0        88.0%        -3.364    3.437e+04
  1,213,856     -880.0        88.0%        -3.364    3.437e+04
  1,214,064     -880.0        88.0%        -3.364    3.437e+04
  1,214,272     -880.0        88.0%        -3.364    3.437e+04
  1,214,480     -990.0        99.0%        -3.364    3.437e+04
  1,214,688     -880.0        88.0%        -3.364    3.437e+04
  1,214,896     -880.0        88.0%        -3.364    3.437e+04
  1,215,104     -970.0        97.0%        -3.364    3.437e+04
  1,215,312     -980.0        98.0%        -3.364    3.437e+04
  1,215,520     -880.0        88.0%        -3.364    3.437e+04
  1,215,728     -880.0        88.0%        -3.364    3.437e+04
  1,215,936     -880.0        88.0%        -3.364    3.437e+04
  1,216,144     -880.0        88.0%        -3.364    3.437e+04
  1,216,352     -880.0        88.0%        -3.364    3.437e+04
  1,216,560     -880.0        88.0%        -3.366    2.420e+04
  1,216,768     -920.0        92.0%        -3.366    2.420e+04
  1,216,976    -1000.0       100.0%        -3.366    2.420e+04
  1,217,184     -880.0        88.0%        -3.366    2.420e+04
  1,217,392     -880.0        88.0%        -3.366    2.420e+04
  1,217,600     -880.0        88.0%        -3.366    2.420e+04
  1,217,808     -880.0        88.0%        -3.366    2.420e+04
  1,218,016     -880.0        88.0%        -3.366    2.420e+04
  1,218,224     -880.0        88.0%        -3.366    2.420e+04
  1,218,432     -880.0        88.0%        -3.366    2.420e+04
  1,218,640     -880.0        88.0%        -3.366    2.420e+04
  1,218,848     -840.0        84.0%        -3.366    2.420e+04
  1,219,056     -790.0        79.0%        -3.366    2.420e+04
  1,219,264     -880.0        88.0%        -3.366    2.420e+04
  1,219,472     -910.0        91.0%        -3.366    2.420e+04
  1,219,680    -1000.0       100.0%        -3.366    2.420e+04
  1,219,888    -1000.0       100.0%        -3.366    2.420e+04
  1,220,096    -1000.0       100.0%        -3.366    2.420e+04
  1,220,304     -940.0        94.0%        -3.366    2.420e+04
  1,220,512     -910.0        91.0%        -3.366    2.420e+04
  1,220,720     -880.0        88.0%        -3.368    2.083e+04
  1,220,928     -880.0        88.0%        -3.368    2.083e+04
  1,221,136     -880.0        88.0%        -3.368    2.083e+04
  1,221,344     -880.0        88.0%        -3.368    2.083e+04
  1,221,552     -880.0        88.0%        -3.368    2.083e+04
  1,221,760     -880.0        88.0%        -3.368    2.083e+04
  1,221,968     -880.0        88.0%        -3.368    2.083e+04
  1,222,176     -880.0        88.0%        -3.368    2.083e+04
  1,222,384     -920.0        92.0%        -3.368    2.083e+04
  1,222,592     -980.0        98.0%        -3.368    2.083e+04
  1,222,800     -880.0        88.0%        -3.368    2.083e+04
  1,223,008     -880.0        88.0%        -3.368    2.083e+04
  1,223,216     -880.0        88.0%        -3.368    2.083e+04
  1,223,424     -880.0        88.0%        -3.368    2.083e+04
  1,223,632     -880.0        88.0%        -3.368    2.083e+04
  1,223,840     -880.0        88.0%        -3.368    2.083e+04
  1,224,048     -880.0        88.0%        -3.368    2.083e+04
  1,224,256     -880.0        88.0%        -3.368    2.083e+04
  1,224,464     -880.0        88.0%        -3.368    2.083e+04
  1,224,672     -880.0        88.0%        -3.368    2.083e+04
  1,224,880     -880.0        88.0%        -3.368    2.165e+04
  1,225,088     -880.0        88.0%        -3.368    2.165e+04
  1,225,296     -880.0        88.0%        -3.368    2.165e+04
  1,225,504     -880.0        88.0%        -3.368    2.165e+04
  1,225,712     -880.0        88.0%        -3.368    2.165e+04
  1,225,920     -880.0        88.0%        -3.368    2.165e+04
  1,226,128     -880.0        88.0%        -3.368    2.165e+04
  1,226,336     -880.0        88.0%        -3.368    2.165e+04
  1,226,544     -880.0        88.0%        -3.368    2.165e+04
  1,226,752     -880.0        88.0%        -3.368    2.165e+04
  1,226,960     -880.0        88.0%        -3.368    2.165e+04
  1,227,168     -880.0        88.0%        -3.368    2.165e+04
  1,227,376     -880.0        88.0%        -3.368    2.165e+04
  1,227,584     -880.0        88.0%        -3.368    2.165e+04
  1,227,792     -880.0        88.0%        -3.368    2.165e+04
  1,228,000     -880.0        88.0%        -3.368    2.165e+04
  1,228,208     -880.0        88.0%        -3.368    2.165e+04
  1,228,416     -880.0        88.0%        -3.368    2.165e+04
  1,228,624     -880.0        88.0%        -3.368    2.165e+04
  1,228,832     -880.0        88.0%        -3.369    2.038e+04
  1,229,040     -880.0        88.0%        -3.369    2.038e+04
  1,229,248     -880.0        88.0%        -3.369    2.038e+04
  1,229,456     -880.0        88.0%        -3.369    2.038e+04
  1,229,664     -880.0        88.0%        -3.369    2.038e+04
  1,229,872     -880.0        88.0%        -3.369    2.038e+04
  1,230,080     -880.0        88.0%        -3.369    2.038e+04
  1,230,288     -880.0        88.0%        -3.369    2.038e+04
  1,230,496     -880.0        88.0%        -3.369    2.038e+04
  1,230,704     -880.0        88.0%        -3.369    2.038e+04
  1,230,912     -880.0        88.0%        -3.369    2.038e+04
  1,231,120     -880.0        88.0%        -3.369    2.038e+04
  1,231,328     -880.0        88.0%        -3.369    2.038e+04
  1,231,536     -880.0        88.0%        -3.369    2.038e+04
  1,231,744     -880.0        88.0%        -3.369    2.038e+04
  1,231,952     -880.0        88.0%        -3.369    2.038e+04
  1,232,160     -880.0        88.0%        -3.369    2.038e+04
  1,232,368     -880.0        88.0%        -3.369    2.038e+04
  1,232,576     -880.0        88.0%        -3.369    2.038e+04
  1,232,784     -880.0        88.0%        -3.369    2.038e+04
  1,232,992     -880.0        88.0%        -3.369    2.141e+04
  1,233,200     -880.0        88.0%        -3.369    2.141e+04
  1,233,408     -880.0        88.0%        -3.369    2.141e+04
  1,233,616     -880.0        88.0%        -3.369    2.141e+04
  1,233,824     -880.0        88.0%        -3.369    2.141e+04
  1,234,032     -880.0        88.0%        -3.369    2.141e+04
  1,234,240     -880.0        88.0%        -3.369    2.141e+04
  1,234,448     -880.0        88.0%        -3.369    2.141e+04
  1,234,656    -1000.0       100.0%        -3.369    2.141e+04
  1,234,864    -1000.0       100.0%        -3.369    2.141e+04
  1,235,072    -1000.0       100.0%        -3.369    2.141e+04
  1,235,280    -1000.0       100.0%        -3.369    2.141e+04
  1,235,488     -880.0        88.0%        -3.369    2.141e+04
  1,235,696     -880.0        88.0%        -3.369    2.141e+04
  1,235,904     -880.0        88.0%        -3.369    2.141e+04
  1,236,112     -880.0        88.0%        -3.369    2.141e+04
  1,236,320     -880.0        88.0%        -3.369    2.141e+04
  1,236,528     -880.0        88.0%        -3.369    2.141e+04
  1,236,736     -880.0        88.0%        -3.369    2.141e+04
  1,236,944     -880.0        88.0%        -3.369    2.141e+04
  1,237,152     -880.0        88.0%        -3.370    1.929e+04
  1,237,360     -880.0        88.0%        -3.370    1.929e+04
  1,237,568     -880.0        88.0%        -3.370    1.929e+04
  1,237,776     -880.0        88.0%        -3.370    1.929e+04
  1,237,984     -880.0        88.0%        -3.370    1.929e+04
  1,238,192     -880.0        88.0%        -3.370    1.929e+04
  1,238,400     -880.0        88.0%        -3.370    1.929e+04
  1,238,608     -880.0        88.0%        -3.370    1.929e+04
  1,238,816     -880.0        88.0%        -3.370    1.929e+04
  1,239,024     -880.0        88.0%        -3.370    1.929e+04
  1,239,232     -880.0        88.0%        -3.370    1.929e+04
  1,239,440     -880.0        88.0%        -3.370    1.929e+04
  1,239,648     -880.0        88.0%        -3.370    1.929e+04
  1,239,856     -880.0        88.0%        -3.370    1.929e+04
  1,240,064     -880.0        88.0%        -3.370    1.929e+04
  1,240,272     -880.0        88.0%        -3.370    1.929e+04
  1,240,480     -880.0        88.0%        -3.370    1.929e+04
  1,240,688     -880.0        88.0%        -3.370    1.929e+04
  1,240,896     -880.0        88.0%        -3.370    1.929e+04
  1,241,104     -880.0        88.0%        -3.370    2.068e+04
  1,241,312     -880.0        88.0%        -3.370    2.068e+04
  1,241,520     -880.0        88.0%        -3.370    2.068e+04
  1,241,728     -880.0        88.0%        -3.370    2.068e+04
  1,241,936     -880.0        88.0%        -3.370    2.068e+04
  1,242,144     -880.0        88.0%        -3.370    2.068e+04
  1,242,352     -880.0        88.0%        -3.370    2.068e+04
  1,242,560     -880.0        88.0%        -3.370    2.068e+04
  1,242,768     -880.0        88.0%        -3.370    2.068e+04
  1,242,976     -880.0        88.0%        -3.370    2.068e+04
  1,243,184     -880.0        88.0%        -3.370    2.068e+04
  1,243,392     -880.0        88.0%        -3.370    2.068e+04
  1,243,600     -880.0        88.0%        -3.370    2.068e+04
  1,243,808     -880.0        88.0%        -3.370    2.068e+04
  1,244,016     -880.0        88.0%        -3.370    2.068e+04
  1,244,224     -880.0        88.0%        -3.370    2.068e+04
  1,244,432     -880.0        88.0%        -3.370    2.068e+04
  1,244,640     -880.0        88.0%        -3.370    2.068e+04
  1,244,848     -880.0        88.0%        -3.370    2.068e+04
  1,245,056     -880.0        88.0%        -3.370    2.068e+04
  1,245,264     -880.0        88.0%        -3.369    1.972e+04
  1,245,472     -880.0        88.0%        -3.369    1.972e+04
  1,245,680     -880.0        88.0%        -3.369    1.972e+04
  1,245,888     -880.0        88.0%        -3.369    1.972e+04
  1,246,096     -880.0        88.0%        -3.369    1.972e+04
  1,246,304     -880.0        88.0%        -3.369    1.972e+04
  1,246,512     -880.0        88.0%        -3.369    1.972e+04
  1,246,720     -880.0        88.0%        -3.369    1.972e+04
  1,246,928     -880.0        88.0%        -3.369    1.972e+04
  1,247,136     -880.0        88.0%        -3.369    1.972e+04
  1,247,344     -880.0        88.0%        -3.369    1.972e+04
  1,247,552     -880.0        88.0%        -3.369    1.972e+04
  1,247,760     -880.0        88.0%        -3.369    1.972e+04
  1,247,968     -880.0        88.0%        -3.369    1.972e+04
  1,248,176     -880.0        88.0%        -3.369    1.972e+04
  1,248,384     -880.0        88.0%        -3.369    1.972e+04
  1,248,592     -880.0        88.0%        -3.369    1.972e+04
  1,248,800     -880.0        88.0%        -3.369    1.972e+04
  1,249,008     -880.0        88.0%        -3.369    1.972e+04
  1,249,216     -880.0        88.0%        -3.369    1.972e+04
  1,249,424     -880.0        88.0%        -3.370    1.945e+04
  1,249,632     -880.0        88.0%        -3.370    1.945e+04
  1,249,840     -880.0        88.0%        -3.370    1.945e+04
  1,250,048     -880.0        88.0%        -3.370    1.945e+04
  1,250,256     -880.0        88.0%        -3.370    1.945e+04
  1,250,464     -880.0        88.0%        -3.370    1.945e+04
  1,250,672     -880.0        88.0%        -3.370    1.945e+04
  1,250,880     -880.0        88.0%        -3.370    1.945e+04
  1,251,088     -880.0        88.0%        -3.370    1.945e+04
  1,251,296     -880.0        88.0%        -3.370    1.945e+04
  1,251,504     -880.0        88.0%        -3.370    1.945e+04
  1,251,712     -880.0        88.0%        -3.370    1.945e+04
  1,251,920     -880.0        88.0%        -3.370    1.945e+04
  1,252,128     -880.0        88.0%        -3.370    1.945e+04
  1,252,336     -880.0        88.0%        -3.370    1.945e+04
  1,252,544     -880.0        88.0%        -3.370    1.945e+04
  1,252,752     -880.0        88.0%        -3.370    1.945e+04
  1,252,960     -880.0        88.0%        -3.370    1.945e+04
  1,253,168     -880.0        88.0%        -3.370    1.945e+04
  1,253,376     -880.0        88.0%        -3.370    1.945e+04
  1,253,584     -880.0        88.0%        -3.370    1.884e+04
  1,253,792     -890.0        89.0%        -3.370    1.884e+04
  1,254,000    -1000.0       100.0%        -3.370    1.884e+04
  1,254,208    -1000.0       100.0%        -3.370    1.884e+04
  1,254,416    -1000.0       100.0%        -3.370    1.884e+04
  1,254,624    -1000.0       100.0%        -3.370    1.884e+04
  1,254,832    -1000.0       100.0%        -3.370    1.884e+04
  1,255,040    -1000.0       100.0%        -3.370    1.884e+04
  1,255,248    -1000.0       100.0%        -3.370    1.884e+04
  1,255,456    -1000.0       100.0%        -3.370    1.884e+04
  1,255,664    -1000.0       100.0%        -3.370    1.884e+04
  1,255,872    -1000.0       100.0%        -3.370    1.884e+04
  1,256,080    -1000.0       100.0%        -3.370    1.884e+04
  1,256,288    -1000.0       100.0%        -3.370    1.884e+04
  1,256,496    -1000.0       100.0%        -3.370    1.884e+04
  1,256,704     -980.0        98.0%        -3.370    1.884e+04
  1,256,912     -880.0        88.0%        -3.370    1.884e+04
  1,257,120     -880.0        88.0%        -3.370    1.884e+04
  1,257,328     -880.0        88.0%        -3.370    1.884e+04
  1,257,536     -880.0        88.0%        -3.371    8.143e+03
  1,257,744     -880.0        88.0%        -3.371    8.143e+03
  1,257,952     -880.0        88.0%        -3.371    8.143e+03
  1,258,160     -880.0        88.0%        -3.371    8.143e+03
  1,258,368     -880.0        88.0%        -3.371    8.143e+03
  1,258,576     -880.0        88.0%        -3.371    8.143e+03
  1,258,784     -880.0        88.0%        -3.371    8.143e+03
  1,258,992     -880.0        88.0%        -3.371    8.143e+03
  1,259,200     -880.0        88.0%        -3.371    8.143e+03
  1,259,408     -990.0        99.0%        -3.371    8.143e+03
  1,259,616     -960.0        96.0%        -3.371    8.143e+03
  1,259,824     -880.0        88.0%        -3.371    8.143e+03
  1,260,032     -880.0        88.0%        -3.371    8.143e+03
  1,260,240     -880.0        88.0%        -3.371    8.143e+03
  1,260,448     -880.0        88.0%        -3.371    8.143e+03
  1,260,656     -880.0        88.0%        -3.371    8.143e+03
  1,260,864     -880.0        88.0%        -3.371    8.143e+03
  1,261,072     -880.0        88.0%        -3.371    8.143e+03
  1,261,280     -880.0        88.0%        -3.371    8.143e+03
  1,261,488     -880.0        88.0%        -3.371    8.143e+03
  1,261,696     -880.0        88.0%        -3.371    1.713e+04
  1,261,904     -880.0        88.0%        -3.371    1.713e+04
  1,262,112     -880.0        88.0%        -3.371    1.713e+04
  1,262,320     -880.0        88.0%        -3.371    1.713e+04
  1,262,528     -880.0        88.0%        -3.371    1.713e+04
  1,262,736     -880.0        88.0%        -3.371    1.713e+04
  1,262,944     -880.0        88.0%        -3.371    1.713e+04
  1,263,152     -880.0        88.0%        -3.371    1.713e+04
  1,263,360     -880.0        88.0%        -3.371    1.713e+04
  1,263,568     -880.0        88.0%        -3.371    1.713e+04
  1,263,776     -880.0        88.0%        -3.371    1.713e+04
  1,263,984     -880.0        88.0%        -3.371    1.713e+04
  1,264,192     -880.0        88.0%        -3.371    1.713e+04
  1,264,400     -880.0        88.0%        -3.371    1.713e+04
  1,264,608     -880.0        88.0%        -3.371    1.713e+04
  1,264,816     -880.0        88.0%        -3.371    1.713e+04
  1,265,024     -880.0        88.0%        -3.371    1.713e+04
  1,265,232     -880.0        88.0%        -3.371    1.713e+04
  1,265,440     -880.0        88.0%        -3.371    1.713e+04
  1,265,648     -880.0        88.0%        -3.371    1.713e+04
  1,265,856     -880.0        88.0%        -3.371    1.637e+04
  1,266,064     -880.0        88.0%        -3.371    1.637e+04
  1,266,272     -880.0        88.0%        -3.371    1.637e+04
  1,266,480     -880.0        88.0%        -3.371    1.637e+04
  1,266,688     -880.0        88.0%        -3.371    1.637e+04
  1,266,896     -880.0        88.0%        -3.371    1.637e+04
  1,267,104     -880.0        88.0%        -3.371    1.637e+04
  1,267,312     -880.0        88.0%        -3.371    1.637e+04
  1,267,520     -880.0        88.0%        -3.371    1.637e+04
  1,267,728     -880.0        88.0%        -3.371    1.637e+04
  1,267,936     -880.0        88.0%        -3.371    1.637e+04
  1,268,144     -880.0        88.0%        -3.371    1.637e+04
  1,268,352     -880.0        88.0%        -3.371    1.637e+04
  1,268,560     -880.0        88.0%        -3.371    1.637e+04
  1,268,768     -910.0        91.0%        -3.371    1.637e+04
  1,268,976    -1000.0       100.0%        -3.371    1.637e+04
  1,269,184    -1000.0       100.0%        -3.371    1.637e+04
  1,269,392    -1000.0       100.0%        -3.371    1.637e+04
  1,269,600     -890.0        89.0%        -3.371    1.637e+04
  1,269,808     -880.0        88.0%        -3.372    1.518e+04
  1,270,016     -880.0        88.0%        -3.372    1.518e+04
  1,270,224     -880.0        88.0%        -3.372    1.518e+04
  1,270,432     -880.0        88.0%        -3.372    1.518e+04
  1,270,640     -950.0        95.0%        -3.372    1.518e+04
  1,270,848    -1000.0       100.0%        -3.372    1.518e+04
  1,271,056     -940.0        94.0%        -3.372    1.518e+04
  1,271,264     -810.0        81.0%        -3.372    1.518e+04
  1,271,472     -880.0        88.0%        -3.372    1.518e+04
  1,271,680     -880.0        88.0%        -3.372    1.518e+04
  1,271,888     -880.0        88.0%        -3.372    1.518e+04
  1,272,096     -880.0        88.0%        -3.372    1.518e+04
  1,272,304     -880.0        88.0%        -3.372    1.518e+04
  1,272,512     -880.0        88.0%        -3.372    1.518e+04
  1,272,720     -880.0        88.0%        -3.372    1.518e+04
  1,272,928     -880.0        88.0%        -3.372    1.518e+04
  1,273,136     -860.0        86.0%        -3.372    1.518e+04
  1,273,344     -760.0        76.0%        -3.372    1.518e+04
  1,273,552     -760.0        76.0%        -3.372    1.518e+04
  1,273,760     -810.0        81.0%        -3.372    1.518e+04
  1,273,968     -880.0        88.0%        -3.373    2.042e+04
  1,274,176     -880.0        88.0%        -3.373    2.042e+04
  1,274,384     -880.0        88.0%        -3.373    2.042e+04
  1,274,592     -880.0        88.0%        -3.373    2.042e+04
  1,274,800     -880.0        88.0%        -3.373    2.042e+04
  1,275,008     -880.0        88.0%        -3.373    2.042e+04
  1,275,216     -880.0        88.0%        -3.373    2.042e+04
  1,275,424     -880.0        88.0%        -3.373    2.042e+04
  1,275,632     -880.0        88.0%        -3.373    2.042e+04
  1,275,840     -880.0        88.0%        -3.373    2.042e+04
  1,276,048     -880.0        88.0%        -3.373    2.042e+04
  1,276,256     -880.0        88.0%        -3.373    2.042e+04
  1,276,464     -880.0        88.0%        -3.373    2.042e+04
  1,276,672     -880.0        88.0%        -3.373    2.042e+04
  1,276,880     -880.0        88.0%        -3.373    2.042e+04
  1,277,088     -880.0        88.0%        -3.373    2.042e+04
  1,277,296     -880.0        88.0%        -3.373    2.042e+04
  1,277,504     -880.0        88.0%        -3.373    2.042e+04
  1,277,712     -880.0        88.0%        -3.373    2.042e+04
  1,277,920     -880.0        88.0%        -3.373    2.042e+04
  1,278,128     -880.0        88.0%        -3.374    1.649e+04
  1,278,336     -880.0        88.0%        -3.374    1.649e+04
  1,278,544     -880.0        88.0%        -3.374    1.649e+04
  1,278,752     -880.0        88.0%        -3.374    1.649e+04
  1,278,960     -880.0        88.0%        -3.374    1.649e+04
  1,279,168     -880.0        88.0%        -3.374    1.649e+04
  1,279,376     -880.0        88.0%        -3.374    1.649e+04
  1,279,584     -880.0        88.0%        -3.374    1.649e+04
  1,279,792     -880.0        88.0%        -3.374    1.649e+04
  1,280,000     -880.0        88.0%        -3.374    1.649e+04
  1,280,208     -880.0        88.0%        -3.374    1.649e+04
  1,280,416     -880.0        88.0%        -3.374    1.649e+04
  1,280,624     -880.0        88.0%        -3.374    1.649e+04
  1,280,832     -880.0        88.0%        -3.374    1.649e+04
  1,281,040     -880.0        88.0%        -3.374    1.649e+04
  1,281,248     -880.0        88.0%        -3.374    1.649e+04
  1,281,456     -880.0        88.0%        -3.374    1.649e+04
  1,281,664     -880.0        88.0%        -3.374    1.649e+04
  1,281,872     -880.0        88.0%        -3.374    1.649e+04

==============================================================================
P1 -- entropy, with the SIGN read correctly
==============================================================================
  entropy_loss first3=-2.835  last3=-3.374
  NOTE: SB3 logs -entropy, so more NEGATIVE = MORE exploration.
  => entropy ROSE (2.84 -> 3.37 nats). The
     policy got MORE exploratory; it did NOT converge to a
     committed behaviour.  Run 1's 'PASS' was a sign bug.
  value_loss first3=2.774e+04 last3=1.649e+04 max=1.281e+05
  (run 1 max was 1.28e5; the TD3+BC divergence failure mode in
   ASSUMPTIONS.md hit 2.2e6, so this is large but not that)

==============================================================================
P2 -- win rate vs opponents (neutral start, car 0 = policy)
==============================================================================
  vs do-nothing      : (20, 20, 0)
  vs random          : (32, 2, 6)
  vs trained self    : (20, 20, 0)
  (run 1, untrained-vs-untrained baseline was (7, 13, 0))

==============================================================================
P3 -- action diversity over 500 steps from varied starts
==============================================================================
  n=500  speed-dim std=0.1697  lane-dim std=0.1900
  P3 (speed std > 0.05): PASS
